2025-10-21 10:48:21,698 - services.admin_manager - INFO - 🔧 AdminManager using database: portaladmins_db at localhost:5432
2025-10-21 10:48:21,752 - services.admin_manager - INFO - 📋 Admin table columns: ['id', 'username', 'service_id', 'is_active', 'permissions', 'created_at', 'updated_at']
2025-10-21 10:48:21,755 - services.admin_manager - WARNING - Таблица 'reset_tokens' не найдена в базе данных
2025-10-21 10:48:21,844 - services.jwt_utils - INFO - JWT Configuration: ALGORITHM=HS256, ACCESS_TOKEN_EXPIRE_MINUTES=1440
2025-10-21 10:48:21,844 - services.jwt_utils - INFO - SECRET_KEY установлена: Да
2025-10-21 10:48:21,916 - api.auth - INFO - Loaded 0 reset tokens from storage
2025-10-21 10:48:21,976 - chat - INFO - Таблицы успешно созданы или уже существуют.
2025-10-21 10:48:21,976 - chat - INFO - Initializing user statuses for existing chats...
2025-10-21 10:48:22,008 - chat - INFO - User statuses initialized successfully
2025-10-21 10:48:22,094 - api.faqs - INFO - SQLAlchemy version: 2.0.41
2025-10-21 10:48:22,126 - api.faqs - INFO - Текущие столбцы таблицы faqs: ['id', 'question', 'answer', 'category', 'created_at', 'updated_at', 'views_count', 'helpful_count', 'not_helpful_count', 'content_html', 'department', 'is_general']
2025-10-21 10:48:31,581 - services.admin_manager - INFO - 🔧 AdminManager using database: portaladmins_db at localhost:5432
2025-10-21 10:48:31,635 - services.admin_manager - INFO - 📋 Admin table columns: ['id', 'username', 'service_id', 'is_active', 'permissions', 'created_at', 'updated_at']
2025-10-21 10:48:31,638 - services.admin_manager - WARNING - Таблица 'reset_tokens' не найдена в базе данных
2025-10-21 10:48:31,720 - services.jwt_utils - INFO - JWT Configuration: ALGORITHM=HS256, ACCESS_TOKEN_EXPIRE_MINUTES=1440
2025-10-21 10:48:31,721 - services.jwt_utils - INFO - SECRET_KEY установлена: Да
2025-10-21 10:48:31,796 - api.auth - INFO - Loaded 0 reset tokens from storage
2025-10-21 10:48:31,858 - chat - INFO - Таблицы успешно созданы или уже существуют.
2025-10-21 10:48:31,858 - chat - INFO - Initializing user statuses for existing chats...
2025-10-21 10:48:31,890 - chat - INFO - User statuses initialized successfully
2025-10-21 10:48:31,976 - api.faqs - INFO - SQLAlchemy version: 2.0.41
2025-10-21 10:48:32,006 - api.faqs - INFO - Текущие столбцы таблицы faqs: ['id', 'question', 'answer', 'category', 'created_at', 'updated_at', 'views_count', 'helpful_count', 'not_helpful_count', 'content_html', 'department', 'is_general']
2025-10-21 10:48:38,476 - services.admin_manager - INFO - 🔧 AdminManager using database: portaladmins_db at localhost:5432
2025-10-21 10:48:38,535 - services.admin_manager - INFO - 📋 Admin table columns: ['id', 'username', 'service_id', 'is_active', 'permissions', 'created_at', 'updated_at']
2025-10-21 10:48:38,539 - services.admin_manager - WARNING - Таблица 'reset_tokens' не найдена в базе данных
2025-10-21 10:48:38,624 - services.jwt_utils - INFO - JWT Configuration: ALGORITHM=HS256, ACCESS_TOKEN_EXPIRE_MINUTES=1440
2025-10-21 10:48:38,624 - services.jwt_utils - INFO - SECRET_KEY установлена: Да
2025-10-21 10:48:38,698 - api.auth - INFO - Loaded 0 reset tokens from storage
2025-10-21 10:48:38,755 - chat - INFO - Таблицы успешно созданы или уже существуют.
2025-10-21 10:48:38,756 - chat - INFO - Initializing user statuses for existing chats...
2025-10-21 10:48:38,785 - chat - INFO - User statuses initialized successfully
2025-10-21 10:48:38,879 - api.faqs - INFO - SQLAlchemy version: 2.0.41
2025-10-21 10:48:38,913 - api.faqs - INFO - Текущие столбцы таблицы faqs: ['id', 'question', 'answer', 'category', 'created_at', 'updated_at', 'views_count', 'helpful_count', 'not_helpful_count', 'content_html', 'department', 'is_general']
2025-10-21 11:22:42,099 - services.admin_manager - INFO - 🔧 AdminManager using database: portaladmins_db at localhost:5432
2025-10-21 11:22:42,162 - services.admin_manager - INFO - 📋 Admin table columns: ['id', 'username', 'service_id', 'is_active', 'permissions', 'created_at', 'updated_at', 'email']
2025-10-21 11:22:42,165 - services.admin_manager - WARNING - Таблица 'reset_tokens' не найдена в базе данных
2025-10-21 11:22:42,256 - services.jwt_utils - INFO - JWT Configuration: ALGORITHM=HS256, ACCESS_TOKEN_EXPIRE_MINUTES=1440
2025-10-21 11:22:42,256 - services.jwt_utils - INFO - SECRET_KEY установлена: Да
2025-10-21 11:22:42,346 - api.auth - INFO - Loaded 0 reset tokens from storage
2025-10-21 11:22:42,405 - chat - INFO - Таблицы успешно созданы или уже существуют.
2025-10-21 11:22:42,405 - chat - INFO - Initializing user statuses for existing chats...
2025-10-21 11:22:42,437 - chat - INFO - User statuses initialized successfully
2025-10-21 11:22:42,528 - api.faqs - INFO - SQLAlchemy version: 2.0.41
2025-10-21 11:22:42,562 - api.faqs - INFO - Текущие столбцы таблицы faqs: ['id', 'question', 'answer', 'category', 'created_at', 'updated_at', 'views_count', 'helpful_count', 'not_helpful_count', 'content_html', 'department', 'is_general']
2025-10-21 11:28:44,138 - services.admin_manager - INFO - 🔧 AdminManager using database: portaladmins_db at localhost:5432
2025-10-21 11:28:44,198 - services.admin_manager - INFO - 📋 Admin table columns: ['id', 'username', 'service_id', 'is_active', 'permissions', 'created_at', 'updated_at', 'email']
2025-10-21 11:28:44,200 - services.admin_manager - WARNING - Таблица 'reset_tokens' не найдена в базе данных
2025-10-21 11:28:44,283 - services.jwt_utils - INFO - JWT Configuration: ALGORITHM=HS256, ACCESS_TOKEN_EXPIRE_MINUTES=1440
2025-10-21 11:28:44,283 - services.jwt_utils - INFO - SECRET_KEY установлена: Да
2025-10-21 11:28:44,357 - api.auth - INFO - Loaded 0 reset tokens from storage
2025-10-21 11:28:44,414 - chat - INFO - Таблицы успешно созданы или уже существуют.
2025-10-21 11:28:44,415 - chat - INFO - Initializing user statuses for existing chats...
2025-10-21 11:28:44,445 - chat - INFO - User statuses initialized successfully
2025-10-21 11:28:44,533 - api.faqs - INFO - SQLAlchemy version: 2.0.41
2025-10-21 11:28:44,566 - api.faqs - INFO - Текущие столбцы таблицы faqs: ['id', 'question', 'answer', 'category', 'created_at', 'updated_at', 'views_count', 'helpful_count', 'not_helpful_count', 'content_html', 'department', 'is_general']
2025-10-21 11:31:52,250 - services.admin_manager - INFO - 🔧 AdminManager using database: portaladmins_db at localhost:5432
2025-10-21 11:31:52,304 - services.admin_manager - INFO - 📋 Admin table columns: ['id', 'username', 'service_id', 'is_active', 'permissions', 'created_at', 'updated_at', 'email']
2025-10-21 11:31:52,306 - services.admin_manager - WARNING - Таблица 'reset_tokens' не найдена в базе данных
2025-10-21 11:31:52,398 - services.jwt_utils - INFO - JWT Configuration: ALGORITHM=HS256, ACCESS_TOKEN_EXPIRE_MINUTES=1440
2025-10-21 11:31:52,398 - services.jwt_utils - INFO - SECRET_KEY установлена: Да
2025-10-21 11:31:52,479 - api.auth - INFO - Loaded 0 reset tokens from storage
2025-10-21 11:31:52,537 - chat - INFO - Таблицы успешно созданы или уже существуют.
2025-10-21 11:31:52,537 - chat - INFO - Initializing user statuses for existing chats...
2025-10-21 11:31:52,570 - chat - INFO - User statuses initialized successfully
2025-10-21 11:31:52,658 - api.faqs - INFO - SQLAlchemy version: 2.0.41
2025-10-21 11:31:52,688 - api.faqs - INFO - Текущие столбцы таблицы faqs: ['id', 'question', 'answer', 'category', 'created_at', 'updated_at', 'views_count', 'helpful_count', 'not_helpful_count', 'content_html', 'department', 'is_general']
2025-10-21 11:48:51,241 - services.admin_manager - INFO - 🔧 AdminManager using database: portaladmins_db at localhost:5432
2025-10-21 11:48:51,294 - services.admin_manager - INFO - 📋 Admin table columns: ['id', 'username', 'service_id', 'is_active', 'permissions', 'created_at', 'updated_at', 'email']
2025-10-21 11:48:51,297 - services.admin_manager - WARNING - Таблица 'reset_tokens' не найдена в базе данных
2025-10-21 11:48:51,376 - services.jwt_utils - INFO - JWT Configuration: ALGORITHM=HS256, ACCESS_TOKEN_EXPIRE_MINUTES=1440
2025-10-21 11:48:51,376 - services.jwt_utils - INFO - SECRET_KEY установлена: Да
2025-10-21 11:48:51,450 - api.auth - INFO - Loaded 0 reset tokens from storage
2025-10-21 11:48:51,513 - chat - INFO - Таблицы успешно созданы или уже существуют.
2025-10-21 11:48:51,513 - chat - INFO - Initializing user statuses for existing chats...
2025-10-21 11:48:51,542 - chat - INFO - User statuses initialized successfully
2025-10-21 11:48:51,643 - api.faqs - INFO - SQLAlchemy version: 2.0.41
2025-10-21 11:48:51,674 - api.faqs - INFO - Текущие столбцы таблицы faqs: ['id', 'question', 'answer', 'category', 'created_at', 'updated_at', 'views_count', 'helpful_count', 'not_helpful_count', 'content_html', 'department', 'is_general']
2025-10-21 11:51:56,285 - services.admin_manager - INFO - 🔧 AdminManager using database: portaladmins_db at localhost:5432
2025-10-21 11:51:56,338 - services.admin_manager - INFO - 📋 Admin table columns: ['id', 'username', 'service_id', 'is_active', 'permissions', 'created_at', 'updated_at', 'email']
2025-10-21 11:51:56,341 - services.admin_manager - WARNING - Таблица 'reset_tokens' не найдена в базе данных
2025-10-21 11:51:56,421 - services.jwt_utils - INFO - JWT Configuration: ALGORITHM=HS256, ACCESS_TOKEN_EXPIRE_MINUTES=1440
2025-10-21 11:51:56,421 - services.jwt_utils - INFO - SECRET_KEY установлена: Да
2025-10-21 11:51:56,491 - api.auth - INFO - Loaded 0 reset tokens from storage
2025-10-21 11:51:56,547 - chat - INFO - Таблицы успешно созданы или уже существуют.
2025-10-21 11:51:56,547 - chat - INFO - Initializing user statuses for existing chats...
2025-10-21 11:51:56,576 - chat - INFO - User statuses initialized successfully
2025-10-21 11:51:56,662 - api.faqs - INFO - SQLAlchemy version: 2.0.41
2025-10-21 11:51:56,690 - api.faqs - INFO - Текущие столбцы таблицы faqs: ['id', 'question', 'answer', 'category', 'created_at', 'updated_at', 'views_count', 'helpful_count', 'not_helpful_count', 'content_html', 'department', 'is_general']
2025-10-21 12:05:11,364 - services.admin_manager - INFO - 🔧 AdminManager using database: portaladmins_db at localhost:5432
2025-10-21 12:05:11,415 - services.admin_manager - INFO - 📋 Admin table columns: ['id', 'username', 'service_id', 'is_active', 'permissions', 'created_at', 'updated_at', 'email']
2025-10-21 12:05:11,418 - services.admin_manager - WARNING - Таблица 'reset_tokens' не найдена в базе данных
2025-10-21 12:05:11,521 - services.jwt_utils - INFO - JWT Configuration: ALGORITHM=HS256, ACCESS_TOKEN_EXPIRE_MINUTES=1440
2025-10-21 12:05:11,521 - services.jwt_utils - INFO - SECRET_KEY установлена: Да
2025-10-21 12:05:11,606 - api.auth - INFO - Loaded 0 reset tokens from storage
2025-10-21 12:05:11,664 - chat - INFO - Таблицы успешно созданы или уже существуют.
2025-10-21 12:05:11,664 - chat - INFO - Initializing user statuses for existing chats...
2025-10-21 12:05:11,693 - chat - INFO - User statuses initialized successfully
2025-10-21 12:05:11,778 - api.faqs - INFO - SQLAlchemy version: 2.0.41
2025-10-21 12:05:11,806 - api.faqs - INFO - Текущие столбцы таблицы faqs: ['id', 'question', 'answer', 'category', 'created_at', 'updated_at', 'views_count', 'helpful_count', 'not_helpful_count', 'content_html', 'department', 'is_general']
2025-10-21 12:10:05,184 - services.admin_manager - INFO - 🔧 AdminManager using database: portaladmins_db at localhost:5432
2025-10-21 12:10:05,242 - services.admin_manager - INFO - 📋 Admin table columns: ['id', 'username', 'service_id', 'is_active', 'permissions', 'created_at', 'updated_at', 'email']
2025-10-21 12:10:05,244 - services.admin_manager - WARNING - Таблица 'reset_tokens' не найдена в базе данных
2025-10-21 12:10:05,326 - services.jwt_utils - INFO - JWT Configuration: ALGORITHM=HS256, ACCESS_TOKEN_EXPIRE_MINUTES=1440
2025-10-21 12:10:05,326 - services.jwt_utils - INFO - SECRET_KEY установлена: Да
2025-10-21 12:10:05,406 - api.auth - INFO - Loaded 0 reset tokens from storage
2025-10-21 12:10:05,462 - chat - INFO - Таблицы успешно созданы или уже существуют.
2025-10-21 12:10:05,462 - chat - INFO - Initializing user statuses for existing chats...
2025-10-21 12:10:05,497 - chat - INFO - User statuses initialized successfully
2025-10-21 12:10:05,585 - api.faqs - INFO - SQLAlchemy version: 2.0.41
2025-10-21 12:10:05,614 - api.faqs - INFO - Текущие столбцы таблицы faqs: ['id', 'question', 'answer', 'category', 'created_at', 'updated_at', 'views_count', 'helpful_count', 'not_helpful_count', 'content_html', 'department', 'is_general']
2025-10-21 12:13:35,474 - services.admin_manager - INFO - 🔧 AdminManager using database: portaladmins_db at localhost:5432
2025-10-21 12:13:35,532 - services.admin_manager - INFO - 📋 Admin table columns: ['id', 'username', 'service_id', 'is_active', 'permissions', 'created_at', 'updated_at', 'email']
2025-10-21 12:13:35,535 - services.admin_manager - WARNING - Таблица 'reset_tokens' не найдена в базе данных
2025-10-21 12:13:35,615 - services.jwt_utils - INFO - JWT Configuration: ALGORITHM=HS256, ACCESS_TOKEN_EXPIRE_MINUTES=1440
2025-10-21 12:13:35,615 - services.jwt_utils - INFO - SECRET_KEY установлена: Да
2025-10-21 12:13:35,703 - api.auth - INFO - Loaded 0 reset tokens from storage
2025-10-21 12:13:35,777 - chat - INFO - Таблицы успешно созданы или уже существуют.
2025-10-21 12:13:35,777 - chat - INFO - Initializing user statuses for existing chats...
2025-10-21 12:13:35,808 - chat - INFO - User statuses initialized successfully
2025-10-21 12:13:35,890 - api.faqs - INFO - SQLAlchemy version: 2.0.41
2025-10-21 12:13:35,920 - api.faqs - INFO - Текущие столбцы таблицы faqs: ['id', 'question', 'answer', 'category', 'created_at', 'updated_at', 'views_count', 'helpful_count', 'not_helpful_count', 'content_html', 'department', 'is_general']
2025-10-21 12:22:05,820 - services.admin_manager - INFO - 🔧 AdminManager using database: portaladmins_db at localhost:5432
2025-10-21 12:22:05,851 - services.admin_manager - ERROR - ❌ Ошибка создания таблиц: (psycopg2.errors.InsufficientPrivilege) permission denied for schema public
LINE 2: CREATE TABLE admin_services (
                     ^

[SQL: 
CREATE TABLE admin_services (
	admin_id INTEGER, 
	service_id INTEGER, 
	created_at TIMESTAMP WITH TIME ZONE DEFAULT now(), 
	FOREIGN KEY(admin_id) REFERENCES admins (id) ON DELETE CASCADE, 
	FOREIGN KEY(service_id) REFERENCES services (id) ON DELETE CASCADE
)

]
(Background on this error at: https://sqlalche.me/e/20/f405)
2025-10-21 12:22:05,934 - services.jwt_utils - INFO - JWT Configuration: ALGORITHM=HS256, ACCESS_TOKEN_EXPIRE_MINUTES=1440
2025-10-21 12:22:05,934 - services.jwt_utils - INFO - SECRET_KEY установлена: Да
2025-10-21 12:22:06,010 - api.auth - INFO - Loaded 0 reset tokens from storage
2025-10-21 12:22:06,065 - chat - INFO - Таблицы успешно созданы или уже существуют.
2025-10-21 12:22:06,066 - chat - INFO - Initializing user statuses for existing chats...
2025-10-21 12:22:06,094 - chat - INFO - User statuses initialized successfully
2025-10-21 12:22:06,177 - api.faqs - INFO - SQLAlchemy version: 2.0.41
2025-10-21 12:22:06,203 - api.faqs - INFO - Текущие столбцы таблицы faqs: ['id', 'question', 'answer', 'category', 'created_at', 'updated_at', 'views_count', 'helpful_count', 'not_helpful_count', 'content_html', 'department', 'is_general']
2025-10-21 12:23:08,309 - services.admin_manager - INFO - 🔧 AdminManager using database: portaladmins_db at localhost:5432
2025-10-21 12:23:08,342 - services.admin_manager - ERROR - ❌ Ошибка создания таблиц: (psycopg2.errors.InsufficientPrivilege) permission denied for schema public
LINE 2: CREATE TABLE admin_services (
                     ^

[SQL: 
CREATE TABLE admin_services (
	admin_id INTEGER, 
	service_id INTEGER, 
	created_at TIMESTAMP WITH TIME ZONE DEFAULT now(), 
	FOREIGN KEY(admin_id) REFERENCES admins (id) ON DELETE CASCADE, 
	FOREIGN KEY(service_id) REFERENCES services (id) ON DELETE CASCADE
)

]
(Background on this error at: https://sqlalche.me/e/20/f405)
2025-10-21 12:23:08,422 - services.jwt_utils - INFO - JWT Configuration: ALGORITHM=HS256, ACCESS_TOKEN_EXPIRE_MINUTES=1440
2025-10-21 12:23:08,422 - services.jwt_utils - INFO - SECRET_KEY установлена: Да
2025-10-21 12:23:08,494 - api.auth - INFO - Loaded 0 reset tokens from storage
2025-10-21 12:23:08,550 - chat - INFO - Таблицы успешно созданы или уже существуют.
2025-10-21 12:23:08,550 - chat - INFO - Initializing user statuses for existing chats...
2025-10-21 12:23:08,577 - chat - INFO - User statuses initialized successfully
2025-10-21 12:23:08,662 - api.faqs - INFO - SQLAlchemy version: 2.0.41
2025-10-21 12:23:08,690 - api.faqs - INFO - Текущие столбцы таблицы faqs: ['id', 'question', 'answer', 'category', 'created_at', 'updated_at', 'views_count', 'helpful_count', 'not_helpful_count', 'content_html', 'department', 'is_general']
2025-10-21 12:23:24,467 - services.admin_manager - INFO - 🔧 AdminManager using database: portaladmins_db at localhost:5432
2025-10-21 12:23:24,523 - services.admin_manager - INFO - 📋 Admin table columns: ['id', 'username', 'service_id', 'is_active', 'permissions', 'created_at', 'updated_at', 'email']
2025-10-21 12:23:24,525 - services.admin_manager - WARNING - Таблица 'reset_tokens' не найдена в базе данных
2025-10-21 12:23:24,609 - services.jwt_utils - INFO - JWT Configuration: ALGORITHM=HS256, ACCESS_TOKEN_EXPIRE_MINUTES=1440
2025-10-21 12:23:24,609 - services.jwt_utils - INFO - SECRET_KEY установлена: Да
2025-10-21 12:23:24,677 - api.auth - INFO - Loaded 0 reset tokens from storage
2025-10-21 12:23:24,730 - chat - INFO - Таблицы успешно созданы или уже существуют.
2025-10-21 12:23:24,730 - chat - INFO - Initializing user statuses for existing chats...
2025-10-21 12:23:24,755 - chat - INFO - User statuses initialized successfully
2025-10-21 12:23:24,837 - api.faqs - INFO - SQLAlchemy version: 2.0.41
2025-10-21 12:23:24,866 - api.faqs - INFO - Текущие столбцы таблицы faqs: ['id', 'question', 'answer', 'category', 'created_at', 'updated_at', 'views_count', 'helpful_count', 'not_helpful_count', 'content_html', 'department', 'is_general']
2025-10-21 12:39:04,195 - services.admin_manager - INFO - 🔧 AdminManager using database: portaladmins_db at localhost:5432
2025-10-21 12:39:04,249 - services.admin_manager - INFO - 📋 Admin table columns: ['id', 'username', 'service_id', 'is_active', 'permissions', 'created_at', 'updated_at', 'email']
2025-10-21 12:39:04,252 - services.admin_manager - WARNING - Таблица 'reset_tokens' не найдена в базе данных
2025-10-21 12:39:04,335 - services.jwt_utils - INFO - JWT Configuration: ALGORITHM=HS256, ACCESS_TOKEN_EXPIRE_MINUTES=1440
2025-10-21 12:39:04,336 - services.jwt_utils - INFO - SECRET_KEY установлена: Да
2025-10-21 12:39:04,407 - api.auth - INFO - Loaded 0 reset tokens from storage
2025-10-21 12:39:59,410 - services.admin_manager - INFO - 🔧 AdminManager using database: portaladmins_db at localhost:5432
2025-10-21 12:39:59,462 - services.admin_manager - INFO - 📋 Admin table columns: ['id', 'username', 'service_id', 'is_active', 'permissions', 'created_at', 'updated_at', 'email']
2025-10-21 12:39:59,464 - services.admin_manager - WARNING - Таблица 'reset_tokens' не найдена в базе данных
2025-10-21 12:39:59,542 - services.jwt_utils - INFO - JWT Configuration: ALGORITHM=HS256, ACCESS_TOKEN_EXPIRE_MINUTES=1440
2025-10-21 12:39:59,543 - services.jwt_utils - INFO - SECRET_KEY установлена: Да
2025-10-21 12:39:59,610 - api.auth - INFO - Loaded 0 reset tokens from storage
2025-10-21 12:39:59,663 - chat - INFO - Таблицы успешно созданы или уже существуют.
2025-10-21 12:39:59,664 - chat - INFO - Initializing user statuses for existing chats...
2025-10-21 12:39:59,690 - chat - INFO - User statuses initialized successfully
2025-10-21 12:39:59,773 - api.faqs - INFO - SQLAlchemy version: 2.0.41
2025-10-21 12:39:59,798 - api.faqs - INFO - Текущие столбцы таблицы faqs: ['id', 'question', 'answer', 'category', 'created_at', 'updated_at', 'views_count', 'helpful_count', 'not_helpful_count', 'content_html', 'department', 'is_general']
2025-10-21 12:40:29,458 - services.admin_manager - INFO - 🔧 AdminManager using database: portaladmins_db at localhost:5432
2025-10-21 12:40:29,516 - services.admin_manager - INFO - 📋 Admin table columns: ['id', 'username', 'service_id', 'is_active', 'permissions', 'created_at', 'updated_at', 'email']
2025-10-21 12:40:29,519 - services.admin_manager - WARNING - Таблица 'reset_tokens' не найдена в базе данных
2025-10-21 12:40:29,597 - services.jwt_utils - INFO - JWT Configuration: ALGORITHM=HS256, ACCESS_TOKEN_EXPIRE_MINUTES=1440
2025-10-21 12:40:29,597 - services.jwt_utils - INFO - SECRET_KEY установлена: Да
2025-10-21 12:40:29,672 - api.auth - INFO - Loaded 0 reset tokens from storage
2025-10-21 12:40:29,726 - chat - INFO - Таблицы успешно созданы или уже существуют.
2025-10-21 12:40:29,727 - chat - INFO - Initializing user statuses for existing chats...
2025-10-21 12:40:29,751 - chat - INFO - User statuses initialized successfully
2025-10-21 12:40:29,830 - api.faqs - INFO - SQLAlchemy version: 2.0.41
2025-10-21 12:40:29,857 - api.faqs - INFO - Текущие столбцы таблицы faqs: ['id', 'question', 'answer', 'category', 'created_at', 'updated_at', 'views_count', 'helpful_count', 'not_helpful_count', 'content_html', 'department', 'is_general']
2025-10-21 12:41:12,061 - services.admin_manager - INFO - 🔧 AdminManager using database: portaladmins_db at localhost:5432
2025-10-21 12:41:12,111 - services.admin_manager - INFO - 📋 Admin table columns: ['id', 'username', 'service_id', 'is_active', 'permissions', 'created_at', 'updated_at', 'email']
2025-10-21 12:41:12,113 - services.admin_manager - WARNING - Таблица 'reset_tokens' не найдена в базе данных
2025-10-21 12:41:12,193 - services.jwt_utils - INFO - JWT Configuration: ALGORITHM=HS256, ACCESS_TOKEN_EXPIRE_MINUTES=1440
2025-10-21 12:41:12,193 - services.jwt_utils - INFO - SECRET_KEY установлена: Да
2025-10-21 12:41:12,264 - api.auth - INFO - Loaded 0 reset tokens from storage
2025-10-21 12:41:12,322 - chat - INFO - Таблицы успешно созданы или уже существуют.
2025-10-21 12:41:12,322 - chat - INFO - Initializing user statuses for existing chats...
2025-10-21 12:41:12,349 - chat - INFO - User statuses initialized successfully
2025-10-21 12:41:12,431 - api.faqs - INFO - SQLAlchemy version: 2.0.41
2025-10-21 12:41:12,459 - api.faqs - INFO - Текущие столбцы таблицы faqs: ['id', 'question', 'answer', 'category', 'created_at', 'updated_at', 'views_count', 'helpful_count', 'not_helpful_count', 'content_html', 'department', 'is_general']
2025-10-21 12:41:24,893 - services.admin_manager - INFO - 🔧 AdminManager using database: portaladmins_db at localhost:5432
2025-10-21 12:41:24,944 - services.admin_manager - INFO - 📋 Admin table columns: ['id', 'username', 'service_id', 'is_active', 'permissions', 'created_at', 'updated_at', 'email']
2025-10-21 12:41:24,947 - services.admin_manager - WARNING - Таблица 'reset_tokens' не найдена в базе данных
2025-10-21 12:41:25,024 - services.jwt_utils - INFO - JWT Configuration: ALGORITHM=HS256, ACCESS_TOKEN_EXPIRE_MINUTES=1440
2025-10-21 12:41:25,025 - services.jwt_utils - INFO - SECRET_KEY установлена: Да
2025-10-21 12:41:25,096 - api.auth - INFO - Loaded 0 reset tokens from storage
2025-10-21 12:41:25,150 - chat - INFO - Таблицы успешно созданы или уже существуют.
2025-10-21 12:41:25,150 - chat - INFO - Initializing user statuses for existing chats...
2025-10-21 12:41:25,175 - chat - INFO - User statuses initialized successfully
2025-10-21 12:41:25,253 - api.faqs - INFO - SQLAlchemy version: 2.0.41
2025-10-21 12:41:25,280 - api.faqs - INFO - Текущие столбцы таблицы faqs: ['id', 'question', 'answer', 'category', 'created_at', 'updated_at', 'views_count', 'helpful_count', 'not_helpful_count', 'content_html', 'department', 'is_general']
2025-10-21 12:47:18,478 - services.admin_manager - INFO - 🔧 AdminManager using database: portaladmins_db at localhost:5432
2025-10-21 12:47:18,528 - services.admin_manager - INFO - 📋 Admin table columns: ['id', 'username', 'service_id', 'is_active', 'permissions', 'created_at', 'updated_at', 'email']
2025-10-21 12:47:18,530 - services.admin_manager - WARNING - Таблица 'reset_tokens' не найдена в базе данных
2025-10-21 12:47:18,610 - services.jwt_utils - INFO - JWT Configuration: ALGORITHM=HS256, ACCESS_TOKEN_EXPIRE_MINUTES=1440
2025-10-21 12:47:18,610 - services.jwt_utils - INFO - SECRET_KEY установлена: Да
2025-10-21 12:47:18,681 - api.auth - INFO - Loaded 0 reset tokens from storage
2025-10-21 12:47:18,737 - chat - INFO - Таблицы успешно созданы или уже существуют.
2025-10-21 12:47:18,737 - chat - INFO - Initializing user statuses for existing chats...
2025-10-21 12:47:18,764 - chat - INFO - User statuses initialized successfully
2025-10-21 12:47:18,842 - api.faqs - INFO - SQLAlchemy version: 2.0.41
2025-10-21 12:47:18,869 - api.faqs - INFO - Текущие столбцы таблицы faqs: ['id', 'question', 'answer', 'category', 'created_at', 'updated_at', 'views_count', 'helpful_count', 'not_helpful_count', 'content_html', 'department', 'is_general']
2025-10-21 13:09:48,332 - services.admin_manager - INFO - 🔧 AdminManager using database: portaladmins_db at localhost:5432
2025-10-21 13:09:48,393 - services.admin_manager - INFO - 📋 Admin table columns: ['id', 'username', 'service_id', 'is_active', 'permissions', 'created_at', 'updated_at', 'email']
2025-10-21 13:09:48,396 - services.admin_manager - WARNING - Таблица 'reset_tokens' не найдена в базе данных
2025-10-21 13:09:48,489 - services.jwt_utils - INFO - JWT Configuration: ALGORITHM=HS256, ACCESS_TOKEN_EXPIRE_MINUTES=1440
2025-10-21 13:09:48,489 - services.jwt_utils - INFO - SECRET_KEY установлена: Да
2025-10-21 13:09:48,564 - api.auth - INFO - Loaded 0 reset tokens from storage
2025-10-21 13:09:48,626 - chat - INFO - Таблицы успешно созданы или уже существуют.
2025-10-21 13:09:48,627 - chat - INFO - Initializing user statuses for existing chats...
2025-10-21 13:09:48,656 - chat - INFO - User statuses initialized successfully
2025-10-21 13:09:48,746 - api.faqs - INFO - SQLAlchemy version: 2.0.41
2025-10-21 13:09:48,782 - api.faqs - INFO - Текущие столбцы таблицы faqs: ['id', 'question', 'answer', 'category', 'created_at', 'updated_at', 'views_count', 'helpful_count', 'not_helpful_count', 'content_html', 'department', 'is_general']
2025-10-21 15:13:28,199 - services.admin_manager - INFO - 🔧 AdminManager using database: portaladmins_db at localhost:5432
2025-10-21 15:13:28,253 - services.admin_manager - INFO - 📋 Admin table columns: ['id', 'username', 'service_id', 'is_active', 'permissions', 'created_at', 'updated_at', 'email']
2025-10-21 15:13:28,255 - services.admin_manager - WARNING - Таблица 'reset_tokens' не найдена в базе данных
2025-10-21 15:13:28,336 - services.jwt_utils - INFO - JWT Configuration: ALGORITHM=HS256, ACCESS_TOKEN_EXPIRE_MINUTES=1440
2025-10-21 15:13:28,336 - services.jwt_utils - INFO - SECRET_KEY установлена: Да
2025-10-21 15:13:28,412 - api.auth - INFO - Loaded 0 reset tokens from storage
2025-10-21 15:13:28,471 - chat - INFO - Таблицы успешно созданы или уже существуют.
2025-10-21 15:13:28,471 - chat - INFO - Initializing user statuses for existing chats...
2025-10-21 15:13:28,512 - chat - INFO - User statuses initialized successfully
2025-10-21 15:13:28,595 - api.faqs - INFO - SQLAlchemy version: 2.0.41
2025-10-21 15:13:28,626 - api.faqs - INFO - Текущие столбцы таблицы faqs: ['id', 'question', 'answer', 'category', 'created_at', 'updated_at', 'views_count', 'helpful_count', 'not_helpful_count', 'content_html', 'department', 'is_general']
2025-10-21 15:15:12,457 - services.admin_manager - INFO - 🔧 AdminManager using database: portaladmins_db at localhost:5432
2025-10-21 15:15:12,515 - services.admin_manager - INFO - 📋 Admin table columns: ['id', 'username', 'service_id', 'is_active', 'permissions', 'created_at', 'updated_at', 'email']
2025-10-21 15:15:12,518 - services.admin_manager - WARNING - Таблица 'reset_tokens' не найдена в базе данных
2025-10-21 15:15:12,603 - services.jwt_utils - INFO - JWT Configuration: ALGORITHM=HS256, ACCESS_TOKEN_EXPIRE_MINUTES=1440
2025-10-21 15:15:12,603 - services.jwt_utils - INFO - SECRET_KEY установлена: Да
2025-10-21 15:15:12,680 - api.auth - INFO - Loaded 0 reset tokens from storage
2025-10-21 15:15:12,740 - chat - INFO - Таблицы успешно созданы или уже существуют.
2025-10-21 15:15:12,741 - chat - INFO - Initializing user statuses for existing chats...
2025-10-21 15:15:12,775 - chat - INFO - User statuses initialized successfully
2025-10-21 15:15:12,858 - api.faqs - INFO - SQLAlchemy version: 2.0.41
2025-10-21 15:15:12,890 - api.faqs - INFO - Текущие столбцы таблицы faqs: ['id', 'question', 'answer', 'category', 'created_at', 'updated_at', 'views_count', 'helpful_count', 'not_helpful_count', 'content_html', 'department', 'is_general']
2025-10-21 15:15:38,443 - services.admin_manager - INFO - 🔧 AdminManager using database: portaladmins_db at localhost:5432
2025-10-21 15:15:38,504 - services.admin_manager - INFO - 📋 Admin table columns: ['id', 'username', 'service_id', 'is_active', 'permissions', 'created_at', 'updated_at', 'email']
2025-10-21 15:15:38,507 - services.admin_manager - WARNING - Таблица 'reset_tokens' не найдена в базе данных
2025-10-21 15:15:38,593 - services.jwt_utils - INFO - JWT Configuration: ALGORITHM=HS256, ACCESS_TOKEN_EXPIRE_MINUTES=1440
2025-10-21 15:15:38,593 - services.jwt_utils - INFO - SECRET_KEY установлена: Да
2025-10-21 15:15:38,669 - api.auth - INFO - Loaded 0 reset tokens from storage
2025-10-21 15:15:38,735 - chat - INFO - Таблицы успешно созданы или уже существуют.
2025-10-21 15:15:38,735 - chat - INFO - Initializing user statuses for existing chats...
2025-10-21 15:15:38,766 - chat - INFO - User statuses initialized successfully
2025-10-21 15:15:38,853 - api.faqs - INFO - SQLAlchemy version: 2.0.41
2025-10-21 15:15:38,882 - api.faqs - INFO - Текущие столбцы таблицы faqs: ['id', 'question', 'answer', 'category', 'created_at', 'updated_at', 'views_count', 'helpful_count', 'not_helpful_count', 'content_html', 'department', 'is_general']
2025-10-21 15:22:49,584 - services.admin_manager - INFO - 🔧 AdminManager using database: portaladmins_db at localhost:5432
2025-10-21 15:22:49,645 - services.admin_manager - INFO - 📋 Admin table columns: ['id', 'username', 'service_id', 'is_active', 'permissions', 'created_at', 'updated_at', 'email']
2025-10-21 15:22:49,647 - services.admin_manager - WARNING - Таблица 'reset_tokens' не найдена в базе данных
2025-10-21 15:22:49,729 - services.jwt_utils - INFO - JWT Configuration: ALGORITHM=HS256, ACCESS_TOKEN_EXPIRE_MINUTES=1440
2025-10-21 15:22:49,729 - services.jwt_utils - INFO - SECRET_KEY установлена: Да
2025-10-21 15:22:49,819 - api.auth - INFO - Loaded 0 reset tokens from storage
2025-10-21 15:22:49,877 - chat - INFO - Таблицы успешно созданы или уже существуют.
2025-10-21 15:22:49,877 - chat - INFO - Initializing user statuses for existing chats...
2025-10-21 15:22:49,909 - chat - INFO - User statuses initialized successfully
2025-10-21 15:22:50,000 - api.faqs - INFO - SQLAlchemy version: 2.0.41
2025-10-21 15:22:50,031 - api.faqs - INFO - Текущие столбцы таблицы faqs: ['id', 'question', 'answer', 'category', 'created_at', 'updated_at', 'views_count', 'helpful_count', 'not_helpful_count', 'content_html', 'department', 'is_general']
2025-10-21 15:23:30,997 - services.admin_manager - INFO - 🔧 AdminManager using database: portaladmins_db at localhost:5432
2025-10-21 15:23:31,054 - services.admin_manager - INFO - 📋 Admin table columns: ['id', 'username', 'service_id', 'is_active', 'permissions', 'created_at', 'updated_at', 'email']
2025-10-21 15:23:31,057 - services.admin_manager - WARNING - Таблица 'reset_tokens' не найдена в базе данных
2025-10-21 15:23:31,145 - services.jwt_utils - INFO - JWT Configuration: ALGORITHM=HS256, ACCESS_TOKEN_EXPIRE_MINUTES=1440
2025-10-21 15:23:31,145 - services.jwt_utils - INFO - SECRET_KEY установлена: Да
2025-10-21 15:23:31,217 - api.auth - INFO - Loaded 0 reset tokens from storage
2025-10-21 15:23:31,277 - chat - INFO - Таблицы успешно созданы или уже существуют.
2025-10-21 15:23:31,277 - chat - INFO - Initializing user statuses for existing chats...
2025-10-21 15:23:31,311 - chat - INFO - User statuses initialized successfully
2025-10-21 15:23:31,397 - api.faqs - INFO - SQLAlchemy version: 2.0.41
2025-10-21 15:23:31,427 - api.faqs - INFO - Текущие столбцы таблицы faqs: ['id', 'question', 'answer', 'category', 'created_at', 'updated_at', 'views_count', 'helpful_count', 'not_helpful_count', 'content_html', 'department', 'is_general']
2025-10-21 15:23:57,825 - services.admin_manager - INFO - 🔧 AdminManager using database: portaladmins_db at localhost:5432
2025-10-21 15:23:57,881 - services.admin_manager - INFO - 📋 Admin table columns: ['id', 'username', 'service_id', 'is_active', 'permissions', 'created_at', 'updated_at', 'email']
2025-10-21 15:23:57,884 - services.admin_manager - WARNING - Таблица 'reset_tokens' не найдена в базе данных
2025-10-21 15:23:57,965 - services.jwt_utils - INFO - JWT Configuration: ALGORITHM=HS256, ACCESS_TOKEN_EXPIRE_MINUTES=1440
2025-10-21 15:23:57,965 - services.jwt_utils - INFO - SECRET_KEY установлена: Да
2025-10-21 15:23:58,041 - api.auth - INFO - Loaded 0 reset tokens from storage
2025-10-21 15:23:58,100 - chat - INFO - Таблицы успешно созданы или уже существуют.
2025-10-21 15:23:58,101 - chat - INFO - Initializing user statuses for existing chats...
2025-10-21 15:23:58,134 - chat - INFO - User statuses initialized successfully
2025-10-21 15:23:58,218 - api.faqs - INFO - SQLAlchemy version: 2.0.41
2025-10-21 15:23:58,245 - api.faqs - INFO - Текущие столбцы таблицы faqs: ['id', 'question', 'answer', 'category', 'created_at', 'updated_at', 'views_count', 'helpful_count', 'not_helpful_count', 'content_html', 'department', 'is_general']
2025-10-21 15:43:18,636 - services.admin_manager - INFO - 🔧 AdminManager using database: portaladmins_db at localhost:5432
2025-10-21 15:43:18,697 - services.admin_manager - INFO - 📋 Admin table columns: ['id', 'username', 'service_id', 'is_active', 'permissions', 'created_at', 'updated_at', 'email']
2025-10-21 15:43:18,700 - services.admin_manager - WARNING - Таблица 'reset_tokens' не найдена в базе данных
2025-10-21 15:43:18,808 - services.jwt_utils - INFO - JWT Configuration: ALGORITHM=HS256, ACCESS_TOKEN_EXPIRE_MINUTES=1440
2025-10-21 15:43:18,809 - services.jwt_utils - INFO - SECRET_KEY установлена: Да
2025-10-21 15:43:18,898 - api.auth - INFO - Loaded 0 reset tokens from storage
2025-10-21 15:43:18,955 - chat - INFO - Таблицы успешно созданы или уже существуют.
2025-10-21 15:43:18,955 - chat - INFO - Initializing user statuses for existing chats...
2025-10-21 15:43:18,989 - chat - INFO - User statuses initialized successfully
2025-10-21 15:43:19,072 - api.faqs - INFO - SQLAlchemy version: 2.0.41
2025-10-21 15:43:19,100 - api.faqs - INFO - Текущие столбцы таблицы faqs: ['id', 'question', 'answer', 'category', 'created_at', 'updated_at', 'views_count', 'helpful_count', 'not_helpful_count', 'content_html', 'department', 'is_general']
2025-10-21 15:43:27,184 - services.admin_manager - INFO - 🔧 AdminManager using database: portaladmins_db at localhost:5432
2025-10-21 15:43:27,245 - services.admin_manager - INFO - 📋 Admin table columns: ['id', 'username', 'service_id', 'is_active', 'permissions', 'created_at', 'updated_at', 'email']
2025-10-21 15:43:27,248 - services.admin_manager - WARNING - Таблица 'reset_tokens' не найдена в базе данных
2025-10-21 15:43:27,333 - services.jwt_utils - INFO - JWT Configuration: ALGORITHM=HS256, ACCESS_TOKEN_EXPIRE_MINUTES=1440
2025-10-21 15:43:27,333 - services.jwt_utils - INFO - SECRET_KEY установлена: Да
2025-10-21 15:43:27,406 - api.auth - INFO - Loaded 0 reset tokens from storage
2025-10-21 15:43:27,459 - chat - INFO - Таблицы успешно созданы или уже существуют.
2025-10-21 15:43:27,459 - chat - INFO - Initializing user statuses for existing chats...
2025-10-21 15:43:27,490 - chat - INFO - User statuses initialized successfully
2025-10-21 15:43:27,572 - api.faqs - INFO - SQLAlchemy version: 2.0.41
2025-10-21 15:43:27,602 - api.faqs - INFO - Текущие столбцы таблицы faqs: ['id', 'question', 'answer', 'category', 'created_at', 'updated_at', 'views_count', 'helpful_count', 'not_helpful_count', 'content_html', 'department', 'is_general']
2025-10-21 15:45:16,571 - services.admin_manager - INFO - 🔧 AdminManager using database: portaladmins_db at localhost:5432
2025-10-21 15:45:16,636 - services.admin_manager - INFO - 📋 Admin table columns: ['id', 'username', 'service_id', 'is_active', 'permissions', 'created_at', 'updated_at', 'email']
2025-10-21 15:45:16,638 - services.admin_manager - WARNING - Таблица 'reset_tokens' не найдена в базе данных
2025-10-21 15:45:16,724 - services.jwt_utils - INFO - JWT Configuration: ALGORITHM=HS256, ACCESS_TOKEN_EXPIRE_MINUTES=1440
2025-10-21 15:45:16,724 - services.jwt_utils - INFO - SECRET_KEY установлена: Да
2025-10-21 15:45:16,797 - api.auth - INFO - Loaded 0 reset tokens from storage
2025-10-21 15:45:16,856 - chat - INFO - Таблицы успешно созданы или уже существуют.
2025-10-21 15:45:16,856 - chat - INFO - Initializing user statuses for existing chats...
2025-10-21 15:45:16,886 - chat - INFO - User statuses initialized successfully
2025-10-21 15:45:16,970 - api.faqs - INFO - SQLAlchemy version: 2.0.41
2025-10-21 15:45:17,002 - api.faqs - INFO - Текущие столбцы таблицы faqs: ['id', 'question', 'answer', 'category', 'created_at', 'updated_at', 'views_count', 'helpful_count', 'not_helpful_count', 'content_html', 'department', 'is_general']
2025-10-21 15:45:22,293 - services.admin_manager - INFO - 🔧 AdminManager using database: portaladmins_db at localhost:5432
2025-10-21 15:45:22,350 - services.admin_manager - INFO - 📋 Admin table columns: ['id', 'username', 'service_id', 'is_active', 'permissions', 'created_at', 'updated_at', 'email']
2025-10-21 15:45:22,352 - services.admin_manager - WARNING - Таблица 'reset_tokens' не найдена в базе данных
2025-10-21 15:45:22,430 - services.jwt_utils - INFO - JWT Configuration: ALGORITHM=HS256, ACCESS_TOKEN_EXPIRE_MINUTES=1440
2025-10-21 15:45:22,431 - services.jwt_utils - INFO - SECRET_KEY установлена: Да
2025-10-21 15:45:22,500 - api.auth - INFO - Loaded 0 reset tokens from storage
2025-10-21 15:45:22,557 - chat - INFO - Таблицы успешно созданы или уже существуют.
2025-10-21 15:45:22,557 - chat - INFO - Initializing user statuses for existing chats...
2025-10-21 15:45:22,586 - chat - INFO - User statuses initialized successfully
2025-10-21 15:45:22,667 - api.faqs - INFO - SQLAlchemy version: 2.0.41
2025-10-21 15:45:22,696 - api.faqs - INFO - Текущие столбцы таблицы faqs: ['id', 'question', 'answer', 'category', 'created_at', 'updated_at', 'views_count', 'helpful_count', 'not_helpful_count', 'content_html', 'department', 'is_general']
2025-10-21 15:46:55,896 - services.admin_manager - INFO - 🔧 AdminManager using database: portaladmins_db at localhost:5432
2025-10-21 15:46:55,946 - services.admin_manager - INFO - 📋 Admin table columns: ['id', 'username', 'service_id', 'is_active', 'permissions', 'created_at', 'updated_at', 'email']
2025-10-21 15:46:55,948 - services.admin_manager - WARNING - Таблица 'reset_tokens' не найдена в базе данных
2025-10-21 15:46:56,025 - services.jwt_utils - INFO - JWT Configuration: ALGORITHM=HS256, ACCESS_TOKEN_EXPIRE_MINUTES=1440
2025-10-21 15:46:56,026 - services.jwt_utils - INFO - SECRET_KEY установлена: Да
2025-10-21 15:46:56,095 - api.auth - INFO - Loaded 0 reset tokens from storage
2025-10-21 15:46:56,152 - chat - INFO - Таблицы успешно созданы или уже существуют.
2025-10-21 15:46:56,152 - chat - INFO - Initializing user statuses for existing chats...
2025-10-21 15:46:56,181 - chat - INFO - User statuses initialized successfully
2025-10-21 15:46:56,264 - api.faqs - INFO - SQLAlchemy version: 2.0.41
2025-10-21 15:46:56,297 - api.faqs - INFO - Текущие столбцы таблицы faqs: ['id', 'question', 'answer', 'category', 'created_at', 'updated_at', 'views_count', 'helpful_count', 'not_helpful_count', 'content_html', 'department', 'is_general']
2025-10-21 15:47:19,135 - services.admin_manager - INFO - 🔧 AdminManager using database: portaladmins_db at localhost:5432
2025-10-21 15:47:19,191 - services.admin_manager - INFO - 📋 Admin table columns: ['id', 'username', 'service_id', 'is_active', 'permissions', 'created_at', 'updated_at', 'email']
2025-10-21 15:47:19,194 - services.admin_manager - WARNING - Таблица 'reset_tokens' не найдена в базе данных
2025-10-21 15:47:19,279 - services.jwt_utils - INFO - JWT Configuration: ALGORITHM=HS256, ACCESS_TOKEN_EXPIRE_MINUTES=1440
2025-10-21 15:47:19,279 - services.jwt_utils - INFO - SECRET_KEY установлена: Да
2025-10-21 15:47:19,354 - api.auth - INFO - Loaded 0 reset tokens from storage
2025-10-21 15:47:19,411 - chat - INFO - Таблицы успешно созданы или уже существуют.
2025-10-21 15:47:19,411 - chat - INFO - Initializing user statuses for existing chats...
2025-10-21 15:47:19,442 - chat - INFO - User statuses initialized successfully
2025-10-21 15:47:19,532 - api.faqs - INFO - SQLAlchemy version: 2.0.41
2025-10-21 15:47:19,563 - api.faqs - INFO - Текущие столбцы таблицы faqs: ['id', 'question', 'answer', 'category', 'created_at', 'updated_at', 'views_count', 'helpful_count', 'not_helpful_count', 'content_html', 'department', 'is_general']
2025-10-21 15:47:28,353 - services.admin_manager - INFO - 🔧 AdminManager using database: portaladmins_db at localhost:5432
2025-10-21 15:47:28,403 - services.admin_manager - INFO - 📋 Admin table columns: ['id', 'username', 'service_id', 'is_active', 'permissions', 'created_at', 'updated_at', 'email']
2025-10-21 15:47:28,406 - services.admin_manager - WARNING - Таблица 'reset_tokens' не найдена в базе данных
2025-10-21 15:47:28,484 - services.jwt_utils - INFO - JWT Configuration: ALGORITHM=HS256, ACCESS_TOKEN_EXPIRE_MINUTES=1440
2025-10-21 15:47:28,484 - services.jwt_utils - INFO - SECRET_KEY установлена: Да
2025-10-21 15:47:28,555 - api.auth - INFO - Loaded 0 reset tokens from storage
2025-10-21 15:47:28,609 - chat - INFO - Таблицы успешно созданы или уже существуют.
2025-10-21 15:47:28,609 - chat - INFO - Initializing user statuses for existing chats...
2025-10-21 15:47:28,638 - chat - INFO - User statuses initialized successfully
2025-10-21 15:47:28,721 - api.faqs - INFO - SQLAlchemy version: 2.0.41
2025-10-21 15:47:28,749 - api.faqs - INFO - Текущие столбцы таблицы faqs: ['id', 'question', 'answer', 'category', 'created_at', 'updated_at', 'views_count', 'helpful_count', 'not_helpful_count', 'content_html', 'department', 'is_general']
2025-10-21 15:47:44,413 - services.admin_manager - INFO - 🔧 AdminManager using database: portaladmins_db at localhost:5432
2025-10-21 15:47:44,468 - services.admin_manager - INFO - 📋 Admin table columns: ['id', 'username', 'service_id', 'is_active', 'permissions', 'created_at', 'updated_at', 'email']
2025-10-21 15:47:44,474 - services.admin_manager - WARNING - Таблица 'reset_tokens' не найдена в базе данных
2025-10-21 15:47:44,554 - services.jwt_utils - INFO - JWT Configuration: ALGORITHM=HS256, ACCESS_TOKEN_EXPIRE_MINUTES=1440
2025-10-21 15:47:44,554 - services.jwt_utils - INFO - SECRET_KEY установлена: Да
2025-10-21 15:47:44,623 - api.auth - INFO - Loaded 0 reset tokens from storage
2025-10-21 15:47:44,680 - chat - INFO - Таблицы успешно созданы или уже существуют.
2025-10-21 15:47:44,680 - chat - INFO - Initializing user statuses for existing chats...
2025-10-21 15:47:44,712 - chat - INFO - User statuses initialized successfully
2025-10-21 15:47:44,796 - api.faqs - INFO - SQLAlchemy version: 2.0.41
2025-10-21 15:47:44,824 - api.faqs - INFO - Текущие столбцы таблицы faqs: ['id', 'question', 'answer', 'category', 'created_at', 'updated_at', 'views_count', 'helpful_count', 'not_helpful_count', 'content_html', 'department', 'is_general']
2025-10-21 15:48:18,556 - services.admin_manager - INFO - 🔧 AdminManager using database: portaladmins_db at localhost:5432
2025-10-21 15:48:18,617 - services.admin_manager - INFO - 📋 Admin table columns: ['id', 'username', 'service_id', 'is_active', 'permissions', 'created_at', 'updated_at', 'email']
2025-10-21 15:48:18,620 - services.admin_manager - WARNING - Таблица 'reset_tokens' не найдена в базе данных
2025-10-21 15:48:18,696 - services.jwt_utils - INFO - JWT Configuration: ALGORITHM=HS256, ACCESS_TOKEN_EXPIRE_MINUTES=1440
2025-10-21 15:48:18,696 - services.jwt_utils - INFO - SECRET_KEY установлена: Да
2025-10-21 15:48:18,774 - api.auth - INFO - Loaded 0 reset tokens from storage
2025-10-21 15:48:18,833 - chat - INFO - Таблицы успешно созданы или уже существуют.
2025-10-21 15:48:18,833 - chat - INFO - Initializing user statuses for existing chats...
2025-10-21 15:48:18,872 - chat - INFO - User statuses initialized successfully
2025-10-21 15:48:18,953 - api.faqs - INFO - SQLAlchemy version: 2.0.41
2025-10-21 15:48:18,983 - api.faqs - INFO - Текущие столбцы таблицы faqs: ['id', 'question', 'answer', 'category', 'created_at', 'updated_at', 'views_count', 'helpful_count', 'not_helpful_count', 'content_html', 'department', 'is_general']
2025-10-21 15:56:55,904 - services.admin_manager - INFO - 🔧 AdminManager using database: portaladmins_db at localhost:5432
2025-10-21 15:56:55,965 - services.admin_manager - INFO - 📋 Admin table columns: ['id', 'username', 'service_id', 'is_active', 'permissions', 'created_at', 'updated_at', 'email']
2025-10-21 15:56:55,969 - services.admin_manager - WARNING - Таблица 'reset_tokens' не найдена в базе данных
2025-10-21 15:56:56,060 - services.jwt_utils - INFO - JWT Configuration: ALGORITHM=HS256, ACCESS_TOKEN_EXPIRE_MINUTES=1440
2025-10-21 15:56:56,060 - services.jwt_utils - INFO - SECRET_KEY установлена: Да
2025-10-21 15:56:56,146 - api.auth - INFO - Loaded 0 reset tokens from storage
2025-10-21 15:56:56,210 - chat - INFO - Таблицы успешно созданы или уже существуют.
2025-10-21 15:56:56,211 - chat - INFO - Initializing user statuses for existing chats...
2025-10-21 15:56:56,268 - chat - INFO - User statuses initialized successfully
2025-10-21 15:56:56,357 - api.faqs - INFO - SQLAlchemy version: 2.0.41
2025-10-21 15:56:56,394 - api.faqs - INFO - Текущие столбцы таблицы faqs: ['id', 'question', 'answer', 'category', 'created_at', 'updated_at', 'views_count', 'helpful_count', 'not_helpful_count', 'content_html', 'department', 'is_general']
2025-10-21 15:57:14,955 - services.admin_manager - INFO - 🔧 AdminManager using database: portaladmins_db at localhost:5432
2025-10-21 15:57:15,028 - services.admin_manager - INFO - 📋 Admin table columns: ['id', 'username', 'service_id', 'is_active', 'permissions', 'created_at', 'updated_at', 'email']
2025-10-21 15:57:15,032 - services.admin_manager - WARNING - Таблица 'reset_tokens' не найдена в базе данных
2025-10-21 15:57:15,143 - services.jwt_utils - INFO - JWT Configuration: ALGORITHM=HS256, ACCESS_TOKEN_EXPIRE_MINUTES=1440
2025-10-21 15:57:15,144 - services.jwt_utils - INFO - SECRET_KEY установлена: Да
2025-10-21 15:57:15,244 - api.auth - INFO - Loaded 0 reset tokens from storage
2025-10-21 15:57:15,317 - chat - INFO - Таблицы успешно созданы или уже существуют.
2025-10-21 15:57:15,318 - chat - INFO - Initializing user statuses for existing chats...
2025-10-21 15:57:15,352 - chat - INFO - User statuses initialized successfully
2025-10-21 15:57:15,443 - api.faqs - INFO - SQLAlchemy version: 2.0.41
2025-10-21 15:57:15,474 - api.faqs - INFO - Текущие столбцы таблицы faqs: ['id', 'question', 'answer', 'category', 'created_at', 'updated_at', 'views_count', 'helpful_count', 'not_helpful_count', 'content_html', 'department', 'is_general']
2025-10-21 15:57:43,758 - services.admin_manager - INFO - 🔧 AdminManager using database: portaladmins_db at localhost:5432
2025-10-21 15:57:43,818 - services.admin_manager - INFO - 📋 Admin table columns: ['id', 'username', 'service_id', 'is_active', 'permissions', 'created_at', 'updated_at', 'email']
2025-10-21 15:57:43,821 - services.admin_manager - WARNING - Таблица 'reset_tokens' не найдена в базе данных
2025-10-21 15:57:43,920 - services.jwt_utils - INFO - JWT Configuration: ALGORITHM=HS256, ACCESS_TOKEN_EXPIRE_MINUTES=1440
2025-10-21 15:57:43,920 - services.jwt_utils - INFO - SECRET_KEY установлена: Да
2025-10-21 15:57:43,997 - api.auth - INFO - Loaded 0 reset tokens from storage
2025-10-21 15:57:44,061 - chat - INFO - Таблицы успешно созданы или уже существуют.
2025-10-21 15:57:44,061 - chat - INFO - Initializing user statuses for existing chats...
2025-10-21 15:57:44,096 - chat - INFO - User statuses initialized successfully
2025-10-21 15:57:44,197 - api.faqs - INFO - SQLAlchemy version: 2.0.41
2025-10-21 15:57:44,230 - api.faqs - INFO - Текущие столбцы таблицы faqs: ['id', 'question', 'answer', 'category', 'created_at', 'updated_at', 'views_count', 'helpful_count', 'not_helpful_count', 'content_html', 'department', 'is_general']
2025-10-21 15:57:55,649 - services.admin_manager - INFO - 🔧 AdminManager using database: portaladmins_db at localhost:5432
2025-10-21 15:57:55,711 - services.admin_manager - INFO - 📋 Admin table columns: ['id', 'username', 'service_id', 'is_active', 'permissions', 'created_at', 'updated_at', 'email']
2025-10-21 15:57:55,714 - services.admin_manager - WARNING - Таблица 'reset_tokens' не найдена в базе данных
2025-10-21 15:57:55,802 - services.jwt_utils - INFO - JWT Configuration: ALGORITHM=HS256, ACCESS_TOKEN_EXPIRE_MINUTES=1440
2025-10-21 15:57:55,802 - services.jwt_utils - INFO - SECRET_KEY установлена: Да
2025-10-21 15:57:55,886 - api.auth - INFO - Loaded 0 reset tokens from storage
2025-10-21 15:57:55,949 - chat - INFO - Таблицы успешно созданы или уже существуют.
2025-10-21 15:57:55,949 - chat - INFO - Initializing user statuses for existing chats...
2025-10-21 15:57:55,983 - chat - INFO - User statuses initialized successfully
2025-10-21 15:57:56,071 - api.faqs - INFO - SQLAlchemy version: 2.0.41
2025-10-21 15:57:56,111 - api.faqs - INFO - Текущие столбцы таблицы faqs: ['id', 'question', 'answer', 'category', 'created_at', 'updated_at', 'views_count', 'helpful_count', 'not_helpful_count', 'content_html', 'department', 'is_general']
2025-10-21 15:58:06,972 - services.admin_manager - INFO - 🔧 AdminManager using database: portaladmins_db at localhost:5432
2025-10-21 15:58:07,029 - services.admin_manager - INFO - 📋 Admin table columns: ['id', 'username', 'service_id', 'is_active', 'permissions', 'created_at', 'updated_at', 'email']
2025-10-21 15:58:07,032 - services.admin_manager - WARNING - Таблица 'reset_tokens' не найдена в базе данных
2025-10-21 15:58:07,118 - services.jwt_utils - INFO - JWT Configuration: ALGORITHM=HS256, ACCESS_TOKEN_EXPIRE_MINUTES=1440
2025-10-21 15:58:07,118 - services.jwt_utils - INFO - SECRET_KEY установлена: Да
2025-10-21 15:58:07,189 - api.auth - INFO - Loaded 0 reset tokens from storage
2025-10-21 15:58:07,246 - chat - INFO - Таблицы успешно созданы или уже существуют.
2025-10-21 15:58:07,246 - chat - INFO - Initializing user statuses for existing chats...
2025-10-21 15:58:07,278 - chat - INFO - User statuses initialized successfully
2025-10-21 15:58:07,362 - api.faqs - INFO - SQLAlchemy version: 2.0.41
2025-10-21 15:58:07,394 - api.faqs - INFO - Текущие столбцы таблицы faqs: ['id', 'question', 'answer', 'category', 'created_at', 'updated_at', 'views_count', 'helpful_count', 'not_helpful_count', 'content_html', 'department', 'is_general']
2025-10-21 16:04:18,240 - services.admin_manager - INFO - 🔧 AdminManager using database: portaladmins_db at localhost:5432
2025-10-21 16:04:18,297 - services.admin_manager - INFO - 📋 Admin table columns: ['id', 'username', 'service_id', 'is_active', 'permissions', 'created_at', 'updated_at', 'email']
2025-10-21 16:04:18,299 - services.admin_manager - WARNING - Таблица 'reset_tokens' не найдена в базе данных
2025-10-21 16:04:18,380 - services.jwt_utils - INFO - JWT Configuration: ALGORITHM=HS256, ACCESS_TOKEN_EXPIRE_MINUTES=1440
2025-10-21 16:04:18,380 - services.jwt_utils - INFO - SECRET_KEY установлена: Да
2025-10-21 16:04:18,452 - api.auth - INFO - Loaded 0 reset tokens from storage
2025-10-21 16:04:18,519 - chat - INFO - Таблицы успешно созданы или уже существуют.
2025-10-21 16:04:18,520 - chat - INFO - Initializing user statuses for existing chats...
2025-10-21 16:04:18,550 - chat - INFO - User statuses initialized successfully
2025-10-21 16:04:18,637 - api.faqs - INFO - SQLAlchemy version: 2.0.41
2025-10-21 16:04:18,665 - api.faqs - INFO - Текущие столбцы таблицы faqs: ['id', 'question', 'answer', 'category', 'created_at', 'updated_at', 'views_count', 'helpful_count', 'not_helpful_count', 'content_html', 'department', 'is_general']
2025-10-21 16:05:06,229 - services.admin_manager - INFO - 🔧 AdminManager using database: portaladmins_db at localhost:5432
2025-10-21 16:05:06,280 - services.admin_manager - INFO - 📋 Admin table columns: ['id', 'username', 'service_id', 'is_active', 'permissions', 'created_at', 'updated_at', 'email']
2025-10-21 16:05:06,283 - services.admin_manager - WARNING - Таблица 'reset_tokens' не найдена в базе данных
2025-10-21 16:05:06,364 - services.jwt_utils - INFO - JWT Configuration: ALGORITHM=HS256, ACCESS_TOKEN_EXPIRE_MINUTES=1440
2025-10-21 16:05:06,364 - services.jwt_utils - INFO - SECRET_KEY установлена: Да
2025-10-21 16:05:06,444 - api.auth - INFO - Loaded 0 reset tokens from storage
2025-10-21 16:05:06,506 - chat - INFO - Таблицы успешно созданы или уже существуют.
2025-10-21 16:05:06,506 - chat - INFO - Initializing user statuses for existing chats...
2025-10-21 16:05:06,540 - chat - INFO - User statuses initialized successfully
2025-10-21 16:05:06,628 - api.faqs - INFO - SQLAlchemy version: 2.0.41
2025-10-21 16:05:06,661 - api.faqs - INFO - Текущие столбцы таблицы faqs: ['id', 'question', 'answer', 'category', 'created_at', 'updated_at', 'views_count', 'helpful_count', 'not_helpful_count', 'content_html', 'department', 'is_general']
2025-10-21 16:05:59,944 - services.admin_manager - INFO - 🔧 AdminManager using database: portaladmins_db at localhost:5432
2025-10-21 16:06:00,029 - services.admin_manager - INFO - 📋 Admin table columns: ['id', 'username', 'service_id', 'is_active', 'permissions', 'created_at', 'updated_at', 'email']
2025-10-21 16:06:00,031 - services.admin_manager - WARNING - Таблица 'reset_tokens' не найдена в базе данных
2025-10-21 16:06:00,119 - services.jwt_utils - INFO - JWT Configuration: ALGORITHM=HS256, ACCESS_TOKEN_EXPIRE_MINUTES=1440
2025-10-21 16:06:00,119 - services.jwt_utils - INFO - SECRET_KEY установлена: Да
2025-10-21 16:06:00,197 - api.auth - INFO - Loaded 0 reset tokens from storage
2025-10-21 16:06:00,255 - chat - INFO - Таблицы успешно созданы или уже существуют.
2025-10-21 16:06:00,255 - chat - INFO - Initializing user statuses for existing chats...
2025-10-21 16:06:00,291 - chat - INFO - User statuses initialized successfully
2025-10-21 16:06:00,381 - api.faqs - INFO - SQLAlchemy version: 2.0.41
2025-10-21 16:06:00,409 - api.faqs - INFO - Текущие столбцы таблицы faqs: ['id', 'question', 'answer', 'category', 'created_at', 'updated_at', 'views_count', 'helpful_count', 'not_helpful_count', 'content_html', 'department', 'is_general']
2025-10-21 16:06:08,108 - services.admin_manager - INFO - 🔧 AdminManager using database: portaladmins_db at localhost:5432
2025-10-21 16:06:08,171 - services.admin_manager - INFO - 📋 Admin table columns: ['id', 'username', 'service_id', 'is_active', 'permissions', 'created_at', 'updated_at', 'email']
2025-10-21 16:06:08,174 - services.admin_manager - WARNING - Таблица 'reset_tokens' не найдена в базе данных
2025-10-21 16:06:08,259 - services.jwt_utils - INFO - JWT Configuration: ALGORITHM=HS256, ACCESS_TOKEN_EXPIRE_MINUTES=1440
2025-10-21 16:06:08,259 - services.jwt_utils - INFO - SECRET_KEY установлена: Да
2025-10-21 16:06:08,333 - api.auth - INFO - Loaded 0 reset tokens from storage
2025-10-21 16:06:08,389 - chat - INFO - Таблицы успешно созданы или уже существуют.
2025-10-21 16:06:08,390 - chat - INFO - Initializing user statuses for existing chats...
2025-10-21 16:06:08,419 - chat - INFO - User statuses initialized successfully
2025-10-21 16:06:08,505 - api.faqs - INFO - SQLAlchemy version: 2.0.41
2025-10-21 16:06:08,531 - api.faqs - INFO - Текущие столбцы таблицы faqs: ['id', 'question', 'answer', 'category', 'created_at', 'updated_at', 'views_count', 'helpful_count', 'not_helpful_count', 'content_html', 'department', 'is_general']
2025-10-21 16:49:57,186 - services.admin_manager - INFO - 🔧 AdminManager using database: portaladmins_db at localhost:5432
2025-10-21 16:49:57,253 - services.admin_manager - INFO - 📋 Admin table columns: ['id', 'username', 'service_id', 'is_active', 'permissions', 'created_at', 'updated_at', 'email']
2025-10-21 16:49:57,256 - services.admin_manager - WARNING - Таблица 'reset_tokens' не найдена в базе данных
2025-10-21 16:49:57,345 - services.jwt_utils - INFO - JWT Configuration: ALGORITHM=HS256, ACCESS_TOKEN_EXPIRE_MINUTES=1440
2025-10-21 16:49:57,345 - services.jwt_utils - INFO - SECRET_KEY установлена: Да
2025-10-21 16:49:57,427 - api.auth - INFO - Loaded 0 reset tokens from storage
2025-10-21 16:49:57,514 - chat - INFO - Таблицы успешно созданы или уже существуют.
2025-10-21 16:49:57,514 - chat - INFO - Initializing user statuses for existing chats...
2025-10-21 16:49:57,548 - chat - INFO - User statuses initialized successfully
2025-10-21 16:49:57,642 - api.faqs - INFO - SQLAlchemy version: 2.0.41
2025-10-21 16:49:57,677 - api.faqs - INFO - Текущие столбцы таблицы faqs: ['id', 'question', 'answer', 'category', 'created_at', 'updated_at', 'views_count', 'helpful_count', 'not_helpful_count', 'content_html', 'department', 'is_general']
2025-10-21 17:25:49,388 - services.admin_manager - INFO - 🔧 AdminManager using database: portaladmins_db at localhost:5432
2025-10-21 17:25:49,449 - services.admin_manager - INFO - 📋 Admin table columns: ['id', 'username', 'service_id', 'is_active', 'permissions', 'created_at', 'updated_at', 'email']
2025-10-21 17:25:49,452 - services.admin_manager - WARNING - Таблица 'reset_tokens' не найдена в базе данных
2025-10-21 17:25:49,544 - services.jwt_utils - INFO - JWT Configuration: ALGORITHM=HS256, ACCESS_TOKEN_EXPIRE_MINUTES=1440
2025-10-21 17:25:49,544 - services.jwt_utils - INFO - SECRET_KEY установлена: Да
2025-10-21 17:25:49,622 - api.auth - INFO - Loaded 0 reset tokens from storage
2025-10-21 17:25:49,695 - chat - INFO - Таблицы успешно созданы или уже существуют.
2025-10-21 17:25:49,696 - chat - INFO - Initializing user statuses for existing chats...
2025-10-21 17:25:49,727 - chat - INFO - User statuses initialized successfully
2025-10-21 17:25:49,812 - api.faqs - INFO - SQLAlchemy version: 2.0.41
2025-10-21 17:25:49,844 - api.faqs - INFO - Текущие столбцы таблицы faqs: ['id', 'question', 'answer', 'category', 'created_at', 'updated_at', 'views_count', 'helpful_count', 'not_helpful_count', 'content_html', 'department', 'is_general']
2025-10-23 12:02:19,198 - services.admin_manager - INFO - 🔧 AdminManager using database: portaladmins_db at localhost:5432
2025-10-23 12:02:19,255 - services.admin_manager - INFO - 📋 Admin table columns: ['id', 'username', 'service_id', 'is_active', 'permissions', 'created_at', 'updated_at', 'email']
2025-10-23 12:02:19,258 - services.admin_manager - WARNING - Таблица 'reset_tokens' не найдена в базе данных
2025-10-23 12:02:19,349 - services.jwt_utils - INFO - JWT Configuration: ALGORITHM=HS256, ACCESS_TOKEN_EXPIRE_MINUTES=1440
2025-10-23 12:02:19,349 - services.jwt_utils - INFO - SECRET_KEY установлена: Да
2025-10-23 12:02:19,425 - api.auth - INFO - Loaded 0 reset tokens from storage
2025-10-23 12:02:19,511 - chat - INFO - Таблицы успешно созданы или уже существуют.
2025-10-23 12:02:19,511 - chat - INFO - Initializing user statuses for existing chats...
2025-10-23 12:02:19,552 - chat - INFO - User statuses initialized successfully
2025-10-23 12:02:19,652 - api.faqs - INFO - SQLAlchemy version: 2.0.41
2025-10-23 12:02:19,686 - api.faqs - INFO - Текущие столбцы таблицы faqs: ['id', 'question', 'answer', 'category', 'created_at', 'updated_at', 'views_count', 'helpful_count', 'not_helpful_count', 'content_html', 'department', 'is_general']
2025-10-23 12:23:05,440 - services.admin_manager - INFO - 🔧 AdminManager using database: portaladmins_db at localhost:5432
2025-10-23 12:23:05,498 - services.admin_manager - INFO - 📋 Admin table columns: ['id', 'username', 'service_id', 'is_active', 'permissions', 'created_at', 'updated_at', 'email']
2025-10-23 12:23:05,501 - services.admin_manager - WARNING - Таблица 'reset_tokens' не найдена в базе данных
2025-10-23 12:23:05,582 - services.jwt_utils - INFO - JWT Configuration: ALGORITHM=HS256, ACCESS_TOKEN_EXPIRE_MINUTES=1440
2025-10-23 12:23:05,582 - services.jwt_utils - INFO - SECRET_KEY установлена: Да
2025-10-23 12:23:05,656 - api.auth - INFO - Loaded 0 reset tokens from storage
2025-10-23 12:23:05,737 - chat - INFO - Таблицы успешно созданы или уже существуют.
2025-10-23 12:23:05,737 - chat - INFO - Initializing user statuses for existing chats...
2025-10-23 12:23:05,790 - chat - INFO - User statuses initialized successfully
2025-10-23 12:23:05,886 - api.faqs - INFO - SQLAlchemy version: 2.0.41
2025-10-23 12:23:05,915 - api.faqs - INFO - Текущие столбцы таблицы faqs: ['id', 'question', 'answer', 'category', 'created_at', 'updated_at', 'views_count', 'helpful_count', 'not_helpful_count', 'content_html', 'department', 'is_general']
2025-10-23 12:51:48,600 - services.admin_manager - INFO - 🔧 AdminManager using database: portaladmins_db at localhost:5432
2025-10-23 12:51:48,659 - services.admin_manager - INFO - 📋 Admin table columns: ['id', 'username', 'service_id', 'is_active', 'permissions', 'created_at', 'updated_at', 'email']
2025-10-23 12:51:48,661 - services.admin_manager - WARNING - Таблица 'reset_tokens' не найдена в базе данных
2025-10-23 12:51:48,747 - services.jwt_utils - INFO - JWT Configuration: ALGORITHM=HS256, ACCESS_TOKEN_EXPIRE_MINUTES=1440
2025-10-23 12:51:48,747 - services.jwt_utils - INFO - SECRET_KEY установлена: Да
2025-10-23 12:51:48,820 - api.auth - INFO - Loaded 0 reset tokens from storage
2025-10-23 12:51:48,882 - chat - INFO - Таблицы успешно созданы или уже существуют.
2025-10-23 12:51:48,882 - chat - INFO - Initializing user statuses for existing chats...
2025-10-23 12:51:48,928 - chat - INFO - User statuses initialized successfully
2025-10-23 12:51:49,015 - api.faqs - INFO - SQLAlchemy version: 2.0.41
2025-10-23 12:51:49,044 - api.faqs - INFO - Текущие столбцы таблицы faqs: ['id', 'question', 'answer', 'category', 'created_at', 'updated_at', 'views_count', 'helpful_count', 'not_helpful_count', 'content_html', 'department', 'is_general']
2025-10-23 12:51:52,333 - services.admin_manager - INFO - 🔧 AdminManager using database: portaladmins_db at localhost:5432
2025-10-23 12:51:52,385 - services.admin_manager - INFO - 📋 Admin table columns: ['id', 'username', 'service_id', 'is_active', 'permissions', 'created_at', 'updated_at', 'email']
2025-10-23 12:51:52,387 - services.admin_manager - WARNING - Таблица 'reset_tokens' не найдена в базе данных
2025-10-23 12:51:52,465 - services.jwt_utils - INFO - JWT Configuration: ALGORITHM=HS256, ACCESS_TOKEN_EXPIRE_MINUTES=1440
2025-10-23 12:51:52,465 - services.jwt_utils - INFO - SECRET_KEY установлена: Да
2025-10-23 12:51:52,548 - api.auth - INFO - Loaded 0 reset tokens from storage
2025-10-23 12:51:52,610 - chat - INFO - Таблицы успешно созданы или уже существуют.
2025-10-23 12:51:52,610 - chat - INFO - Initializing user statuses for existing chats...
2025-10-23 12:51:52,647 - chat - INFO - User statuses initialized successfully
2025-10-23 12:51:52,733 - api.faqs - INFO - SQLAlchemy version: 2.0.41
2025-10-23 12:51:52,763 - api.faqs - INFO - Текущие столбцы таблицы faqs: ['id', 'question', 'answer', 'category', 'created_at', 'updated_at', 'views_count', 'helpful_count', 'not_helpful_count', 'content_html', 'department', 'is_general']
2025-10-23 12:52:01,348 - services.admin_manager - INFO - 🔧 AdminManager using database: portaladmins_db at localhost:5432
2025-10-23 12:52:01,401 - services.admin_manager - INFO - 📋 Admin table columns: ['id', 'username', 'service_id', 'is_active', 'permissions', 'created_at', 'updated_at', 'email']
2025-10-23 12:52:01,404 - services.admin_manager - WARNING - Таблица 'reset_tokens' не найдена в базе данных
2025-10-23 12:52:01,480 - services.jwt_utils - INFO - JWT Configuration: ALGORITHM=HS256, ACCESS_TOKEN_EXPIRE_MINUTES=1440
2025-10-23 12:52:01,480 - services.jwt_utils - INFO - SECRET_KEY установлена: Да
2025-10-23 12:52:01,554 - api.auth - INFO - Loaded 0 reset tokens from storage
2025-10-23 12:52:01,612 - chat - INFO - Таблицы успешно созданы или уже существуют.
2025-10-23 12:52:01,613 - chat - INFO - Initializing user statuses for existing chats...
2025-10-23 12:52:01,646 - chat - INFO - User statuses initialized successfully
2025-10-23 12:52:01,733 - api.faqs - INFO - SQLAlchemy version: 2.0.41
2025-10-23 12:52:01,764 - api.faqs - INFO - Текущие столбцы таблицы faqs: ['id', 'question', 'answer', 'category', 'created_at', 'updated_at', 'views_count', 'helpful_count', 'not_helpful_count', 'content_html', 'department', 'is_general']
2025-10-23 12:52:23,995 - services.admin_manager - INFO - 🔧 AdminManager using database: portaladmins_db at localhost:5432
2025-10-23 12:52:24,055 - services.admin_manager - INFO - 📋 Admin table columns: ['id', 'username', 'service_id', 'is_active', 'permissions', 'created_at', 'updated_at', 'email']
2025-10-23 12:52:24,057 - services.admin_manager - WARNING - Таблица 'reset_tokens' не найдена в базе данных
2025-10-23 12:52:24,151 - services.jwt_utils - INFO - JWT Configuration: ALGORITHM=HS256, ACCESS_TOKEN_EXPIRE_MINUTES=1440
2025-10-23 12:52:24,151 - services.jwt_utils - INFO - SECRET_KEY установлена: Да
2025-10-23 12:52:24,238 - api.auth - INFO - Loaded 0 reset tokens from storage
2025-10-23 12:52:24,309 - chat - INFO - Таблицы успешно созданы или уже существуют.
2025-10-23 12:52:24,309 - chat - INFO - Initializing user statuses for existing chats...
2025-10-23 12:52:24,353 - chat - INFO - User statuses initialized successfully
2025-10-23 12:52:24,443 - api.faqs - INFO - SQLAlchemy version: 2.0.41
2025-10-23 12:52:24,482 - api.faqs - INFO - Текущие столбцы таблицы faqs: ['id', 'question', 'answer', 'category', 'created_at', 'updated_at', 'views_count', 'helpful_count', 'not_helpful_count', 'content_html', 'department', 'is_general']
2025-10-23 12:52:30,583 - services.admin_manager - INFO - 🔧 AdminManager using database: portaladmins_db at localhost:5432
2025-10-23 12:52:30,639 - services.admin_manager - INFO - 📋 Admin table columns: ['id', 'username', 'service_id', 'is_active', 'permissions', 'created_at', 'updated_at', 'email']
2025-10-23 12:52:30,642 - services.admin_manager - WARNING - Таблица 'reset_tokens' не найдена в базе данных
2025-10-23 12:52:30,724 - services.jwt_utils - INFO - JWT Configuration: ALGORITHM=HS256, ACCESS_TOKEN_EXPIRE_MINUTES=1440
2025-10-23 12:52:30,724 - services.jwt_utils - INFO - SECRET_KEY установлена: Да
2025-10-23 12:52:30,796 - api.auth - INFO - Loaded 0 reset tokens from storage
2025-10-23 12:52:30,857 - chat - INFO - Таблицы успешно созданы или уже существуют.
2025-10-23 12:52:30,857 - chat - INFO - Initializing user statuses for existing chats...
2025-10-23 12:52:30,892 - chat - INFO - User statuses initialized successfully
2025-10-23 12:52:30,981 - api.faqs - INFO - SQLAlchemy version: 2.0.41
2025-10-23 12:52:31,011 - api.faqs - INFO - Текущие столбцы таблицы faqs: ['id', 'question', 'answer', 'category', 'created_at', 'updated_at', 'views_count', 'helpful_count', 'not_helpful_count', 'content_html', 'department', 'is_general']
2025-10-23 12:53:00,485 - services.admin_manager - INFO - 🔧 AdminManager using database: portaladmins_db at localhost:5432
2025-10-23 12:53:00,542 - services.admin_manager - INFO - 📋 Admin table columns: ['id', 'username', 'service_id', 'is_active', 'permissions', 'created_at', 'updated_at', 'email']
2025-10-23 12:53:00,544 - services.admin_manager - WARNING - Таблица 'reset_tokens' не найдена в базе данных
2025-10-23 12:53:00,632 - services.jwt_utils - INFO - JWT Configuration: ALGORITHM=HS256, ACCESS_TOKEN_EXPIRE_MINUTES=1440
2025-10-23 12:53:00,632 - services.jwt_utils - INFO - SECRET_KEY установлена: Да
2025-10-23 12:53:00,708 - api.auth - INFO - Loaded 0 reset tokens from storage
2025-10-23 12:53:00,773 - chat - INFO - Таблицы успешно созданы или уже существуют.
2025-10-23 12:53:00,773 - chat - INFO - Initializing user statuses for existing chats...
2025-10-23 12:53:00,813 - chat - INFO - User statuses initialized successfully
2025-10-23 12:53:00,897 - api.faqs - INFO - SQLAlchemy version: 2.0.41
2025-10-23 12:53:00,923 - api.faqs - INFO - Текущие столбцы таблицы faqs: ['id', 'question', 'answer', 'category', 'created_at', 'updated_at', 'views_count', 'helpful_count', 'not_helpful_count', 'content_html', 'department', 'is_general']
2025-10-23 12:56:36,680 - services.admin_manager - INFO - 🔧 AdminManager using database: portaladmins_db at localhost:5432
2025-10-23 12:56:36,742 - services.admin_manager - INFO - 📋 Admin table columns: ['id', 'username', 'service_id', 'is_active', 'permissions', 'created_at', 'updated_at', 'email']
2025-10-23 12:56:36,745 - services.admin_manager - WARNING - Таблица 'reset_tokens' не найдена в базе данных
2025-10-23 12:56:36,846 - services.jwt_utils - INFO - JWT Configuration: ALGORITHM=HS256, ACCESS_TOKEN_EXPIRE_MINUTES=1440
2025-10-23 12:56:36,846 - services.jwt_utils - INFO - SECRET_KEY установлена: Да
2025-10-23 12:56:36,846 - services.jwt_utils - INFO - JWTService инициализирован с настройками: {'access_token_expire_minutes': 1440, 'refresh_token_expire_days': 7, 'algorithm': 'HS256'}
2025-10-23 12:56:36,946 - api.auth - INFO - Loaded 0 reset tokens from storage
2025-10-23 12:56:37,006 - chat - INFO - Таблицы успешно созданы или уже существуют.
2025-10-23 12:56:37,006 - chat - INFO - Initializing user statuses for existing chats...
2025-10-23 12:56:37,053 - chat - INFO - User statuses initialized successfully
2025-10-23 12:56:37,144 - api.faqs - INFO - SQLAlchemy version: 2.0.41
2025-10-23 12:56:37,175 - api.faqs - INFO - Текущие столбцы таблицы faqs: ['id', 'question', 'answer', 'category', 'created_at', 'updated_at', 'views_count', 'helpful_count', 'not_helpful_count', 'content_html', 'department', 'is_general']
2025-10-23 12:57:42,639 - services.admin_manager - INFO - 🔧 AdminManager using database: portaladmins_db at localhost:5432
2025-10-23 12:57:42,692 - services.admin_manager - INFO - 📋 Admin table columns: ['id', 'username', 'service_id', 'is_active', 'permissions', 'created_at', 'updated_at', 'email']
2025-10-23 12:57:42,694 - services.admin_manager - WARNING - Таблица 'reset_tokens' не найдена в базе данных
2025-10-23 12:57:42,780 - services.jwt_utils - INFO - JWT Configuration: ALGORITHM=HS256, ACCESS_TOKEN_EXPIRE_MINUTES=1440
2025-10-23 12:57:42,780 - services.jwt_utils - INFO - SECRET_KEY установлена: Да
2025-10-23 12:57:42,780 - services.jwt_utils - INFO - JWTService инициализирован с настройками: {'access_token_expire_minutes': 1440, 'refresh_token_expire_days': 7, 'algorithm': 'HS256'}
2025-10-23 12:57:42,851 - api.auth - INFO - Loaded 0 reset tokens from storage
2025-10-23 12:57:42,908 - chat - INFO - Таблицы успешно созданы или уже существуют.
2025-10-23 12:57:42,908 - chat - INFO - Initializing user statuses for existing chats...
2025-10-23 12:57:42,946 - chat - INFO - User statuses initialized successfully
2025-10-23 12:57:43,035 - api.faqs - INFO - SQLAlchemy version: 2.0.41
2025-10-23 12:57:43,066 - api.faqs - INFO - Текущие столбцы таблицы faqs: ['id', 'question', 'answer', 'category', 'created_at', 'updated_at', 'views_count', 'helpful_count', 'not_helpful_count', 'content_html', 'department', 'is_general']
2025-10-23 12:57:49,015 - services.admin_manager - INFO - 🔧 AdminManager using database: portaladmins_db at localhost:5432
2025-10-23 12:57:49,080 - services.admin_manager - INFO - 📋 Admin table columns: ['id', 'username', 'service_id', 'is_active', 'permissions', 'created_at', 'updated_at', 'email']
2025-10-23 12:57:49,083 - services.admin_manager - WARNING - Таблица 'reset_tokens' не найдена в базе данных
2025-10-23 12:57:49,182 - services.jwt_utils - INFO - JWT Configuration: ALGORITHM=HS256, ACCESS_TOKEN_EXPIRE_MINUTES=1440
2025-10-23 12:57:49,183 - services.jwt_utils - INFO - SECRET_KEY установлена: Да
2025-10-23 12:57:49,183 - services.jwt_utils - INFO - JWTService инициализирован с настройками: {'access_token_expire_minutes': 1440, 'refresh_token_expire_days': 7, 'algorithm': 'HS256'}
2025-10-23 12:57:49,257 - api.auth - INFO - Loaded 0 reset tokens from storage
2025-10-23 12:57:49,319 - chat - INFO - Таблицы успешно созданы или уже существуют.
2025-10-23 12:57:49,320 - chat - INFO - Initializing user statuses for existing chats...
2025-10-23 12:57:49,362 - chat - INFO - User statuses initialized successfully
2025-10-23 12:57:49,452 - api.faqs - INFO - SQLAlchemy version: 2.0.41
2025-10-23 12:57:49,492 - api.faqs - INFO - Текущие столбцы таблицы faqs: ['id', 'question', 'answer', 'category', 'created_at', 'updated_at', 'views_count', 'helpful_count', 'not_helpful_count', 'content_html', 'department', 'is_general']
2025-10-23 12:59:14,511 - services.admin_manager - INFO - 🔧 AdminManager using database: portaladmins_db at localhost:5432
2025-10-23 12:59:14,573 - services.admin_manager - INFO - 📋 Admin table columns: ['id', 'username', 'service_id', 'is_active', 'permissions', 'created_at', 'updated_at', 'email']
2025-10-23 12:59:14,576 - services.admin_manager - WARNING - Таблица 'reset_tokens' не найдена в базе данных
2025-10-23 12:59:14,659 - services.jwt_utils - INFO - JWT Configuration: ALGORITHM=HS256, ACCESS_TOKEN_EXPIRE_MINUTES=1440
2025-10-23 12:59:14,659 - services.jwt_utils - INFO - SECRET_KEY установлена: Да
2025-10-23 12:59:14,659 - services.jwt_utils - INFO - JWTService инициализирован с настройками: {'access_token_expire_minutes': 1440, 'refresh_token_expire_days': 7, 'algorithm': 'HS256'}
2025-10-23 12:59:14,734 - api.auth - INFO - Loaded 0 reset tokens from storage
2025-10-23 12:59:14,797 - chat - INFO - Таблицы успешно созданы или уже существуют.
2025-10-23 12:59:14,798 - chat - INFO - Initializing user statuses for existing chats...
2025-10-23 12:59:14,834 - chat - INFO - User statuses initialized successfully
2025-10-23 12:59:14,931 - api.faqs - INFO - SQLAlchemy version: 2.0.41
2025-10-23 12:59:14,963 - api.faqs - INFO - Текущие столбцы таблицы faqs: ['id', 'question', 'answer', 'category', 'created_at', 'updated_at', 'views_count', 'helpful_count', 'not_helpful_count', 'content_html', 'department', 'is_general']
2025-10-23 12:59:41,956 - services.admin_manager - INFO - 🔧 AdminManager using database: portaladmins_db at localhost:5432
2025-10-23 12:59:42,019 - services.admin_manager - INFO - 📋 Admin table columns: ['id', 'username', 'service_id', 'is_active', 'permissions', 'created_at', 'updated_at', 'email']
2025-10-23 12:59:42,022 - services.admin_manager - WARNING - Таблица 'reset_tokens' не найдена в базе данных
2025-10-23 12:59:42,110 - services.jwt_utils - INFO - JWT Configuration: ALGORITHM=HS256, ACCESS_TOKEN_EXPIRE_MINUTES=1440
2025-10-23 12:59:42,110 - services.jwt_utils - INFO - SECRET_KEY установлена: Да
2025-10-23 12:59:42,111 - services.jwt_utils - INFO - JWTService инициализирован с настройками: {'access_token_expire_minutes': 1440, 'refresh_token_expire_days': 7, 'algorithm': 'HS256'}
2025-10-23 12:59:42,184 - api.auth - INFO - Loaded 0 reset tokens from storage
2025-10-23 12:59:42,248 - chat - INFO - Таблицы успешно созданы или уже существуют.
2025-10-23 12:59:42,249 - chat - INFO - Initializing user statuses for existing chats...
2025-10-23 12:59:42,285 - chat - INFO - User statuses initialized successfully
2025-10-23 12:59:42,372 - api.faqs - INFO - SQLAlchemy version: 2.0.41
2025-10-23 12:59:42,402 - api.faqs - INFO - Текущие столбцы таблицы faqs: ['id', 'question', 'answer', 'category', 'created_at', 'updated_at', 'views_count', 'helpful_count', 'not_helpful_count', 'content_html', 'department', 'is_general']
2025-10-23 13:00:06,033 - services.admin_manager - INFO - 🔧 AdminManager using database: portaladmins_db at localhost:5432
2025-10-23 13:00:06,094 - services.admin_manager - INFO - 📋 Admin table columns: ['id', 'username', 'service_id', 'is_active', 'permissions', 'created_at', 'updated_at', 'email']
2025-10-23 13:00:06,097 - services.admin_manager - WARNING - Таблица 'reset_tokens' не найдена в базе данных
2025-10-23 13:00:06,174 - services.jwt_utils - INFO - JWT Configuration: ALGORITHM=HS256, ACCESS_TOKEN_EXPIRE_MINUTES=1440
2025-10-23 13:00:06,175 - services.jwt_utils - INFO - SECRET_KEY установлена: Да
2025-10-23 13:00:06,175 - services.jwt_utils - INFO - JWTService инициализирован с настройками: {'access_token_expire_minutes': 1440, 'refresh_token_expire_days': 7, 'algorithm': 'HS256'}
2025-10-23 13:00:06,248 - api.auth - INFO - Loaded 0 reset tokens from storage
2025-10-23 13:00:06,307 - chat - INFO - Таблицы успешно созданы или уже существуют.
2025-10-23 13:00:06,308 - chat - INFO - Initializing user statuses for existing chats...
2025-10-23 13:00:06,348 - chat - INFO - User statuses initialized successfully
2025-10-23 13:00:06,432 - api.faqs - INFO - SQLAlchemy version: 2.0.41
2025-10-23 13:00:06,466 - api.faqs - INFO - Текущие столбцы таблицы faqs: ['id', 'question', 'answer', 'category', 'created_at', 'updated_at', 'views_count', 'helpful_count', 'not_helpful_count', 'content_html', 'department', 'is_general']
2025-10-23 13:08:42,073 - services.admin_manager - INFO - 🔧 AdminManager using database: portaladmins_db at localhost:5432
2025-10-23 13:08:42,147 - services.admin_manager - INFO - 📋 Admin table columns: ['id', 'username', 'service_id', 'is_active', 'permissions', 'created_at', 'updated_at', 'email']
2025-10-23 13:08:42,151 - services.admin_manager - WARNING - Таблица 'reset_tokens' не найдена в базе данных
2025-10-23 13:08:42,247 - services.jwt_utils - INFO - JWT Configuration: ALGORITHM=HS256, ACCESS_TOKEN_EXPIRE_MINUTES=1440
2025-10-23 13:08:42,247 - services.jwt_utils - INFO - SECRET_KEY установлена: Да
2025-10-23 13:08:42,247 - services.jwt_utils - INFO - JWTService инициализирован с настройками: {'access_token_expire_minutes': 1440, 'refresh_token_expire_days': 5, 'algorithm': 'HS256'}
2025-10-23 13:08:42,329 - api.auth - INFO - Loaded 0 reset tokens from storage
2025-10-23 13:08:42,423 - chat - INFO - Таблицы успешно созданы или уже существуют.
2025-10-23 13:08:42,424 - chat - INFO - Initializing user statuses for existing chats...
2025-10-23 13:08:42,475 - chat - INFO - User statuses initialized successfully
2025-10-23 13:08:42,579 - api.faqs - INFO - SQLAlchemy version: 2.0.41
2025-10-23 13:08:42,619 - api.faqs - INFO - Текущие столбцы таблицы faqs: ['id', 'question', 'answer', 'category', 'created_at', 'updated_at', 'views_count', 'helpful_count', 'not_helpful_count', 'content_html', 'department', 'is_general']
2025-10-23 13:39:20,535 - services.admin_manager - INFO - 🔧 AdminManager using database: portaladmins_db at localhost:5432
2025-10-23 13:39:20,592 - services.admin_manager - INFO - 📋 Admin table columns: ['id', 'username', 'service_id', 'is_active', 'permissions', 'created_at', 'updated_at', 'email']
2025-10-23 13:39:20,595 - services.admin_manager - WARNING - Таблица 'reset_tokens' не найдена в базе данных
2025-10-23 13:39:20,691 - services.jwt_utils - INFO - JWT Configuration: ALGORITHM=HS256, ACCESS_TOKEN_EXPIRE_MINUTES=1440
2025-10-23 13:39:20,691 - services.jwt_utils - INFO - SECRET_KEY установлена: Да
2025-10-23 13:39:20,691 - services.jwt_utils - INFO - JWTService инициализирован с настройками: {'access_token_expire_minutes': 1440, 'refresh_token_expire_days': 5, 'algorithm': 'HS256'}
2025-10-23 13:39:20,773 - api.auth - INFO - Loaded 0 reset tokens from storage
2025-10-23 13:39:20,858 - chat - INFO - Таблицы успешно созданы или уже существуют.
2025-10-23 13:39:20,858 - chat - INFO - Initializing user statuses for existing chats...
2025-10-23 13:39:20,901 - chat - INFO - User statuses initialized successfully
2025-10-23 13:39:21,006 - api.faqs - INFO - SQLAlchemy version: 2.0.41
2025-10-23 13:39:21,042 - api.faqs - INFO - Текущие столбцы таблицы faqs: ['id', 'question', 'answer', 'category', 'created_at', 'updated_at', 'views_count', 'helpful_count', 'not_helpful_count', 'content_html', 'department', 'is_general']
2025-10-23 15:40:55,091 - services.admin_manager - INFO - 🔧 AdminManager using database: portaladmins_db at localhost:5432
2025-10-23 15:40:55,151 - services.admin_manager - INFO - 📋 Admin table columns: ['id', 'username', 'service_id', 'is_active', 'permissions', 'created_at', 'updated_at', 'email']
2025-10-23 15:40:55,154 - services.admin_manager - WARNING - Таблица 'reset_tokens' не найдена в базе данных
2025-10-23 15:40:55,242 - services.jwt_utils - INFO - JWT Configuration: ALGORITHM=HS256, ACCESS_TOKEN_EXPIRE_MINUTES=1440
2025-10-23 15:40:55,242 - services.jwt_utils - INFO - SECRET_KEY установлена: Да
2025-10-23 15:40:55,335 - api.auth - INFO - Loaded 0 reset tokens from storage
2025-10-23 15:40:55,397 - chat - INFO - Таблицы успешно созданы или уже существуют.
2025-10-23 15:40:55,398 - chat - INFO - Initializing user statuses for existing chats...
2025-10-23 15:40:55,449 - chat - INFO - User statuses initialized successfully
2025-10-23 15:40:55,540 - api.faqs - INFO - SQLAlchemy version: 2.0.41
2025-10-23 15:40:55,572 - api.faqs - INFO - Текущие столбцы таблицы faqs: ['id', 'question', 'answer', 'category', 'created_at', 'updated_at', 'views_count', 'helpful_count', 'not_helpful_count', 'content_html', 'department', 'is_general']
2025-10-23 15:42:17,629 - services.admin_manager - INFO - 🔧 AdminManager using database: portaladmins_db at localhost:5432
2025-10-23 15:42:17,687 - services.admin_manager - INFO - 📋 Admin table columns: ['id', 'username', 'service_id', 'is_active', 'permissions', 'created_at', 'updated_at', 'email']
2025-10-23 15:42:17,689 - services.admin_manager - WARNING - Таблица 'reset_tokens' не найдена в базе данных
2025-10-23 15:42:17,778 - services.jwt_utils - INFO - JWT Configuration: ALGORITHM=HS256, ACCESS_TOKEN_EXPIRE_MINUTES=1440
2025-10-23 15:42:17,778 - services.jwt_utils - INFO - SECRET_KEY установлена: Да
2025-10-23 15:42:17,857 - api.auth - INFO - Loaded 0 reset tokens from storage
2025-10-23 15:42:17,920 - chat - INFO - Таблицы успешно созданы или уже существуют.
2025-10-23 15:42:17,921 - chat - INFO - Initializing user statuses for existing chats...
2025-10-23 15:42:17,955 - chat - INFO - User statuses initialized successfully
2025-10-23 15:42:18,050 - api.faqs - INFO - SQLAlchemy version: 2.0.41
2025-10-23 15:42:18,087 - api.faqs - INFO - Текущие столбцы таблицы faqs: ['id', 'question', 'answer', 'category', 'created_at', 'updated_at', 'views_count', 'helpful_count', 'not_helpful_count', 'content_html', 'department', 'is_general']
2025-10-23 15:44:43,641 - services.admin_manager - INFO - 🔧 AdminManager using database: portaladmins_db at localhost:5432
2025-10-23 15:44:43,707 - services.admin_manager - INFO - 📋 Admin table columns: ['id', 'username', 'service_id', 'is_active', 'permissions', 'created_at', 'updated_at', 'email']
2025-10-23 15:44:43,709 - services.admin_manager - WARNING - Таблица 'reset_tokens' не найдена в базе данных
2025-10-23 15:44:43,791 - services.jwt_utils - INFO - JWT Configuration: ALGORITHM=HS256, ACCESS_TOKEN_EXPIRE_MINUTES=1440
2025-10-23 15:44:43,791 - services.jwt_utils - INFO - SECRET_KEY установлена: Да
2025-10-23 15:44:43,861 - api.auth - INFO - Loaded 0 reset tokens from storage
2025-10-23 15:44:43,923 - chat - INFO - Таблицы успешно созданы или уже существуют.
2025-10-23 15:44:43,923 - chat - INFO - Initializing user statuses for existing chats...
2025-10-23 15:44:43,948 - chat - INFO - User statuses initialized successfully
2025-10-23 15:44:44,035 - api.faqs - INFO - SQLAlchemy version: 2.0.41
2025-10-23 15:44:44,070 - api.faqs - INFO - Текущие столбцы таблицы faqs: ['id', 'question', 'answer', 'category', 'created_at', 'updated_at', 'views_count', 'helpful_count', 'not_helpful_count', 'content_html', 'department', 'is_general']
2025-10-23 15:45:12,519 - services.admin_manager - INFO - 🔧 AdminManager using database: portaladmins_db at localhost:5432
2025-10-23 15:45:12,571 - services.admin_manager - INFO - 📋 Admin table columns: ['id', 'username', 'service_id', 'is_active', 'permissions', 'created_at', 'updated_at', 'email']
2025-10-23 15:45:12,574 - services.admin_manager - WARNING - Таблица 'reset_tokens' не найдена в базе данных
2025-10-23 15:45:12,655 - services.jwt_utils - INFO - JWT Configuration: ALGORITHM=HS256, ACCESS_TOKEN_EXPIRE_MINUTES=1440
2025-10-23 15:45:12,655 - services.jwt_utils - INFO - SECRET_KEY установлена: Да
2025-10-23 15:45:12,729 - api.auth - INFO - Loaded 0 reset tokens from storage
2025-10-23 15:45:12,790 - chat - INFO - Таблицы успешно созданы или уже существуют.
2025-10-23 15:45:12,791 - chat - INFO - Initializing user statuses for existing chats...
2025-10-23 15:45:12,818 - chat - INFO - User statuses initialized successfully
2025-10-23 15:45:12,902 - api.faqs - INFO - SQLAlchemy version: 2.0.41
2025-10-23 15:45:12,930 - api.faqs - INFO - Текущие столбцы таблицы faqs: ['id', 'question', 'answer', 'category', 'created_at', 'updated_at', 'views_count', 'helpful_count', 'not_helpful_count', 'content_html', 'department', 'is_general']
2025-10-23 15:46:14,038 - services.admin_manager - INFO - 🔧 AdminManager using database: portaladmins_db at localhost:5432
2025-10-23 15:46:14,106 - services.admin_manager - INFO - 📋 Admin table columns: ['id', 'username', 'service_id', 'is_active', 'permissions', 'created_at', 'updated_at', 'email']
2025-10-23 15:46:14,109 - services.admin_manager - WARNING - Таблица 'reset_tokens' не найдена в базе данных
2025-10-23 15:46:14,192 - services.jwt_utils - INFO - JWT Configuration: ALGORITHM=HS256, ACCESS_TOKEN_EXPIRE_MINUTES=1440
2025-10-23 15:46:14,192 - services.jwt_utils - INFO - SECRET_KEY установлена: Да
2025-10-23 15:46:14,272 - api.auth - INFO - Loaded 0 reset tokens from storage
2025-10-23 15:46:14,329 - chat - INFO - Таблицы успешно созданы или уже существуют.
2025-10-23 15:46:14,329 - chat - INFO - Initializing user statuses for existing chats...
2025-10-23 15:46:14,360 - chat - INFO - User statuses initialized successfully
2025-10-23 15:46:14,451 - api.faqs - INFO - SQLAlchemy version: 2.0.41
2025-10-23 15:46:14,484 - api.faqs - INFO - Текущие столбцы таблицы faqs: ['id', 'question', 'answer', 'category', 'created_at', 'updated_at', 'views_count', 'helpful_count', 'not_helpful_count', 'content_html', 'department', 'is_general']
2025-10-23 15:46:15,362 - services.admin_manager - INFO - 🔧 AdminManager using database: portaladmins_db at localhost:5432
2025-10-23 15:46:15,433 - services.admin_manager - INFO - 📋 Admin table columns: ['id', 'username', 'service_id', 'is_active', 'permissions', 'created_at', 'updated_at', 'email']
2025-10-23 15:46:15,436 - services.admin_manager - WARNING - Таблица 'reset_tokens' не найдена в базе данных
2025-10-23 15:46:15,534 - services.jwt_utils - INFO - JWT Configuration: ALGORITHM=HS256, ACCESS_TOKEN_EXPIRE_MINUTES=1440
2025-10-23 15:46:15,534 - services.jwt_utils - INFO - SECRET_KEY установлена: Да
2025-10-23 15:46:15,612 - api.auth - INFO - Loaded 0 reset tokens from storage
2025-10-23 15:46:15,681 - chat - INFO - Таблицы успешно созданы или уже существуют.
2025-10-23 15:46:15,681 - chat - INFO - Initializing user statuses for existing chats...
2025-10-23 15:46:15,710 - chat - INFO - User statuses initialized successfully
2025-10-23 15:46:15,800 - api.faqs - INFO - SQLAlchemy version: 2.0.41
2025-10-23 15:46:15,836 - api.faqs - INFO - Текущие столбцы таблицы faqs: ['id', 'question', 'answer', 'category', 'created_at', 'updated_at', 'views_count', 'helpful_count', 'not_helpful_count', 'content_html', 'department', 'is_general']
2025-10-23 15:46:47,299 - services.admin_manager - INFO - 🔧 AdminManager using database: portaladmins_db at localhost:5432
2025-10-23 15:46:47,360 - services.admin_manager - INFO - 📋 Admin table columns: ['id', 'username', 'service_id', 'is_active', 'permissions', 'created_at', 'updated_at', 'email']
2025-10-23 15:46:47,363 - services.admin_manager - WARNING - Таблица 'reset_tokens' не найдена в базе данных
2025-10-23 15:46:47,450 - services.jwt_utils - INFO - JWT Configuration: ALGORITHM=HS256, ACCESS_TOKEN_EXPIRE_MINUTES=1440
2025-10-23 15:46:47,450 - services.jwt_utils - INFO - SECRET_KEY установлена: Да
2025-10-23 15:46:47,537 - api.auth - INFO - Loaded 0 reset tokens from storage
2025-10-23 15:46:47,598 - chat - INFO - Таблицы успешно созданы или уже существуют.
2025-10-23 15:46:47,598 - chat - INFO - Initializing user statuses for existing chats...
2025-10-23 15:46:47,633 - chat - INFO - User statuses initialized successfully
2025-10-23 15:46:47,740 - api.faqs - INFO - SQLAlchemy version: 2.0.41
2025-10-23 15:46:47,775 - api.faqs - INFO - Текущие столбцы таблицы faqs: ['id', 'question', 'answer', 'category', 'created_at', 'updated_at', 'views_count', 'helpful_count', 'not_helpful_count', 'content_html', 'department', 'is_general']
2025-10-23 15:47:39,745 - services.admin_manager - INFO - 🔧 AdminManager using database: portaladmins_db at localhost:5432
2025-10-23 15:47:39,799 - services.admin_manager - INFO - 📋 Admin table columns: ['id', 'username', 'service_id', 'is_active', 'permissions', 'created_at', 'updated_at', 'email']
2025-10-23 15:47:39,802 - services.admin_manager - WARNING - Таблица 'reset_tokens' не найдена в базе данных
2025-10-23 15:47:39,893 - services.jwt_utils - INFO - JWT Configuration: ALGORITHM=HS256, ACCESS_TOKEN_EXPIRE_MINUTES=1440
2025-10-23 15:47:39,893 - services.jwt_utils - INFO - SECRET_KEY установлена: Да
2025-10-23 15:47:39,893 - services.jwt_utils - INFO - JWTService инициализирован с настройками: {'access_token_expire_minutes': 1440, 'refresh_token_expire_days': 5, 'algorithm': 'HS256'}
2025-10-23 15:47:39,977 - api.auth - INFO - Loaded 0 reset tokens from storage
2025-10-23 15:47:40,048 - chat - INFO - Таблицы успешно созданы или уже существуют.
2025-10-23 15:47:40,049 - chat - INFO - Initializing user statuses for existing chats...
2025-10-23 15:47:40,083 - chat - INFO - User statuses initialized successfully
2025-10-23 15:47:40,181 - api.faqs - INFO - SQLAlchemy version: 2.0.41
2025-10-23 15:47:40,224 - api.faqs - INFO - Текущие столбцы таблицы faqs: ['id', 'question', 'answer', 'category', 'created_at', 'updated_at', 'views_count', 'helpful_count', 'not_helpful_count', 'content_html', 'department', 'is_general']
2025-10-23 15:47:47,482 - services.admin_manager - INFO - 🔧 AdminManager using database: portaladmins_db at localhost:5432
2025-10-23 15:47:47,538 - services.admin_manager - INFO - 📋 Admin table columns: ['id', 'username', 'service_id', 'is_active', 'permissions', 'created_at', 'updated_at', 'email']
2025-10-23 15:47:47,541 - services.admin_manager - WARNING - Таблица 'reset_tokens' не найдена в базе данных
2025-10-23 15:47:47,622 - services.jwt_utils - INFO - JWT Configuration: ALGORITHM=HS256, ACCESS_TOKEN_EXPIRE_MINUTES=1440
2025-10-23 15:47:47,622 - services.jwt_utils - INFO - SECRET_KEY установлена: Да
2025-10-23 15:47:47,622 - services.jwt_utils - INFO - JWTService инициализирован с настройками: {'access_token_expire_minutes': 1440, 'refresh_token_expire_days': 5, 'algorithm': 'HS256'}
2025-10-23 15:47:47,693 - api.auth - INFO - Loaded 0 reset tokens from storage
2025-10-23 15:47:47,754 - chat - INFO - Таблицы успешно созданы или уже существуют.
2025-10-23 15:47:47,754 - chat - INFO - Initializing user statuses for existing chats...
2025-10-23 15:47:47,781 - chat - INFO - User statuses initialized successfully
2025-10-23 15:47:47,865 - api.faqs - INFO - SQLAlchemy version: 2.0.41
2025-10-23 15:47:47,894 - api.faqs - INFO - Текущие столбцы таблицы faqs: ['id', 'question', 'answer', 'category', 'created_at', 'updated_at', 'views_count', 'helpful_count', 'not_helpful_count', 'content_html', 'department', 'is_general']
2025-10-23 15:50:59,864 - services.admin_manager - INFO - 🔧 AdminManager using database: portaladmins_db at localhost:5432
2025-10-23 15:50:59,923 - services.admin_manager - INFO - 📋 Admin table columns: ['id', 'username', 'service_id', 'is_active', 'permissions', 'created_at', 'updated_at', 'email']
2025-10-23 15:50:59,927 - services.admin_manager - WARNING - Таблица 'reset_tokens' не найдена в базе данных
2025-10-23 15:51:00,024 - services.jwt_utils - INFO - JWT Configuration: ALGORITHM=HS256, ACCESS_TOKEN_EXPIRE_MINUTES=1440
2025-10-23 15:51:00,025 - services.jwt_utils - INFO - SECRET_KEY установлена: Да
2025-10-23 15:51:00,025 - services.jwt_utils - INFO - JWTService инициализирован с настройками: {'access_token_expire_minutes': 1440, 'refresh_token_expire_days': 5, 'algorithm': 'HS256'}
2025-10-23 15:51:00,108 - api.auth - INFO - Loaded 0 reset tokens from storage
2025-10-23 15:51:00,186 - chat - INFO - Таблицы успешно созданы или уже существуют.
2025-10-23 15:51:00,186 - chat - INFO - Initializing user statuses for existing chats...
2025-10-23 15:51:00,218 - chat - INFO - User statuses initialized successfully
2025-10-23 15:51:00,308 - api.faqs - INFO - SQLAlchemy version: 2.0.41
2025-10-23 15:51:00,337 - api.faqs - INFO - Текущие столбцы таблицы faqs: ['id', 'question', 'answer', 'category', 'created_at', 'updated_at', 'views_count', 'helpful_count', 'not_helpful_count', 'content_html', 'department', 'is_general']
2025-10-23 15:52:18,441 - services.admin_manager - INFO - 🔧 AdminManager using database: portaladmins_db at localhost:5432
2025-10-23 15:52:18,499 - services.admin_manager - INFO - 📋 Admin table columns: ['id', 'username', 'service_id', 'is_active', 'permissions', 'created_at', 'updated_at', 'email']
2025-10-23 15:52:18,501 - services.admin_manager - WARNING - Таблица 'reset_tokens' не найдена в базе данных
2025-10-23 15:52:18,582 - services.jwt_utils - INFO - JWT Configuration: ALGORITHM=HS256, ACCESS_TOKEN_EXPIRE_MINUTES=1440
2025-10-23 15:52:18,582 - services.jwt_utils - INFO - SECRET_KEY установлена: Да
2025-10-23 15:52:18,583 - services.jwt_utils - INFO - JWTService инициализирован с настройками: {'access_token_expire_minutes': 1440, 'refresh_token_expire_days': 5, 'algorithm': 'HS256'}
2025-10-23 15:52:18,660 - api.auth - INFO - Loaded 0 reset tokens from storage
2025-10-23 15:52:18,722 - chat - INFO - Таблицы успешно созданы или уже существуют.
2025-10-23 15:52:18,723 - chat - INFO - Initializing user statuses for existing chats...
2025-10-23 15:52:18,747 - chat - INFO - User statuses initialized successfully
2025-10-23 15:52:18,837 - api.faqs - INFO - SQLAlchemy version: 2.0.41
2025-10-23 15:52:18,871 - api.faqs - INFO - Текущие столбцы таблицы faqs: ['id', 'question', 'answer', 'category', 'created_at', 'updated_at', 'views_count', 'helpful_count', 'not_helpful_count', 'content_html', 'department', 'is_general']
2025-10-23 15:52:56,243 - services.admin_manager - INFO - 🔧 AdminManager using database: portaladmins_db at localhost:5432
2025-10-23 15:52:56,298 - services.admin_manager - INFO - 📋 Admin table columns: ['id', 'username', 'service_id', 'is_active', 'permissions', 'created_at', 'updated_at', 'email']
2025-10-23 15:52:56,301 - services.admin_manager - WARNING - Таблица 'reset_tokens' не найдена в базе данных
2025-10-23 15:52:56,392 - services.jwt_utils - INFO - JWT Configuration: ALGORITHM=HS256, ACCESS_TOKEN_EXPIRE_MINUTES=1440
2025-10-23 15:52:56,392 - services.jwt_utils - INFO - SECRET_KEY установлена: Да
2025-10-23 15:52:56,392 - services.jwt_utils - INFO - JWTService инициализирован с настройками: {'access_token_expire_minutes': 1440, 'refresh_token_expire_days': 5, 'algorithm': 'HS256'}
2025-10-23 15:52:56,470 - api.auth - INFO - Loaded 0 reset tokens from storage
2025-10-23 15:52:56,531 - chat - INFO - Таблицы успешно созданы или уже существуют.
2025-10-23 15:52:56,531 - chat - INFO - Initializing user statuses for existing chats...
2025-10-23 15:52:56,559 - chat - INFO - User statuses initialized successfully
2025-10-23 15:52:56,643 - api.faqs - INFO - SQLAlchemy version: 2.0.41
2025-10-23 15:52:56,678 - api.faqs - INFO - Текущие столбцы таблицы faqs: ['id', 'question', 'answer', 'category', 'created_at', 'updated_at', 'views_count', 'helpful_count', 'not_helpful_count', 'content_html', 'department', 'is_general']
2025-10-23 15:53:35,499 - services.admin_manager - INFO - 🔧 AdminManager using database: portaladmins_db at localhost:5432
2025-10-23 15:53:35,569 - services.admin_manager - INFO - 📋 Admin table columns: ['id', 'username', 'service_id', 'is_active', 'permissions', 'created_at', 'updated_at', 'email']
2025-10-23 15:53:35,572 - services.admin_manager - WARNING - Таблица 'reset_tokens' не найдена в базе данных
2025-10-23 15:53:35,660 - services.jwt_utils - INFO - JWT Configuration: ALGORITHM=HS256, ACCESS_TOKEN_EXPIRE_MINUTES=1440
2025-10-23 15:53:35,660 - services.jwt_utils - INFO - SECRET_KEY установлена: Да
2025-10-23 15:53:35,661 - services.jwt_utils - INFO - JWTService инициализирован с настройками: {'access_token_expire_minutes': 1440, 'refresh_token_expire_days': 5, 'algorithm': 'HS256'}
2025-10-23 15:53:35,744 - api.auth - INFO - Loaded 0 reset tokens from storage
2025-10-23 15:53:35,804 - chat - INFO - Таблицы успешно созданы или уже существуют.
2025-10-23 15:53:35,804 - chat - INFO - Initializing user statuses for existing chats...
2025-10-23 15:53:35,836 - chat - INFO - User statuses initialized successfully
2025-10-23 15:53:35,926 - api.faqs - INFO - SQLAlchemy version: 2.0.41
2025-10-23 15:53:35,956 - api.faqs - INFO - Текущие столбцы таблицы faqs: ['id', 'question', 'answer', 'category', 'created_at', 'updated_at', 'views_count', 'helpful_count', 'not_helpful_count', 'content_html', 'department', 'is_general']
2025-10-23 16:03:05,410 - services.admin_manager - INFO - 🔧 AdminManager using database: portaladmins_db at localhost:5432
2025-10-23 16:03:05,475 - services.admin_manager - INFO - 📋 Admin table columns: ['id', 'username', 'service_id', 'is_active', 'permissions', 'created_at', 'updated_at', 'email']
2025-10-23 16:03:05,478 - services.admin_manager - WARNING - Таблица 'reset_tokens' не найдена в базе данных
2025-10-23 16:03:05,575 - services.jwt_utils - INFO - JWT Configuration: ALGORITHM=HS256, ACCESS_TOKEN_EXPIRE_MINUTES=1440
2025-10-23 16:03:05,575 - services.jwt_utils - INFO - SECRET_KEY установлена: Да
2025-10-23 16:03:05,575 - services.jwt_utils - INFO - JWTService инициализирован с настройками: {'access_token_expire_minutes': 1440, 'refresh_token_expire_days': 5, 'algorithm': 'HS256'}
2025-10-23 16:03:05,666 - api.auth - INFO - Loaded 0 reset tokens from storage
2025-10-23 16:03:09,668 - services.admin_manager - INFO - 🔧 AdminManager using database: portaladmins_db at localhost:5432
2025-10-23 16:03:09,728 - services.admin_manager - INFO - 📋 Admin table columns: ['id', 'username', 'service_id', 'is_active', 'permissions', 'created_at', 'updated_at', 'email']
2025-10-23 16:03:09,731 - services.admin_manager - WARNING - Таблица 'reset_tokens' не найдена в базе данных
2025-10-23 16:03:09,826 - services.jwt_utils - INFO - JWT Configuration: ALGORITHM=HS256, ACCESS_TOKEN_EXPIRE_MINUTES=1440
2025-10-23 16:03:09,826 - services.jwt_utils - INFO - SECRET_KEY установлена: Да
2025-10-23 16:03:09,827 - services.jwt_utils - INFO - JWTService инициализирован с настройками: {'access_token_expire_minutes': 1440, 'refresh_token_expire_days': 5, 'algorithm': 'HS256'}
2025-10-23 16:03:09,920 - api.auth - INFO - Loaded 0 reset tokens from storage
2025-10-23 16:03:10,015 - chat - INFO - Таблицы успешно созданы или уже существуют.
2025-10-23 16:03:10,015 - chat - INFO - Initializing user statuses for existing chats...
2025-10-23 16:03:10,044 - chat - INFO - User statuses initialized successfully
2025-10-23 16:03:10,129 - api.faqs - INFO - SQLAlchemy version: 2.0.41
2025-10-23 16:03:10,165 - api.faqs - INFO - Текущие столбцы таблицы faqs: ['id', 'question', 'answer', 'category', 'created_at', 'updated_at', 'views_count', 'helpful_count', 'not_helpful_count', 'content_html', 'department', 'is_general']
2025-10-23 16:07:59,231 - services.admin_manager - INFO - 🔧 AdminManager using database: portaladmins_db at localhost:5432
2025-10-23 16:07:59,300 - services.admin_manager - INFO - 📋 Admin table columns: ['id', 'username', 'service_id', 'is_active', 'permissions', 'created_at', 'updated_at', 'email']
2025-10-23 16:07:59,303 - services.admin_manager - WARNING - Таблица 'reset_tokens' не найдена в базе данных
2025-10-23 16:07:59,411 - services.jwt_utils - INFO - JWT Configuration: ALGORITHM=HS256, ACCESS_TOKEN_EXPIRE_MINUTES=1440
2025-10-23 16:07:59,412 - services.jwt_utils - INFO - SECRET_KEY установлена: Да
2025-10-23 16:07:59,412 - services.jwt_utils - INFO - JWTService инициализирован с настройками: {'access_token_expire_minutes': 1440, 'refresh_token_expire_days': 5, 'algorithm': 'HS256'}
2025-10-23 16:07:59,498 - api.auth - INFO - Loaded 0 reset tokens from storage
2025-10-23 16:07:59,596 - chat - INFO - Таблицы успешно созданы или уже существуют.
2025-10-23 16:07:59,596 - chat - INFO - Initializing user statuses for existing chats...
2025-10-23 16:07:59,630 - chat - INFO - User statuses initialized successfully
2025-10-23 16:07:59,726 - api.faqs - INFO - SQLAlchemy version: 2.0.41
2025-10-23 16:07:59,760 - api.faqs - INFO - Текущие столбцы таблицы faqs: ['id', 'question', 'answer', 'category', 'created_at', 'updated_at', 'views_count', 'helpful_count', 'not_helpful_count', 'content_html', 'department', 'is_general']
2025-10-23 16:18:38,924 - services.admin_manager - INFO - 🔧 AdminManager using database: portaladmins_db at localhost:5432
2025-10-23 16:18:38,990 - services.admin_manager - INFO - 📋 Admin table columns: ['id', 'username', 'service_id', 'is_active', 'permissions', 'created_at', 'updated_at', 'email']
2025-10-23 16:18:38,994 - services.admin_manager - WARNING - Таблица 'reset_tokens' не найдена в базе данных
2025-10-23 16:18:39,096 - services.jwt_utils - INFO - JWT Configuration: ALGORITHM=HS256, ACCESS_TOKEN_EXPIRE_MINUTES=1440
2025-10-23 16:18:39,096 - services.jwt_utils - INFO - SECRET_KEY установлена: Да
2025-10-23 16:18:39,097 - services.jwt_utils - INFO - JWTService инициализирован с настройками: {'access_token_expire_minutes': 1440, 'refresh_token_expire_days': 5, 'algorithm': 'HS256'}
2025-10-23 16:18:39,185 - api.auth - INFO - Loaded 0 reset tokens from storage
2025-10-23 16:18:39,287 - chat - INFO - Таблицы успешно созданы или уже существуют.
2025-10-23 16:18:39,287 - chat - INFO - Initializing user statuses for existing chats...
2025-10-23 16:18:39,332 - chat - INFO - User statuses initialized successfully
2025-10-23 16:18:39,438 - api.faqs - INFO - SQLAlchemy version: 2.0.41
2025-10-23 16:18:39,478 - api.faqs - INFO - Текущие столбцы таблицы faqs: ['id', 'question', 'answer', 'category', 'created_at', 'updated_at', 'views_count', 'helpful_count', 'not_helpful_count', 'content_html', 'department', 'is_general']
2025-10-23 16:19:28,714 - services.admin_manager - INFO - 🔧 AdminManager using database: portaladmins_db at localhost:5432
2025-10-23 16:19:28,776 - services.admin_manager - INFO - 📋 Admin table columns: ['id', 'username', 'service_id', 'is_active', 'permissions', 'created_at', 'updated_at', 'email']
2025-10-23 16:19:28,779 - services.admin_manager - WARNING - Таблица 'reset_tokens' не найдена в базе данных
2025-10-23 16:19:28,868 - services.jwt_utils - INFO - JWT Configuration: ALGORITHM=HS256, ACCESS_TOKEN_EXPIRE_MINUTES=1440
2025-10-23 16:19:28,869 - services.jwt_utils - INFO - SECRET_KEY установлена: Да
2025-10-23 16:19:28,869 - services.jwt_utils - INFO - JWTService инициализирован с настройками: {'access_token_expire_minutes': 1440, 'refresh_token_expire_days': 5, 'algorithm': 'HS256'}
2025-10-23 16:19:28,946 - api.auth - INFO - Loaded 0 reset tokens from storage
2025-10-23 16:19:29,037 - chat - INFO - Таблицы успешно созданы или уже существуют.
2025-10-23 16:19:29,037 - chat - INFO - Initializing user statuses for existing chats...
2025-10-23 16:19:29,063 - chat - INFO - User statuses initialized successfully
2025-10-23 16:19:29,149 - api.faqs - INFO - SQLAlchemy version: 2.0.41
2025-10-23 16:19:29,179 - api.faqs - INFO - Текущие столбцы таблицы faqs: ['id', 'question', 'answer', 'category', 'created_at', 'updated_at', 'views_count', 'helpful_count', 'not_helpful_count', 'content_html', 'department', 'is_general']
2025-10-23 16:24:06,268 - services.admin_manager - INFO - 🔧 AdminManager using database: portaladmins_db at localhost:5432
2025-10-23 16:24:06,338 - services.admin_manager - INFO - 📋 Admin table columns: ['id', 'username', 'service_id', 'is_active', 'permissions', 'created_at', 'updated_at', 'email']
2025-10-23 16:24:06,342 - services.admin_manager - WARNING - Таблица 'reset_tokens' не найдена в базе данных
2025-10-23 16:24:06,451 - services.jwt_utils - INFO - JWT Configuration: ALGORITHM=HS256, ACCESS_TOKEN_EXPIRE_MINUTES=1440
2025-10-23 16:24:06,451 - services.jwt_utils - INFO - SECRET_KEY установлена: Да
2025-10-23 16:24:06,537 - api.auth - INFO - Loaded 0 reset tokens from storage
2025-10-23 16:24:06,606 - chat - INFO - Таблицы успешно созданы или уже существуют.
2025-10-23 16:24:06,607 - chat - INFO - Initializing user statuses for existing chats...
2025-10-23 16:24:06,651 - chat - INFO - User statuses initialized successfully
2025-10-23 16:24:06,741 - api.faqs - INFO - SQLAlchemy version: 2.0.41
2025-10-23 16:24:06,776 - api.faqs - INFO - Текущие столбцы таблицы faqs: ['id', 'question', 'answer', 'category', 'created_at', 'updated_at', 'views_count', 'helpful_count', 'not_helpful_count', 'content_html', 'department', 'is_general']
2025-10-23 16:25:52,851 - services.admin_manager - INFO - 🔧 AdminManager using database: portaladmins_db at localhost:5432
2025-10-23 16:25:52,907 - services.admin_manager - INFO - 📋 Admin table columns: ['id', 'username', 'service_id', 'is_active', 'permissions', 'created_at', 'updated_at', 'email']
2025-10-23 16:25:52,910 - services.admin_manager - WARNING - Таблица 'reset_tokens' не найдена в базе данных
2025-10-23 16:25:52,995 - services.jwt_utils - INFO - JWT Configuration: ALGORITHM=HS256, ACCESS_TOKEN_EXPIRE_MINUTES=1440
2025-10-23 16:25:52,995 - services.jwt_utils - INFO - SECRET_KEY установлена: Да
2025-10-23 16:25:53,070 - api.auth - INFO - Loaded 0 reset tokens from storage
2025-10-23 16:25:53,131 - chat - INFO - Таблицы успешно созданы или уже существуют.
2025-10-23 16:25:53,131 - chat - INFO - Initializing user statuses for existing chats...
2025-10-23 16:25:53,156 - chat - INFO - User statuses initialized successfully
2025-10-23 16:25:53,238 - api.faqs - INFO - SQLAlchemy version: 2.0.41
2025-10-23 16:25:53,267 - api.faqs - INFO - Текущие столбцы таблицы faqs: ['id', 'question', 'answer', 'category', 'created_at', 'updated_at', 'views_count', 'helpful_count', 'not_helpful_count', 'content_html', 'department', 'is_general']
2025-10-23 16:26:14,891 - services.admin_manager - INFO - 🔧 AdminManager using database: portaladmins_db at localhost:5432
2025-10-23 16:26:14,956 - services.admin_manager - INFO - 📋 Admin table columns: ['id', 'username', 'service_id', 'is_active', 'permissions', 'created_at', 'updated_at', 'email']
2025-10-23 16:26:14,959 - services.admin_manager - WARNING - Таблица 'reset_tokens' не найдена в базе данных
2025-10-23 16:26:15,042 - services.jwt_utils - INFO - JWT Configuration: ALGORITHM=HS256, ACCESS_TOKEN_EXPIRE_MINUTES=1440
2025-10-23 16:26:15,043 - services.jwt_utils - INFO - SECRET_KEY установлена: Да
2025-10-23 16:26:15,119 - api.auth - INFO - Loaded 0 reset tokens from storage
2025-10-23 16:26:15,179 - chat - INFO - Таблицы успешно созданы или уже существуют.
2025-10-23 16:26:15,179 - chat - INFO - Initializing user statuses for existing chats...
2025-10-23 16:26:15,206 - chat - INFO - User statuses initialized successfully
2025-10-23 16:26:15,294 - api.faqs - INFO - SQLAlchemy version: 2.0.41
2025-10-23 16:26:15,326 - api.faqs - INFO - Текущие столбцы таблицы faqs: ['id', 'question', 'answer', 'category', 'created_at', 'updated_at', 'views_count', 'helpful_count', 'not_helpful_count', 'content_html', 'department', 'is_general']
2025-10-23 16:27:16,126 - services.admin_manager - INFO - 🔧 AdminManager using database: portaladmins_db at localhost:5432
2025-10-23 16:27:16,178 - services.admin_manager - INFO - 📋 Admin table columns: ['id', 'username', 'service_id', 'is_active', 'permissions', 'created_at', 'updated_at', 'email']
2025-10-23 16:27:16,181 - services.admin_manager - WARNING - Таблица 'reset_tokens' не найдена в базе данных
2025-10-23 16:27:16,258 - services.jwt_utils - INFO - JWT Configuration: ALGORITHM=HS256, ACCESS_TOKEN_EXPIRE_MINUTES=1440
2025-10-23 16:27:16,258 - services.jwt_utils - INFO - SECRET_KEY установлена: Да
2025-10-23 16:27:16,338 - api.auth - INFO - Loaded 0 reset tokens from storage
2025-10-23 16:27:16,394 - chat - INFO - Таблицы успешно созданы или уже существуют.
2025-10-23 16:27:16,395 - chat - INFO - Initializing user statuses for existing chats...
2025-10-23 16:27:16,422 - chat - INFO - User statuses initialized successfully
2025-10-23 16:27:16,504 - api.faqs - INFO - SQLAlchemy version: 2.0.41
2025-10-23 16:27:16,531 - api.faqs - INFO - Текущие столбцы таблицы faqs: ['id', 'question', 'answer', 'category', 'created_at', 'updated_at', 'views_count', 'helpful_count', 'not_helpful_count', 'content_html', 'department', 'is_general']
2025-10-23 16:27:33,709 - services.admin_manager - INFO - 🔧 AdminManager using database: portaladmins_db at localhost:5432
2025-10-23 16:27:33,766 - services.admin_manager - INFO - 📋 Admin table columns: ['id', 'username', 'service_id', 'is_active', 'permissions', 'created_at', 'updated_at', 'email']
2025-10-23 16:27:33,768 - services.admin_manager - WARNING - Таблица 'reset_tokens' не найдена в базе данных
2025-10-23 16:27:33,848 - services.jwt_utils - INFO - JWT Configuration: ALGORITHM=HS256, ACCESS_TOKEN_EXPIRE_MINUTES=1440
2025-10-23 16:27:33,849 - services.jwt_utils - INFO - SECRET_KEY установлена: Да
2025-10-23 16:27:33,926 - api.auth - INFO - Loaded 0 reset tokens from storage
2025-10-23 16:27:33,985 - chat - INFO - Таблицы успешно созданы или уже существуют.
2025-10-23 16:27:33,985 - chat - INFO - Initializing user statuses for existing chats...
2025-10-23 16:27:34,015 - chat - INFO - User statuses initialized successfully
2025-10-23 16:27:34,112 - api.faqs - INFO - SQLAlchemy version: 2.0.41
2025-10-23 16:27:34,146 - api.faqs - INFO - Текущие столбцы таблицы faqs: ['id', 'question', 'answer', 'category', 'created_at', 'updated_at', 'views_count', 'helpful_count', 'not_helpful_count', 'content_html', 'department', 'is_general']
2025-10-23 16:27:46,903 - services.admin_manager - INFO - 🔧 AdminManager using database: portaladmins_db at localhost:5432
2025-10-23 16:27:46,961 - services.admin_manager - INFO - 📋 Admin table columns: ['id', 'username', 'service_id', 'is_active', 'permissions', 'created_at', 'updated_at', 'email']
2025-10-23 16:27:46,964 - services.admin_manager - WARNING - Таблица 'reset_tokens' не найдена в базе данных
2025-10-23 16:27:47,048 - services.jwt_utils - INFO - JWT Configuration: ALGORITHM=HS256, ACCESS_TOKEN_EXPIRE_MINUTES=1440
2025-10-23 16:27:47,048 - services.jwt_utils - INFO - SECRET_KEY установлена: Да
2025-10-23 16:27:47,120 - api.auth - INFO - Loaded 0 reset tokens from storage
2025-10-23 16:27:47,181 - chat - INFO - Таблицы успешно созданы или уже существуют.
2025-10-23 16:27:47,181 - chat - INFO - Initializing user statuses for existing chats...
2025-10-23 16:27:47,207 - chat - INFO - User statuses initialized successfully
2025-10-23 16:27:47,288 - api.faqs - INFO - SQLAlchemy version: 2.0.41
2025-10-23 16:27:47,315 - api.faqs - INFO - Текущие столбцы таблицы faqs: ['id', 'question', 'answer', 'category', 'created_at', 'updated_at', 'views_count', 'helpful_count', 'not_helpful_count', 'content_html', 'department', 'is_general']
2025-10-23 16:29:53,392 - services.admin_manager - INFO - 🔧 AdminManager using database: portaladmins_db at localhost:5432
2025-10-23 16:29:53,448 - services.admin_manager - INFO - 📋 Admin table columns: ['id', 'username', 'service_id', 'is_active', 'permissions', 'created_at', 'updated_at', 'email']
2025-10-23 16:29:53,450 - services.admin_manager - WARNING - Таблица 'reset_tokens' не найдена в базе данных
2025-10-23 16:29:53,532 - services.jwt_utils - INFO - JWT Configuration: ALGORITHM=HS256, ACCESS_TOKEN_EXPIRE_MINUTES=1440
2025-10-23 16:29:53,533 - services.jwt_utils - INFO - SECRET_KEY установлена: Да
2025-10-23 16:29:53,604 - api.auth - INFO - Loaded 0 reset tokens from storage
2025-10-23 16:29:53,661 - chat - INFO - Таблицы успешно созданы или уже существуют.
2025-10-23 16:29:53,662 - chat - INFO - Initializing user statuses for existing chats...
2025-10-23 16:29:53,689 - chat - INFO - User statuses initialized successfully
2025-10-23 16:29:53,771 - api.faqs - INFO - SQLAlchemy version: 2.0.41
2025-10-23 16:29:53,802 - api.faqs - INFO - Текущие столбцы таблицы faqs: ['id', 'question', 'answer', 'category', 'created_at', 'updated_at', 'views_count', 'helpful_count', 'not_helpful_count', 'content_html', 'department', 'is_general']
2025-10-23 16:29:56,095 - services.admin_manager - INFO - 🔧 AdminManager using database: portaladmins_db at localhost:5432
2025-10-23 16:29:56,151 - services.admin_manager - INFO - 📋 Admin table columns: ['id', 'username', 'service_id', 'is_active', 'permissions', 'created_at', 'updated_at', 'email']
2025-10-23 16:29:56,154 - services.admin_manager - WARNING - Таблица 'reset_tokens' не найдена в базе данных
2025-10-23 16:29:56,237 - services.jwt_utils - INFO - JWT Configuration: ALGORITHM=HS256, ACCESS_TOKEN_EXPIRE_MINUTES=1440
2025-10-23 16:29:56,237 - services.jwt_utils - INFO - SECRET_KEY установлена: Да
2025-10-23 16:29:56,310 - api.auth - INFO - Loaded 0 reset tokens from storage
2025-10-23 16:29:56,368 - chat - INFO - Таблицы успешно созданы или уже существуют.
2025-10-23 16:29:56,369 - chat - INFO - Initializing user statuses for existing chats...
2025-10-23 16:29:56,394 - chat - INFO - User statuses initialized successfully
2025-10-23 16:29:56,476 - api.faqs - INFO - SQLAlchemy version: 2.0.41
2025-10-23 16:29:56,504 - api.faqs - INFO - Текущие столбцы таблицы faqs: ['id', 'question', 'answer', 'category', 'created_at', 'updated_at', 'views_count', 'helpful_count', 'not_helpful_count', 'content_html', 'department', 'is_general']
2025-10-23 16:30:50,500 - services.admin_manager - INFO - 🔧 AdminManager using database: portaladmins_db at localhost:5432
2025-10-23 16:30:50,553 - services.admin_manager - INFO - 📋 Admin table columns: ['id', 'username', 'service_id', 'is_active', 'permissions', 'created_at', 'updated_at', 'email']
2025-10-23 16:30:50,555 - services.admin_manager - WARNING - Таблица 'reset_tokens' не найдена в базе данных
2025-10-23 16:30:50,634 - services.jwt_utils - INFO - JWT Configuration: ALGORITHM=HS256, ACCESS_TOKEN_EXPIRE_MINUTES=1440
2025-10-23 16:30:50,634 - services.jwt_utils - INFO - SECRET_KEY установлена: Да
2025-10-23 16:30:50,704 - api.auth - INFO - Loaded 0 reset tokens from storage
2025-10-23 16:30:50,761 - chat - INFO - Таблицы успешно созданы или уже существуют.
2025-10-23 16:30:50,762 - chat - INFO - Initializing user statuses for existing chats...
2025-10-23 16:30:50,789 - chat - INFO - User statuses initialized successfully
2025-10-23 16:30:50,888 - api.faqs - INFO - SQLAlchemy version: 2.0.41
2025-10-23 16:30:50,918 - api.faqs - INFO - Текущие столбцы таблицы faqs: ['id', 'question', 'answer', 'category', 'created_at', 'updated_at', 'views_count', 'helpful_count', 'not_helpful_count', 'content_html', 'department', 'is_general']
2025-10-23 16:30:52,665 - services.admin_manager - INFO - 🔧 AdminManager using database: portaladmins_db at localhost:5432
2025-10-23 16:30:52,719 - services.admin_manager - INFO - 📋 Admin table columns: ['id', 'username', 'service_id', 'is_active', 'permissions', 'created_at', 'updated_at', 'email']
2025-10-23 16:30:52,722 - services.admin_manager - WARNING - Таблица 'reset_tokens' не найдена в базе данных
2025-10-23 16:30:52,801 - services.jwt_utils - INFO - JWT Configuration: ALGORITHM=HS256, ACCESS_TOKEN_EXPIRE_MINUTES=1440
2025-10-23 16:30:52,801 - services.jwt_utils - INFO - SECRET_KEY установлена: Да
2025-10-23 16:30:52,872 - api.auth - INFO - Loaded 0 reset tokens from storage
2025-10-23 16:30:52,931 - chat - INFO - Таблицы успешно созданы или уже существуют.
2025-10-23 16:30:52,931 - chat - INFO - Initializing user statuses for existing chats...
2025-10-23 16:30:52,956 - chat - INFO - User statuses initialized successfully
2025-10-23 16:30:53,038 - api.faqs - INFO - SQLAlchemy version: 2.0.41
2025-10-23 16:30:53,066 - api.faqs - INFO - Текущие столбцы таблицы faqs: ['id', 'question', 'answer', 'category', 'created_at', 'updated_at', 'views_count', 'helpful_count', 'not_helpful_count', 'content_html', 'department', 'is_general']
2025-10-23 16:31:06,301 - services.admin_manager - INFO - 🔧 AdminManager using database: portaladmins_db at localhost:5432
2025-10-23 16:31:06,356 - services.admin_manager - INFO - 📋 Admin table columns: ['id', 'username', 'service_id', 'is_active', 'permissions', 'created_at', 'updated_at', 'email']
2025-10-23 16:31:06,359 - services.admin_manager - WARNING - Таблица 'reset_tokens' не найдена в базе данных
2025-10-23 16:31:06,441 - services.jwt_utils - INFO - JWT Configuration: ALGORITHM=HS256, ACCESS_TOKEN_EXPIRE_MINUTES=1440
2025-10-23 16:31:06,441 - services.jwt_utils - INFO - SECRET_KEY установлена: Да
2025-10-23 16:31:06,512 - api.auth - INFO - Loaded 0 reset tokens from storage
2025-10-23 16:31:06,569 - chat - INFO - Таблицы успешно созданы или уже существуют.
2025-10-23 16:31:06,569 - chat - INFO - Initializing user statuses for existing chats...
2025-10-23 16:31:06,603 - chat - INFO - User statuses initialized successfully
2025-10-23 16:31:06,691 - api.faqs - INFO - SQLAlchemy version: 2.0.41
2025-10-23 16:31:06,719 - api.faqs - INFO - Текущие столбцы таблицы faqs: ['id', 'question', 'answer', 'category', 'created_at', 'updated_at', 'views_count', 'helpful_count', 'not_helpful_count', 'content_html', 'department', 'is_general']
2025-10-23 16:31:08,757 - services.admin_manager - INFO - 🔧 AdminManager using database: portaladmins_db at localhost:5432
2025-10-23 16:31:08,832 - services.admin_manager - INFO - 📋 Admin table columns: ['id', 'username', 'service_id', 'is_active', 'permissions', 'created_at', 'updated_at', 'email']
2025-10-23 16:31:08,835 - services.admin_manager - WARNING - Таблица 'reset_tokens' не найдена в базе данных
2025-10-23 16:31:08,931 - services.jwt_utils - INFO - JWT Configuration: ALGORITHM=HS256, ACCESS_TOKEN_EXPIRE_MINUTES=1440
2025-10-23 16:31:08,932 - services.jwt_utils - INFO - SECRET_KEY установлена: Да
2025-10-23 16:31:09,009 - api.auth - INFO - Loaded 0 reset tokens from storage
2025-10-23 16:31:09,073 - chat - INFO - Таблицы успешно созданы или уже существуют.
2025-10-23 16:31:09,073 - chat - INFO - Initializing user statuses for existing chats...
2025-10-23 16:31:09,103 - chat - INFO - User statuses initialized successfully
2025-10-23 16:31:09,191 - api.faqs - INFO - SQLAlchemy version: 2.0.41
2025-10-23 16:31:09,221 - api.faqs - INFO - Текущие столбцы таблицы faqs: ['id', 'question', 'answer', 'category', 'created_at', 'updated_at', 'views_count', 'helpful_count', 'not_helpful_count', 'content_html', 'department', 'is_general']
2025-10-23 16:31:12,008 - services.admin_manager - INFO - 🔧 AdminManager using database: portaladmins_db at localhost:5432
2025-10-23 16:31:12,061 - services.admin_manager - INFO - 📋 Admin table columns: ['id', 'username', 'service_id', 'is_active', 'permissions', 'created_at', 'updated_at', 'email']
2025-10-23 16:31:12,064 - services.admin_manager - WARNING - Таблица 'reset_tokens' не найдена в базе данных
2025-10-23 16:31:12,140 - services.jwt_utils - INFO - JWT Configuration: ALGORITHM=HS256, ACCESS_TOKEN_EXPIRE_MINUTES=1440
2025-10-23 16:31:12,140 - services.jwt_utils - INFO - SECRET_KEY установлена: Да
2025-10-23 16:31:12,213 - api.auth - INFO - Loaded 0 reset tokens from storage
2025-10-23 16:31:12,272 - chat - INFO - Таблицы успешно созданы или уже существуют.
2025-10-23 16:31:12,272 - chat - INFO - Initializing user statuses for existing chats...
2025-10-23 16:31:12,304 - chat - INFO - User statuses initialized successfully
2025-10-23 16:31:12,396 - api.faqs - INFO - SQLAlchemy version: 2.0.41
2025-10-23 16:31:12,426 - api.faqs - INFO - Текущие столбцы таблицы faqs: ['id', 'question', 'answer', 'category', 'created_at', 'updated_at', 'views_count', 'helpful_count', 'not_helpful_count', 'content_html', 'department', 'is_general']
2025-10-23 16:32:38,404 - services.admin_manager - INFO - 🔧 AdminManager using database: portaladmins_db at localhost:5432
2025-10-23 16:32:38,470 - services.admin_manager - INFO - 📋 Admin table columns: ['id', 'username', 'service_id', 'is_active', 'permissions', 'created_at', 'updated_at', 'email']
2025-10-23 16:32:38,472 - services.admin_manager - WARNING - Таблица 'reset_tokens' не найдена в базе данных
2025-10-23 16:32:38,556 - services.jwt_utils - INFO - JWT Configuration: ALGORITHM=HS256, ACCESS_TOKEN_EXPIRE_MINUTES=1440
2025-10-23 16:32:38,557 - services.jwt_utils - INFO - SECRET_KEY установлена: Да
2025-10-23 16:32:38,638 - api.auth - INFO - Loaded 0 reset tokens from storage
2025-10-23 16:32:38,696 - chat - INFO - Таблицы успешно созданы или уже существуют.
2025-10-23 16:32:38,697 - chat - INFO - Initializing user statuses for existing chats...
2025-10-23 16:32:38,725 - chat - INFO - User statuses initialized successfully
2025-10-23 16:32:38,824 - api.faqs - INFO - SQLAlchemy version: 2.0.41
2025-10-23 16:32:38,857 - api.faqs - INFO - Текущие столбцы таблицы faqs: ['id', 'question', 'answer', 'category', 'created_at', 'updated_at', 'views_count', 'helpful_count', 'not_helpful_count', 'content_html', 'department', 'is_general']
2025-10-23 16:32:41,265 - services.admin_manager - INFO - 🔧 AdminManager using database: portaladmins_db at localhost:5432
2025-10-23 16:32:41,321 - services.admin_manager - INFO - 📋 Admin table columns: ['id', 'username', 'service_id', 'is_active', 'permissions', 'created_at', 'updated_at', 'email']
2025-10-23 16:32:41,324 - services.admin_manager - WARNING - Таблица 'reset_tokens' не найдена в базе данных
2025-10-23 16:32:41,405 - services.jwt_utils - INFO - JWT Configuration: ALGORITHM=HS256, ACCESS_TOKEN_EXPIRE_MINUTES=1440
2025-10-23 16:32:41,405 - services.jwt_utils - INFO - SECRET_KEY установлена: Да
2025-10-23 16:32:41,485 - api.auth - INFO - Loaded 0 reset tokens from storage
2025-10-23 16:32:41,546 - chat - INFO - Таблицы успешно созданы или уже существуют.
2025-10-23 16:32:41,546 - chat - INFO - Initializing user statuses for existing chats...
2025-10-23 16:32:41,574 - chat - INFO - User statuses initialized successfully
2025-10-23 16:32:41,660 - api.faqs - INFO - SQLAlchemy version: 2.0.41
2025-10-23 16:32:41,688 - api.faqs - INFO - Текущие столбцы таблицы faqs: ['id', 'question', 'answer', 'category', 'created_at', 'updated_at', 'views_count', 'helpful_count', 'not_helpful_count', 'content_html', 'department', 'is_general']
2025-10-23 16:33:13,172 - services.admin_manager - INFO - 🔧 AdminManager using database: portaladmins_db at localhost:5432
2025-10-23 16:33:13,226 - services.admin_manager - INFO - 📋 Admin table columns: ['id', 'username', 'service_id', 'is_active', 'permissions', 'created_at', 'updated_at', 'email']
2025-10-23 16:33:13,230 - services.admin_manager - WARNING - Таблица 'reset_tokens' не найдена в базе данных
2025-10-23 16:33:13,319 - services.jwt_utils - INFO - JWT Configuration: ALGORITHM=HS256, ACCESS_TOKEN_EXPIRE_MINUTES=1440
2025-10-23 16:33:13,319 - services.jwt_utils - INFO - SECRET_KEY установлена: Да
2025-10-23 16:33:13,401 - api.auth - INFO - Loaded 0 reset tokens from storage
2025-10-23 16:33:13,457 - chat - INFO - Таблицы успешно созданы или уже существуют.
2025-10-23 16:33:13,457 - chat - INFO - Initializing user statuses for existing chats...
2025-10-23 16:33:13,485 - chat - INFO - User statuses initialized successfully
2025-10-23 16:33:13,576 - api.faqs - INFO - SQLAlchemy version: 2.0.41
2025-10-23 16:33:13,607 - api.faqs - INFO - Текущие столбцы таблицы faqs: ['id', 'question', 'answer', 'category', 'created_at', 'updated_at', 'views_count', 'helpful_count', 'not_helpful_count', 'content_html', 'department', 'is_general']
2025-10-23 16:44:04,462 - services.admin_manager - INFO - 🔧 AdminManager using database: portaladmins_db at localhost:5432
2025-10-23 16:44:04,528 - services.admin_manager - INFO - 📋 Admin table columns: ['id', 'username', 'service_id', 'is_active', 'permissions', 'created_at', 'updated_at', 'email']
2025-10-23 16:44:04,531 - services.admin_manager - WARNING - Таблица 'reset_tokens' не найдена в базе данных
2025-10-23 16:44:04,620 - services.jwt_utils - INFO - JWT Configuration: ALGORITHM=HS256, ACCESS_TOKEN_EXPIRE_MINUTES=1440
2025-10-23 16:44:04,620 - services.jwt_utils - INFO - SECRET_KEY установлена: Да
2025-10-23 16:44:04,621 - services.jwt_utils - INFO - JWTService инициализирован с настройками: {'access_token_expire_minutes': 1440, 'refresh_token_expire_days': 5, 'algorithm': 'HS256'}
2025-10-23 16:44:04,697 - api.auth - INFO - Loaded 0 reset tokens from storage
2025-10-23 16:44:04,760 - chat - INFO - Таблицы успешно созданы или уже существуют.
2025-10-23 16:44:04,760 - chat - INFO - Initializing user statuses for existing chats...
2025-10-23 16:44:04,787 - chat - INFO - User statuses initialized successfully
2025-10-23 16:44:04,873 - api.faqs - INFO - SQLAlchemy version: 2.0.41
2025-10-23 16:44:04,906 - api.faqs - INFO - Текущие столбцы таблицы faqs: ['id', 'question', 'answer', 'category', 'created_at', 'updated_at', 'views_count', 'helpful_count', 'not_helpful_count', 'content_html', 'department', 'is_general']
2025-10-23 16:44:35,987 - services.admin_manager - INFO - 🔧 AdminManager using database: portaladmins_db at localhost:5432
2025-10-23 16:44:36,045 - services.admin_manager - INFO - 📋 Admin table columns: ['id', 'username', 'service_id', 'is_active', 'permissions', 'created_at', 'updated_at', 'email']
2025-10-23 16:44:36,048 - services.admin_manager - WARNING - Таблица 'reset_tokens' не найдена в базе данных
2025-10-23 16:47:31,318 - services.admin_manager - INFO - 🔧 AdminManager using database: portaladmins_db at localhost:5432
2025-10-23 16:47:31,377 - services.admin_manager - INFO - 📋 Admin table columns: ['id', 'username', 'service_id', 'is_active', 'permissions', 'created_at', 'updated_at', 'email']
2025-10-23 16:47:31,380 - services.admin_manager - WARNING - Таблица 'reset_tokens' не найдена в базе данных
2025-10-23 16:47:46,124 - services.admin_manager - INFO - 🔧 AdminManager using database: portaladmins_db at localhost:5432
2025-10-23 16:47:46,177 - services.admin_manager - INFO - 📋 Admin table columns: ['id', 'username', 'service_id', 'is_active', 'permissions', 'created_at', 'updated_at', 'email']
2025-10-23 16:47:46,179 - services.admin_manager - WARNING - Таблица 'reset_tokens' не найдена в базе данных
2025-10-23 16:47:46,264 - services.jwt_utils - INFO - JWT Configuration: ALGORITHM=HS256, ACCESS_TOKEN_EXPIRE_MINUTES=1440
2025-10-23 16:47:46,264 - services.jwt_utils - INFO - SECRET_KEY установлена: Да
2025-10-23 16:47:46,265 - services.jwt_utils - INFO - JWTService инициализирован с настройками: {'access_token_expire_minutes': 1440, 'refresh_token_expire_days': 5, 'algorithm': 'HS256'}
2025-10-23 16:47:46,343 - api.auth - INFO - Loaded 0 reset tokens from storage
2025-10-23 16:47:46,403 - chat - INFO - Таблицы успешно созданы или уже существуют.
2025-10-23 16:47:46,403 - chat - INFO - Initializing user statuses for existing chats...
2025-10-23 16:47:46,433 - chat - INFO - User statuses initialized successfully
2025-10-23 16:47:46,518 - api.faqs - INFO - SQLAlchemy version: 2.0.41
2025-10-23 16:47:46,549 - api.faqs - INFO - Текущие столбцы таблицы faqs: ['id', 'question', 'answer', 'category', 'created_at', 'updated_at', 'views_count', 'helpful_count', 'not_helpful_count', 'content_html', 'department', 'is_general']
2025-10-23 16:48:42,673 - services.admin_manager - INFO - 🔧 AdminManager using database: portaladmins_db at localhost:5432
2025-10-23 16:48:42,874 - services.admin_manager - INFO - 📋 Admin table columns: ['id', 'username', 'service_id', 'is_active', 'permissions', 'created_at', 'updated_at', 'email']
2025-10-23 16:48:42,879 - services.admin_manager - WARNING - Таблица 'reset_tokens' не найдена в базе данных
2025-10-23 16:48:43,153 - services.jwt_utils - INFO - JWT Configuration: ALGORITHM=HS256, ACCESS_TOKEN_EXPIRE_MINUTES=1440
2025-10-23 16:48:43,153 - services.jwt_utils - INFO - SECRET_KEY установлена: Да
2025-10-23 16:48:43,154 - services.jwt_utils - INFO - JWTService инициализирован с настройками: {'access_token_expire_minutes': 1440, 'refresh_token_expire_days': 5, 'algorithm': 'HS256'}
2025-10-23 16:48:43,275 - api.auth - INFO - Loaded 0 reset tokens from storage
2025-10-23 16:48:43,386 - chat - INFO - Таблицы успешно созданы или уже существуют.
2025-10-23 16:48:43,387 - chat - INFO - Initializing user statuses for existing chats...
2025-10-23 16:48:43,427 - chat - INFO - User statuses initialized successfully
2025-10-23 16:48:43,529 - api.faqs - INFO - SQLAlchemy version: 2.0.41
2025-10-23 16:48:43,601 - api.faqs - INFO - Текущие столбцы таблицы faqs: ['id', 'question', 'answer', 'category', 'created_at', 'updated_at', 'views_count', 'helpful_count', 'not_helpful_count', 'content_html', 'department', 'is_general']
2025-10-23 16:55:51,010 - services.admin_manager - INFO - 🔧 AdminManager using database: portaladmins_db at localhost:5432
2025-10-23 16:55:51,061 - services.admin_manager - INFO - 📋 Admin table columns: ['id', 'username', 'service_id', 'is_active', 'permissions', 'created_at', 'updated_at', 'email']
2025-10-23 16:55:51,064 - services.admin_manager - WARNING - Таблица 'reset_tokens' не найдена в базе данных
2025-10-23 16:55:51,220 - api.auth - INFO - Loaded 0 reset tokens from storage
2025-10-23 16:55:51,275 - chat - INFO - Таблицы успешно созданы или уже существуют.
2025-10-23 16:55:51,275 - chat - INFO - Initializing user statuses for existing chats...
2025-10-23 16:55:51,306 - chat - INFO - User statuses initialized successfully
2025-10-23 16:55:51,390 - api.faqs - INFO - SQLAlchemy version: 2.0.41
2025-10-23 16:55:51,418 - api.faqs - INFO - Текущие столбцы таблицы faqs: ['id', 'question', 'answer', 'category', 'created_at', 'updated_at', 'views_count', 'helpful_count', 'not_helpful_count', 'content_html', 'department', 'is_general']
2025-10-23 16:56:02,046 - services.admin_manager - INFO - 🔧 AdminManager using database: portaladmins_db at localhost:5432
2025-10-23 16:56:02,101 - services.admin_manager - INFO - 📋 Admin table columns: ['id', 'username', 'service_id', 'is_active', 'permissions', 'created_at', 'updated_at', 'email']
2025-10-23 16:56:02,104 - services.admin_manager - WARNING - Таблица 'reset_tokens' не найдена в базе данных
2025-10-23 16:56:02,261 - api.auth - INFO - Loaded 0 reset tokens from storage
2025-10-23 16:56:02,317 - chat - INFO - Таблицы успешно созданы или уже существуют.
2025-10-23 16:56:02,317 - chat - INFO - Initializing user statuses for existing chats...
2025-10-23 16:56:02,349 - chat - INFO - User statuses initialized successfully
2025-10-23 16:56:02,437 - api.faqs - INFO - SQLAlchemy version: 2.0.41
2025-10-23 16:56:02,465 - api.faqs - INFO - Текущие столбцы таблицы faqs: ['id', 'question', 'answer', 'category', 'created_at', 'updated_at', 'views_count', 'helpful_count', 'not_helpful_count', 'content_html', 'department', 'is_general']
2025-10-23 16:56:16,040 - services.admin_manager - INFO - 🔧 AdminManager using database: portaladmins_db at localhost:5432
2025-10-23 16:56:16,099 - services.admin_manager - INFO - 📋 Admin table columns: ['id', 'username', 'service_id', 'is_active', 'permissions', 'created_at', 'updated_at', 'email']
2025-10-23 16:56:16,102 - services.admin_manager - WARNING - Таблица 'reset_tokens' не найдена в базе данных
2025-10-23 16:56:16,263 - api.auth - INFO - Loaded 0 reset tokens from storage
2025-10-23 16:56:16,322 - chat - INFO - Таблицы успешно созданы или уже существуют.
2025-10-23 16:56:16,323 - chat - INFO - Initializing user statuses for existing chats...
2025-10-23 16:56:16,351 - chat - INFO - User statuses initialized successfully
2025-10-23 16:56:16,436 - api.faqs - INFO - SQLAlchemy version: 2.0.41
2025-10-23 16:56:16,465 - api.faqs - INFO - Текущие столбцы таблицы faqs: ['id', 'question', 'answer', 'category', 'created_at', 'updated_at', 'views_count', 'helpful_count', 'not_helpful_count', 'content_html', 'department', 'is_general']
2025-10-23 17:02:34,285 - services.admin_manager - INFO - 🔧 AdminManager using database: portaladmins_db at localhost:5432
2025-10-23 17:02:34,336 - services.admin_manager - INFO - 📋 Admin table columns: ['id', 'username', 'service_id', 'is_active', 'permissions', 'created_at', 'updated_at', 'email']
2025-10-23 17:02:34,339 - services.admin_manager - WARNING - Таблица 'reset_tokens' не найдена в базе данных
2025-10-23 17:02:34,414 - services.jwt_utils - INFO - JWT Configuration: ALGORITHM=HS256, ACCESS_TOKEN_EXPIRE_MINUTES=1440
2025-10-23 17:02:34,414 - services.jwt_utils - INFO - SECRET_KEY установлена: Да
2025-10-23 17:02:34,414 - services.jwt_utils - INFO - JWTService инициализирован с настройками: {'access_token_expire_minutes': 1440, 'refresh_token_expire_days': 5, 'algorithm': 'HS256'}
2025-10-23 17:02:34,485 - api.auth - INFO - Loaded 0 reset tokens from storage
2025-10-23 17:02:34,552 - chat - INFO - Таблицы успешно созданы или уже существуют.
2025-10-23 17:02:34,552 - chat - INFO - Initializing user statuses for existing chats...
2025-10-23 17:02:34,577 - chat - INFO - User statuses initialized successfully
2025-10-23 17:02:34,660 - api.faqs - INFO - SQLAlchemy version: 2.0.41
2025-10-23 17:02:34,689 - api.faqs - INFO - Текущие столбцы таблицы faqs: ['id', 'question', 'answer', 'category', 'created_at', 'updated_at', 'views_count', 'helpful_count', 'not_helpful_count', 'content_html', 'department', 'is_general']
2025-10-24 09:15:11,545 - services.admin_manager - INFO - 🔧 AdminManager using database: portaladmins_db at localhost:5432
2025-10-24 09:15:11,601 - services.admin_manager - INFO - 📋 Admin table columns: ['id', 'username', 'service_id', 'is_active', 'permissions', 'created_at', 'updated_at', 'email']
2025-10-24 09:15:11,603 - services.admin_manager - WARNING - Таблица 'reset_tokens' не найдена в базе данных
2025-10-24 09:15:11,682 - services.jwt_utils - INFO - JWT Configuration: ALGORITHM=HS256, ACCESS_TOKEN_EXPIRE_MINUTES=1440
2025-10-24 09:15:11,682 - services.jwt_utils - INFO - SECRET_KEY установлена: Да
2025-10-24 09:15:11,683 - services.jwt_utils - INFO - JWTService инициализирован с настройками: {'access_token_expire_minutes': 1440, 'refresh_token_expire_days': 5, 'algorithm': 'HS256'}
2025-10-24 09:15:11,766 - api.auth - INFO - Loaded 0 reset tokens from storage
2025-10-24 09:15:11,830 - chat - INFO - Таблицы успешно созданы или уже существуют.
2025-10-24 09:15:11,830 - chat - INFO - Initializing user statuses for existing chats...
2025-10-24 09:15:11,861 - chat - INFO - User statuses initialized successfully
2025-10-24 09:15:11,942 - api.faqs - INFO - SQLAlchemy version: 2.0.41
2025-10-24 09:15:11,975 - api.faqs - INFO - Текущие столбцы таблицы faqs: ['id', 'question', 'answer', 'category', 'created_at', 'updated_at', 'views_count', 'helpful_count', 'not_helpful_count', 'content_html', 'department', 'is_general']
2025-10-24 09:15:35,609 - services.admin_manager - INFO - 🔧 AdminManager using database: portaladmins_db at localhost:5432
2025-10-24 09:15:35,671 - services.admin_manager - INFO - 📋 Admin table columns: ['id', 'username', 'service_id', 'is_active', 'permissions', 'created_at', 'updated_at', 'email']
2025-10-24 09:15:35,675 - services.admin_manager - WARNING - Таблица 'reset_tokens' не найдена в базе данных
2025-10-24 09:15:35,760 - services.jwt_utils - INFO - JWT Configuration: ALGORITHM=HS256, ACCESS_TOKEN_EXPIRE_MINUTES=1440
2025-10-24 09:15:35,761 - services.jwt_utils - INFO - SECRET_KEY установлена: Да
2025-10-24 09:15:35,761 - services.jwt_utils - INFO - JWTService инициализирован с настройками: {'access_token_expire_minutes': 1440, 'refresh_token_expire_days': 5, 'algorithm': 'HS256'}
2025-10-24 09:15:35,836 - api.auth - INFO - Loaded 0 reset tokens from storage
2025-10-24 09:15:35,897 - chat - INFO - Таблицы успешно созданы или уже существуют.
2025-10-24 09:15:35,898 - chat - INFO - Initializing user statuses for existing chats...
2025-10-24 09:15:35,929 - chat - INFO - User statuses initialized successfully
2025-10-24 09:15:36,014 - api.faqs - INFO - SQLAlchemy version: 2.0.41
2025-10-24 09:15:36,043 - api.faqs - INFO - Текущие столбцы таблицы faqs: ['id', 'question', 'answer', 'category', 'created_at', 'updated_at', 'views_count', 'helpful_count', 'not_helpful_count', 'content_html', 'department', 'is_general']
2025-10-24 09:16:40,591 - services.admin_manager - INFO - 🔧 AdminManager using database: portaladmins_db at localhost:5432
2025-10-24 09:16:40,644 - services.admin_manager - INFO - 📋 Admin table columns: ['id', 'username', 'service_id', 'is_active', 'permissions', 'created_at', 'updated_at', 'email']
2025-10-24 09:16:40,646 - services.admin_manager - WARNING - Таблица 'reset_tokens' не найдена в базе данных
2025-10-24 09:16:40,753 - services.jwt_utils - INFO - JWT Configuration: ALGORITHM=HS256, ACCESS_TOKEN_EXPIRE_MINUTES=1440
2025-10-24 09:16:40,753 - services.jwt_utils - INFO - SECRET_KEY установлена: Да
2025-10-24 09:16:40,754 - services.jwt_utils - INFO - JWTService инициализирован с настройками: {'access_token_expire_minutes': 1440, 'refresh_token_expire_days': 5, 'algorithm': 'HS256'}
2025-10-24 09:16:40,849 - api.auth - INFO - Loaded 0 reset tokens from storage
2025-10-24 09:16:40,924 - chat - INFO - Таблицы успешно созданы или уже существуют.
2025-10-24 09:16:40,925 - chat - INFO - Initializing user statuses for existing chats...
2025-10-24 09:16:40,966 - chat - INFO - User statuses initialized successfully
2025-10-24 09:16:41,072 - api.faqs - INFO - SQLAlchemy version: 2.0.41
2025-10-24 09:16:41,101 - api.faqs - INFO - Текущие столбцы таблицы faqs: ['id', 'question', 'answer', 'category', 'created_at', 'updated_at', 'views_count', 'helpful_count', 'not_helpful_count', 'content_html', 'department', 'is_general']
2025-10-24 09:16:56,176 - services.admin_manager - INFO - 🔧 AdminManager using database: portaladmins_db at localhost:5432
2025-10-24 09:16:56,226 - services.admin_manager - INFO - 📋 Admin table columns: ['id', 'username', 'service_id', 'is_active', 'permissions', 'created_at', 'updated_at', 'email']
2025-10-24 09:16:56,229 - services.admin_manager - WARNING - Таблица 'reset_tokens' не найдена в базе данных
2025-10-24 09:16:56,312 - services.jwt_utils - INFO - JWT Configuration: ALGORITHM=HS256, ACCESS_TOKEN_EXPIRE_MINUTES=1440
2025-10-24 09:16:56,312 - services.jwt_utils - INFO - SECRET_KEY установлена: Да
2025-10-24 09:16:56,313 - services.jwt_utils - INFO - JWTService инициализирован с настройками: {'access_token_expire_minutes': 1440, 'refresh_token_expire_days': 5, 'algorithm': 'HS256'}
2025-10-24 09:16:56,386 - api.auth - INFO - Loaded 0 reset tokens from storage
2025-10-24 09:16:56,442 - chat - INFO - Таблицы успешно созданы или уже существуют.
2025-10-24 09:16:56,442 - chat - INFO - Initializing user statuses for existing chats...
2025-10-24 09:16:56,468 - chat - INFO - User statuses initialized successfully
2025-10-24 09:16:56,548 - api.faqs - INFO - SQLAlchemy version: 2.0.41
2025-10-24 09:16:56,576 - api.faqs - INFO - Текущие столбцы таблицы faqs: ['id', 'question', 'answer', 'category', 'created_at', 'updated_at', 'views_count', 'helpful_count', 'not_helpful_count', 'content_html', 'department', 'is_general']
2025-10-24 09:18:25,257 - services.admin_manager - INFO - 🔧 AdminManager using database: portaladmins_db at localhost:5432
2025-10-24 09:18:25,316 - services.admin_manager - INFO - 📋 Admin table columns: ['id', 'username', 'service_id', 'is_active', 'permissions', 'created_at', 'updated_at', 'email']
2025-10-24 09:18:25,319 - services.admin_manager - WARNING - Таблица 'reset_tokens' не найдена в базе данных
2025-10-24 09:18:25,395 - services.jwt_utils - INFO - JWT Configuration: ALGORITHM=HS256, ACCESS_TOKEN_EXPIRE_MINUTES=1440
2025-10-24 09:18:25,395 - services.jwt_utils - INFO - SECRET_KEY установлена: Да
2025-10-24 09:18:25,395 - services.jwt_utils - INFO - JWTService инициализирован с настройками: {'access_token_expire_minutes': 1440, 'refresh_token_expire_days': 5, 'algorithm': 'HS256'}
2025-10-24 09:18:25,466 - api.auth - INFO - Loaded 0 reset tokens from storage
2025-10-24 09:18:25,526 - chat - INFO - Таблицы успешно созданы или уже существуют.
2025-10-24 09:18:25,526 - chat - INFO - Initializing user statuses for existing chats...
2025-10-24 09:18:25,554 - chat - INFO - User statuses initialized successfully
2025-10-24 09:18:25,635 - api.faqs - INFO - SQLAlchemy version: 2.0.41
2025-10-24 09:18:25,661 - api.faqs - INFO - Текущие столбцы таблицы faqs: ['id', 'question', 'answer', 'category', 'created_at', 'updated_at', 'views_count', 'helpful_count', 'not_helpful_count', 'content_html', 'department', 'is_general']
2025-10-24 09:21:06,180 - services.admin_manager - INFO - 🔧 AdminManager using database: portaladmins_db at localhost:5432
2025-10-24 09:21:06,233 - services.admin_manager - INFO - 📋 Admin table columns: ['id', 'username', 'service_id', 'is_active', 'permissions', 'created_at', 'updated_at', 'email']
2025-10-24 09:21:06,236 - services.admin_manager - WARNING - Таблица 'reset_tokens' не найдена в базе данных
2025-10-24 09:21:06,321 - services.jwt_utils - INFO - JWT Configuration: ALGORITHM=HS256, ACCESS_TOKEN_EXPIRE_MINUTES=1440
2025-10-24 09:21:06,321 - services.jwt_utils - INFO - SECRET_KEY установлена: Да
2025-10-24 09:21:06,322 - services.jwt_utils - INFO - JWTService инициализирован с настройками: {'access_token_expire_minutes': 1440, 'refresh_token_expire_days': 5, 'algorithm': 'HS256'}
2025-10-24 09:21:06,414 - api.auth - INFO - Loaded 0 reset tokens from storage
2025-10-24 09:21:06,477 - chat - INFO - Таблицы успешно созданы или уже существуют.
2025-10-24 09:21:06,478 - chat - INFO - Initializing user statuses for existing chats...
2025-10-24 09:21:06,506 - chat - INFO - User statuses initialized successfully
2025-10-24 09:21:06,598 - api.faqs - INFO - SQLAlchemy version: 2.0.41
2025-10-24 09:21:06,630 - api.faqs - INFO - Текущие столбцы таблицы faqs: ['id', 'question', 'answer', 'category', 'created_at', 'updated_at', 'views_count', 'helpful_count', 'not_helpful_count', 'content_html', 'department', 'is_general']
2025-10-24 09:22:22,871 - services.admin_manager - INFO - 🔧 AdminManager using database: portaladmins_db at localhost:5432
2025-10-24 09:22:22,937 - services.admin_manager - INFO - 📋 Admin table columns: ['id', 'username', 'service_id', 'is_active', 'permissions', 'created_at', 'updated_at', 'email']
2025-10-24 09:22:22,940 - services.admin_manager - WARNING - Таблица 'reset_tokens' не найдена в базе данных
2025-10-24 09:22:23,041 - services.jwt_utils - INFO - JWT Configuration: ALGORITHM=HS256, ACCESS_TOKEN_EXPIRE_MINUTES=1440
2025-10-24 09:22:23,041 - services.jwt_utils - INFO - SECRET_KEY установлена: Да
2025-10-24 09:22:23,042 - services.jwt_utils - INFO - JWTService инициализирован с настройками: {'access_token_expire_minutes': 1440, 'refresh_token_expire_days': 5, 'algorithm': 'HS256'}
2025-10-24 09:22:23,124 - api.auth - INFO - Loaded 0 reset tokens from storage
2025-10-24 09:22:23,192 - chat - INFO - Таблицы успешно созданы или уже существуют.
2025-10-24 09:22:23,193 - chat - INFO - Initializing user statuses for existing chats...
2025-10-24 09:22:23,225 - chat - INFO - User statuses initialized successfully
2025-10-24 09:22:23,328 - api.faqs - INFO - SQLAlchemy version: 2.0.41
2025-10-24 09:22:23,375 - api.faqs - INFO - Текущие столбцы таблицы faqs: ['id', 'question', 'answer', 'category', 'created_at', 'updated_at', 'views_count', 'helpful_count', 'not_helpful_count', 'content_html', 'department', 'is_general']
2025-10-24 09:22:34,133 - services.admin_manager - INFO - 🔧 AdminManager using database: portaladmins_db at localhost:5432
2025-10-24 09:22:34,191 - services.admin_manager - INFO - 📋 Admin table columns: ['id', 'username', 'service_id', 'is_active', 'permissions', 'created_at', 'updated_at', 'email']
2025-10-24 09:22:34,193 - services.admin_manager - WARNING - Таблица 'reset_tokens' не найдена в базе данных
2025-10-24 09:22:34,276 - services.jwt_utils - INFO - JWT Configuration: ALGORITHM=HS256, ACCESS_TOKEN_EXPIRE_MINUTES=1440
2025-10-24 09:22:34,276 - services.jwt_utils - INFO - SECRET_KEY установлена: Да
2025-10-24 09:22:34,276 - services.jwt_utils - INFO - JWTService инициализирован с настройками: {'access_token_expire_minutes': 1440, 'refresh_token_expire_days': 5, 'algorithm': 'HS256'}
2025-10-24 09:22:34,351 - api.auth - INFO - Loaded 0 reset tokens from storage
2025-10-24 09:22:34,411 - chat - INFO - Таблицы успешно созданы или уже существуют.
2025-10-24 09:22:34,411 - chat - INFO - Initializing user statuses for existing chats...
2025-10-24 09:22:34,439 - chat - INFO - User statuses initialized successfully
2025-10-24 09:22:34,526 - api.faqs - INFO - SQLAlchemy version: 2.0.41
2025-10-24 09:22:34,559 - api.faqs - INFO - Текущие столбцы таблицы faqs: ['id', 'question', 'answer', 'category', 'created_at', 'updated_at', 'views_count', 'helpful_count', 'not_helpful_count', 'content_html', 'department', 'is_general']
2025-10-24 09:22:47,310 - services.admin_manager - INFO - 🔧 AdminManager using database: portaladmins_db at localhost:5432
2025-10-24 09:22:47,370 - services.admin_manager - INFO - 📋 Admin table columns: ['id', 'username', 'service_id', 'is_active', 'permissions', 'created_at', 'updated_at', 'email']
2025-10-24 09:22:47,373 - services.admin_manager - WARNING - Таблица 'reset_tokens' не найдена в базе данных
2025-10-24 09:22:47,459 - services.jwt_utils - INFO - JWT Configuration: ALGORITHM=HS256, ACCESS_TOKEN_EXPIRE_MINUTES=1440
2025-10-24 09:22:47,459 - services.jwt_utils - INFO - SECRET_KEY установлена: Да
2025-10-24 09:22:47,459 - services.jwt_utils - INFO - JWTService инициализирован с настройками: {'access_token_expire_minutes': 1440, 'refresh_token_expire_days': 5, 'algorithm': 'HS256'}
2025-10-24 09:22:47,529 - api.auth - INFO - Loaded 0 reset tokens from storage
2025-10-24 09:22:47,589 - chat - INFO - Таблицы успешно созданы или уже существуют.
2025-10-24 09:22:47,589 - chat - INFO - Initializing user statuses for existing chats...
2025-10-24 09:22:47,617 - chat - INFO - User statuses initialized successfully
2025-10-24 09:22:47,704 - api.faqs - INFO - SQLAlchemy version: 2.0.41
2025-10-24 09:22:47,734 - api.faqs - INFO - Текущие столбцы таблицы faqs: ['id', 'question', 'answer', 'category', 'created_at', 'updated_at', 'views_count', 'helpful_count', 'not_helpful_count', 'content_html', 'department', 'is_general']
2025-10-24 10:07:39,448 - services.admin_manager - INFO - 🔧 AdminManager using database: portaladmins_db at localhost:5432
2025-10-24 10:07:39,504 - services.admin_manager - INFO - 📋 Admin table columns: ['id', 'username', 'service_id', 'is_active', 'permissions', 'created_at', 'updated_at', 'email']
2025-10-24 10:07:39,506 - services.admin_manager - WARNING - Таблица 'reset_tokens' не найдена в базе данных
2025-10-24 10:07:39,587 - services.jwt_utils - INFO - JWT Configuration: ALGORITHM=HS256, ACCESS_TOKEN_EXPIRE_MINUTES=1440
2025-10-24 10:07:39,587 - services.jwt_utils - INFO - SECRET_KEY установлена: Да
2025-10-24 10:07:39,588 - services.jwt_utils - INFO - JWTService инициализирован с настройками: {'access_token_expire_minutes': 600, 'refresh_token_expire_days': 1, 'algorithm': 'HS512'}
2025-10-24 10:07:39,657 - api.auth - INFO - Loaded 0 reset tokens from storage
2025-10-24 10:07:39,714 - chat - INFO - Таблицы успешно созданы или уже существуют.
2025-10-24 10:07:39,715 - chat - INFO - Initializing user statuses for existing chats...
2025-10-24 10:07:39,743 - chat - INFO - User statuses initialized successfully
2025-10-24 10:07:39,823 - api.faqs - INFO - SQLAlchemy version: 2.0.41
2025-10-24 10:07:39,853 - api.faqs - INFO - Текущие столбцы таблицы faqs: ['id', 'question', 'answer', 'category', 'created_at', 'updated_at', 'views_count', 'helpful_count', 'not_helpful_count', 'content_html', 'department', 'is_general']
2025-10-24 11:06:16,105 - services.admin_manager - INFO - 🔧 AdminManager using database: portaladmins_db at localhost:5432
2025-10-24 11:06:16,163 - services.admin_manager - INFO - 📋 Admin table columns: ['id', 'username', 'service_id', 'is_active', 'permissions', 'created_at', 'updated_at', 'email']
2025-10-24 11:06:16,166 - services.admin_manager - WARNING - Таблица 'reset_tokens' не найдена в базе данных
2025-10-24 11:06:16,255 - services.jwt_utils - INFO - JWT Configuration: ALGORITHM=HS256, ACCESS_TOKEN_EXPIRE_MINUTES=1440
2025-10-24 11:06:16,255 - services.jwt_utils - INFO - SECRET_KEY установлена: Да
2025-10-24 11:06:16,255 - services.jwt_utils - INFO - JWTService инициализирован с настройками: {'access_token_expire_minutes': 600, 'refresh_token_expire_days': 1, 'algorithm': 'HS512'}
2025-10-24 11:06:16,335 - api.auth - INFO - Loaded 0 reset tokens from storage
2025-10-24 11:06:16,416 - chat - INFO - Таблицы успешно созданы или уже существуют.
2025-10-24 11:06:16,417 - chat - INFO - Initializing user statuses for existing chats...
2025-10-24 11:06:16,447 - chat - INFO - User statuses initialized successfully
2025-10-24 11:06:16,539 - api.faqs - INFO - SQLAlchemy version: 2.0.41
2025-10-24 11:06:16,572 - api.faqs - INFO - Текущие столбцы таблицы faqs: ['id', 'question', 'answer', 'category', 'created_at', 'updated_at', 'views_count', 'helpful_count', 'not_helpful_count', 'content_html', 'department', 'is_general']
2025-10-24 11:07:38,730 - services.admin_manager - INFO - 🔧 AdminManager using database: portaladmins_db at localhost:5432
2025-10-24 11:07:38,795 - services.admin_manager - INFO - 📋 Admin table columns: ['id', 'username', 'service_id', 'is_active', 'permissions', 'created_at', 'updated_at', 'email']
2025-10-24 11:07:38,799 - services.admin_manager - WARNING - Таблица 'reset_tokens' не найдена в базе данных
2025-10-24 11:07:38,887 - services.jwt_utils - INFO - JWT Configuration: ALGORITHM=HS256, ACCESS_TOKEN_EXPIRE_MINUTES=1440
2025-10-24 11:07:38,887 - services.jwt_utils - INFO - SECRET_KEY установлена: Да
2025-10-24 11:07:38,887 - services.jwt_utils - INFO - JWTService инициализирован с настройками: {'access_token_expire_minutes': 600, 'refresh_token_expire_days': 1, 'algorithm': 'HS512'}
2025-10-24 11:07:38,971 - api.auth - INFO - Loaded 0 reset tokens from storage
2025-10-24 11:07:39,067 - chat - INFO - Таблицы успешно созданы или уже существуют.
2025-10-24 11:07:39,067 - chat - INFO - Initializing user statuses for existing chats...
2025-10-24 11:07:39,105 - chat - INFO - User statuses initialized successfully
2025-10-24 11:07:39,203 - api.faqs - INFO - SQLAlchemy version: 2.0.41
2025-10-24 11:07:39,246 - api.faqs - INFO - Текущие столбцы таблицы faqs: ['id', 'question', 'answer', 'category', 'created_at', 'updated_at', 'views_count', 'helpful_count', 'not_helpful_count', 'content_html', 'department', 'is_general']
2025-10-24 13:16:54,777 - services.admin_manager - INFO - 🔧 AdminManager using database: portaladmins_db at localhost:5432
2025-10-24 13:16:54,838 - services.admin_manager - INFO - 📋 Admin table columns: ['id', 'username', 'service_id', 'is_active', 'permissions', 'created_at', 'updated_at', 'email']
2025-10-24 13:16:54,840 - services.admin_manager - WARNING - Таблица 'reset_tokens' не найдена в базе данных
2025-10-24 13:16:54,931 - services.jwt_utils - INFO - JWT Configuration: ALGORITHM=HS256, ACCESS_TOKEN_EXPIRE_MINUTES=1440
2025-10-24 13:16:54,931 - services.jwt_utils - INFO - SECRET_KEY установлена: Да
2025-10-24 13:16:54,931 - services.jwt_utils - INFO - JWTService инициализирован с настройками: {'access_token_expire_minutes': 600, 'refresh_token_expire_days': 1, 'algorithm': 'HS512'}
2025-10-24 13:16:55,013 - api.auth - INFO - Loaded 0 reset tokens from storage
2025-10-24 13:16:55,095 - chat - INFO - Таблицы успешно созданы или уже существуют.
2025-10-24 13:16:55,095 - chat - INFO - Initializing user statuses for existing chats...
2025-10-24 13:16:55,129 - chat - INFO - User statuses initialized successfully
2025-10-24 13:16:55,223 - api.faqs - INFO - SQLAlchemy version: 2.0.41
2025-10-24 13:16:55,261 - api.faqs - INFO - Текущие столбцы таблицы faqs: ['id', 'question', 'answer', 'category', 'created_at', 'updated_at', 'views_count', 'helpful_count', 'not_helpful_count', 'content_html', 'department', 'is_general']
2025-10-24 13:23:21,362 - services.admin_manager - INFO - 🔧 AdminManager using database: portaladmins_db at localhost:5432
2025-10-24 13:23:21,426 - services.admin_manager - INFO - 📋 Admin table columns: ['id', 'username', 'service_id', 'is_active', 'permissions', 'created_at', 'updated_at', 'email']
2025-10-24 13:23:21,429 - services.admin_manager - WARNING - Таблица 'reset_tokens' не найдена в базе данных
2025-10-24 13:23:21,516 - services.jwt_utils - INFO - JWT Configuration: ALGORITHM=HS256, ACCESS_TOKEN_EXPIRE_MINUTES=1440
2025-10-24 13:23:21,516 - services.jwt_utils - INFO - SECRET_KEY установлена: Да
2025-10-24 13:23:21,516 - services.jwt_utils - INFO - JWTService инициализирован с настройками: {'access_token_expire_minutes': 600, 'refresh_token_expire_days': 1, 'algorithm': 'HS512'}
2025-10-24 13:23:21,594 - api.auth - INFO - Loaded 0 reset tokens from storage
2025-10-24 13:23:21,682 - chat - INFO - Таблицы успешно созданы или уже существуют.
2025-10-24 13:23:21,682 - chat - INFO - Initializing user statuses for existing chats...
2025-10-24 13:23:21,711 - chat - INFO - User statuses initialized successfully
2025-10-24 13:23:21,806 - api.faqs - INFO - SQLAlchemy version: 2.0.41
2025-10-24 13:23:21,846 - api.faqs - INFO - Текущие столбцы таблицы faqs: ['id', 'question', 'answer', 'category', 'created_at', 'updated_at', 'views_count', 'helpful_count', 'not_helpful_count', 'content_html', 'department', 'is_general']
2025-10-24 14:15:25,353 - services.admin_manager - INFO - 🔧 AdminManager using database: portaladmins_db at localhost:5432
2025-10-24 14:15:25,404 - services.admin_manager - INFO - 📋 Admin table columns: ['id', 'username', 'service_id', 'is_active', 'permissions', 'created_at', 'updated_at', 'email']
2025-10-24 14:15:25,408 - services.admin_manager - WARNING - Таблица 'reset_tokens' не найдена в базе данных
2025-10-24 14:15:25,491 - services.jwt_utils - INFO - JWT Configuration: ALGORITHM=HS256, ACCESS_TOKEN_EXPIRE_MINUTES=1440
2025-10-24 14:15:25,491 - services.jwt_utils - INFO - SECRET_KEY установлена: Да
2025-10-24 14:15:25,492 - services.jwt_utils - INFO - JWTService инициализирован с настройками: {'access_token_expire_minutes': 600, 'refresh_token_expire_days': 1, 'algorithm': 'HS512'}
2025-10-24 14:15:25,563 - api.auth - INFO - Loaded 0 reset tokens from storage
2025-10-24 14:15:25,647 - chat - INFO - Таблицы успешно созданы или уже существуют.
2025-10-24 14:15:25,647 - chat - INFO - Initializing user statuses for existing chats...
2025-10-24 14:15:25,674 - chat - INFO - User statuses initialized successfully
2025-10-24 14:15:25,758 - api.faqs - INFO - SQLAlchemy version: 2.0.41
2025-10-24 14:15:25,789 - api.faqs - INFO - Текущие столбцы таблицы faqs: ['id', 'question', 'answer', 'category', 'created_at', 'updated_at', 'views_count', 'helpful_count', 'not_helpful_count', 'content_html', 'department', 'is_general']
2025-10-24 14:17:23,262 - services.admin_manager - INFO - 🔧 AdminManager using database: portaladmins_db at localhost:5432
2025-10-24 14:17:23,323 - services.admin_manager - INFO - 📋 Admin table columns: ['id', 'username', 'service_id', 'is_active', 'permissions', 'created_at', 'updated_at', 'email']
2025-10-24 14:17:23,327 - services.admin_manager - WARNING - Таблица 'reset_tokens' не найдена в базе данных
2025-10-24 14:17:23,407 - services.jwt_utils - INFO - JWT Configuration: ALGORITHM=HS256, ACCESS_TOKEN_EXPIRE_MINUTES=1440
2025-10-24 14:17:23,407 - services.jwt_utils - INFO - SECRET_KEY установлена: Да
2025-10-24 14:17:23,407 - services.jwt_utils - INFO - JWTService инициализирован с настройками: {'access_token_expire_minutes': 600, 'refresh_token_expire_days': 1, 'algorithm': 'HS512'}
2025-10-24 14:17:23,476 - api.auth - INFO - Loaded 0 reset tokens from storage
2025-10-24 14:17:23,557 - chat - INFO - Таблицы успешно созданы или уже существуют.
2025-10-24 14:17:23,558 - chat - INFO - Initializing user statuses for existing chats...
2025-10-24 14:17:23,584 - chat - INFO - User statuses initialized successfully
2025-10-24 14:17:23,673 - api.faqs - INFO - SQLAlchemy version: 2.0.41
2025-10-24 14:17:23,704 - api.faqs - INFO - Текущие столбцы таблицы faqs: ['id', 'question', 'answer', 'category', 'created_at', 'updated_at', 'views_count', 'helpful_count', 'not_helpful_count', 'content_html', 'department', 'is_general']
2025-10-24 14:44:34,852 - services.admin_manager - INFO - 🔧 AdminManager using database: portaladmins_db at localhost:5432
2025-10-24 14:44:34,912 - services.admin_manager - INFO - 📋 Admin table columns: ['id', 'username', 'service_id', 'is_active', 'permissions', 'created_at', 'updated_at', 'email']
2025-10-24 14:44:34,915 - services.admin_manager - WARNING - Таблица 'reset_tokens' не найдена в базе данных
2025-10-24 14:44:35,009 - services.jwt_utils - INFO - JWT Configuration: ALGORITHM=HS256, ACCESS_TOKEN_EXPIRE_MINUTES=1440
2025-10-24 14:44:35,009 - services.jwt_utils - INFO - SECRET_KEY установлена: Да
2025-10-24 14:44:35,010 - services.jwt_utils - INFO - JWTService инициализирован с настройками: {'access_token_expire_minutes': 600, 'refresh_token_expire_days': 1, 'algorithm': 'HS512'}
2025-10-24 14:44:35,090 - api.auth - INFO - Loaded 0 reset tokens from storage
2025-10-24 14:44:35,169 - chat - INFO - Таблицы успешно созданы или уже существуют.
2025-10-24 14:44:35,169 - chat - INFO - Initializing user statuses for existing chats...
2025-10-24 14:44:35,195 - chat - INFO - User statuses initialized successfully
2025-10-24 14:44:35,278 - api.faqs - INFO - SQLAlchemy version: 2.0.41
2025-10-24 14:44:35,309 - api.faqs - INFO - Текущие столбцы таблицы faqs: ['id', 'question', 'answer', 'category', 'created_at', 'updated_at', 'views_count', 'helpful_count', 'not_helpful_count', 'content_html', 'department', 'is_general']
2025-10-24 15:17:37,419 - services.admin_manager - INFO - 🔧 AdminManager using database: portaladmins_db at localhost:5432
2025-10-24 15:17:37,479 - services.admin_manager - INFO - 📋 Admin table columns: ['id', 'username', 'service_id', 'is_active', 'permissions', 'created_at', 'updated_at', 'email']
2025-10-24 15:17:37,482 - services.admin_manager - WARNING - Таблица 'reset_tokens' не найдена в базе данных
2025-10-24 15:17:37,581 - services.jwt_utils - INFO - JWT Configuration: ALGORITHM=HS256, ACCESS_TOKEN_EXPIRE_MINUTES=1440
2025-10-24 15:17:37,581 - services.jwt_utils - INFO - SECRET_KEY установлена: Да
2025-10-24 15:17:37,582 - services.jwt_utils - INFO - JWTService инициализирован с настройками: {'access_token_expire_minutes': 600, 'refresh_token_expire_days': 1, 'algorithm': 'HS512'}
2025-10-24 15:17:37,670 - api.auth - INFO - Loaded 0 reset tokens from storage
2025-10-24 15:17:37,770 - chat - INFO - Таблицы успешно созданы или уже существуют.
2025-10-24 15:17:37,770 - chat - INFO - Initializing user statuses for existing chats...
2025-10-24 15:17:37,799 - chat - INFO - User statuses initialized successfully
2025-10-24 15:17:37,886 - api.faqs - INFO - SQLAlchemy version: 2.0.41
2025-10-24 15:17:37,917 - api.faqs - INFO - Текущие столбцы таблицы faqs: ['id', 'question', 'answer', 'category', 'created_at', 'updated_at', 'views_count', 'helpful_count', 'not_helpful_count', 'content_html', 'department', 'is_general']
2025-10-24 15:22:50,358 - services.admin_manager - INFO - 🔧 AdminManager using database: portaladmins_db at localhost:5432
2025-10-24 15:22:50,408 - services.admin_manager - INFO - 📋 Admin table columns: ['id', 'username', 'service_id', 'is_active', 'permissions', 'created_at', 'updated_at', 'email']
2025-10-24 15:22:50,411 - services.admin_manager - WARNING - Таблица 'reset_tokens' не найдена в базе данных
2025-10-24 15:22:50,491 - services.jwt_utils - INFO - JWT Configuration: ALGORITHM=HS256, ACCESS_TOKEN_EXPIRE_MINUTES=1440
2025-10-24 15:22:50,491 - services.jwt_utils - INFO - SECRET_KEY установлена: Да
2025-10-24 15:22:50,491 - services.jwt_utils - INFO - JWTService инициализирован с настройками: {'access_token_expire_minutes': 600, 'refresh_token_expire_days': 1, 'algorithm': 'HS512'}
2025-10-24 15:22:50,565 - api.auth - INFO - Loaded 0 reset tokens from storage
2025-10-24 15:22:50,640 - chat - INFO - Таблицы успешно созданы или уже существуют.
2025-10-24 15:22:50,640 - chat - INFO - Initializing user statuses for existing chats...
2025-10-24 15:22:50,665 - chat - INFO - User statuses initialized successfully
2025-10-24 15:22:50,746 - api.faqs - INFO - SQLAlchemy version: 2.0.41
2025-10-24 15:22:50,773 - api.faqs - INFO - Текущие столбцы таблицы faqs: ['id', 'question', 'answer', 'category', 'created_at', 'updated_at', 'views_count', 'helpful_count', 'not_helpful_count', 'content_html', 'department', 'is_general']
2025-11-03 08:58:58,111 - services.admin_manager - INFO - 🔧 AdminManager using database: portaladmins_db at localhost:5432
2025-11-03 08:58:58,270 - services.admin_manager - INFO - 📋 Admin table columns: ['id', 'username', 'service_id', 'is_active', 'permissions', 'created_at', 'updated_at', 'email']
2025-11-03 08:58:58,272 - services.admin_manager - WARNING - Таблица 'reset_tokens' не найдена в базе данных
2025-11-03 08:58:58,454 - services.jwt_utils - INFO - JWT Configuration: ALGORITHM=HS256, ACCESS_TOKEN_EXPIRE_MINUTES=1440
2025-11-03 08:58:58,454 - services.jwt_utils - INFO - SECRET_KEY установлена: Да
2025-11-03 08:58:58,454 - services.jwt_utils - INFO - JWTService инициализирован с настройками: {'access_token_expire_minutes': 600, 'refresh_token_expire_days': 1, 'algorithm': 'HS512'}
2025-11-03 08:58:58,550 - api.auth - INFO - Loaded 0 reset tokens from storage
2025-11-03 08:58:58,652 - chat - INFO - Таблицы успешно созданы или уже существуют.
2025-11-03 08:58:58,653 - chat - INFO - Initializing user statuses for existing chats...
2025-11-03 08:58:58,666 - chat - INFO - User statuses initialized successfully
2025-11-03 08:58:58,771 - api.faqs - INFO - SQLAlchemy version: 2.0.41
2025-11-03 08:58:58,845 - api.faqs - INFO - Текущие столбцы таблицы faqs: ['id', 'question', 'answer', 'category', 'created_at', 'updated_at', 'views_count', 'helpful_count', 'not_helpful_count', 'content_html', 'department', 'is_general']
2025-11-05 10:58:36,902 - services.admin_manager - INFO - 🔧 AdminManager using database: portaladmins_db at localhost:5432
2025-11-05 10:58:36,955 - services.admin_manager - INFO - 📋 Admin table columns: ['id', 'username', 'service_id', 'is_active', 'permissions', 'created_at', 'updated_at', 'email']
2025-11-05 10:58:36,957 - services.admin_manager - WARNING - Таблица 'reset_tokens' не найдена в базе данных
2025-11-05 10:58:37,046 - services.jwt_utils - INFO - JWT Configuration: ALGORITHM=HS256, ACCESS_TOKEN_EXPIRE_MINUTES=1440
2025-11-05 10:58:37,046 - services.jwt_utils - INFO - SECRET_KEY установлена: Да
2025-11-05 10:58:37,046 - services.jwt_utils - INFO - JWTService инициализирован с настройками: {'access_token_expire_minutes': 600, 'refresh_token_expire_days': 1, 'algorithm': 'HS512'}
2025-11-05 10:58:37,123 - api.auth - INFO - Loaded 0 reset tokens from storage
2025-11-05 10:58:37,204 - chat - INFO - Таблицы успешно созданы или уже существуют.
2025-11-05 10:58:37,204 - chat - INFO - Initializing user statuses for existing chats...
2025-11-05 10:58:37,222 - chat - INFO - User statuses initialized successfully
2025-11-05 10:58:37,306 - api.faqs - INFO - SQLAlchemy version: 2.0.41
2025-11-05 10:58:37,334 - api.faqs - INFO - Текущие столбцы таблицы faqs: ['id', 'question', 'answer', 'category', 'created_at', 'updated_at', 'views_count', 'helpful_count', 'not_helpful_count', 'content_html', 'department', 'is_general']
2025-11-05 11:13:02,179 - services.admin_manager - INFO - 🔧 AdminManager using database: portaladmins_db at localhost:5432
2025-11-05 11:13:02,236 - services.admin_manager - INFO - 📋 Admin table columns: ['id', 'username', 'service_id', 'is_active', 'permissions', 'created_at', 'updated_at', 'email']
2025-11-05 11:13:02,239 - services.admin_manager - WARNING - Таблица 'reset_tokens' не найдена в базе данных
2025-11-05 11:13:02,314 - services.jwt_utils - INFO - JWT Configuration: ALGORITHM=HS256, ACCESS_TOKEN_EXPIRE_MINUTES=1440
2025-11-05 11:13:02,314 - services.jwt_utils - INFO - SECRET_KEY установлена: Да
2025-11-05 11:13:02,315 - services.jwt_utils - INFO - JWTService инициализирован с настройками: {'access_token_expire_minutes': 600, 'refresh_token_expire_days': 1, 'algorithm': 'HS512'}
2025-11-05 11:13:02,383 - api.auth - INFO - Loaded 0 reset tokens from storage
2025-11-05 11:13:02,458 - chat - INFO - Таблицы успешно созданы или уже существуют.
2025-11-05 11:13:02,459 - chat - INFO - Initializing user statuses for existing chats...
2025-11-05 11:13:02,477 - chat - INFO - User statuses initialized successfully
2025-11-05 11:13:02,559 - api.faqs - INFO - SQLAlchemy version: 2.0.41
2025-11-05 11:13:02,590 - api.faqs - INFO - Текущие столбцы таблицы faqs: ['id', 'question', 'answer', 'category', 'created_at', 'updated_at', 'views_count', 'helpful_count', 'not_helpful_count', 'content_html', 'department', 'is_general']
2025-11-05 11:35:09,667 - services.admin_manager - INFO - 🔧 AdminManager using database: portaladmins_db at localhost:5432
2025-11-05 11:35:09,719 - services.admin_manager - INFO - 📋 Admin table columns: ['id', 'username', 'service_id', 'is_active', 'permissions', 'created_at', 'updated_at', 'email']
2025-11-05 11:35:09,723 - services.admin_manager - WARNING - Таблица 'reset_tokens' не найдена в базе данных
2025-11-05 11:35:09,800 - services.jwt_utils - INFO - JWT Configuration: ALGORITHM=HS256, ACCESS_TOKEN_EXPIRE_MINUTES=1440
2025-11-05 11:35:09,800 - services.jwt_utils - INFO - SECRET_KEY установлена: Да
2025-11-05 11:35:09,800 - services.jwt_utils - INFO - JWTService инициализирован с настройками: {'access_token_expire_minutes': 600, 'refresh_token_expire_days': 1, 'algorithm': 'HS512'}
2025-11-05 11:35:09,873 - api.auth - INFO - Loaded 0 reset tokens from storage
2025-11-05 11:35:09,932 - chat - INFO - Таблицы успешно созданы или уже существуют.
2025-11-05 11:35:09,933 - chat - INFO - Initializing user statuses for existing chats...
2025-11-05 11:35:09,948 - chat - INFO - User statuses initialized successfully
2025-11-05 11:35:10,030 - api.faqs - INFO - SQLAlchemy version: 2.0.41
2025-11-05 11:35:10,059 - api.faqs - INFO - Текущие столбцы таблицы faqs: ['id', 'question', 'answer', 'category', 'created_at', 'updated_at', 'views_count', 'helpful_count', 'not_helpful_count', 'content_html', 'department', 'is_general']
2025-11-05 11:40:14,802 - services.admin_manager - INFO - 🔧 AdminManager using database: portaladmins_db at localhost:5432
2025-11-05 11:40:14,870 - services.admin_manager - INFO - 📋 Admin table columns: ['id', 'username', 'service_id', 'is_active', 'permissions', 'created_at', 'updated_at', 'email']
2025-11-05 11:40:14,873 - services.admin_manager - WARNING - Таблица 'reset_tokens' не найдена в базе данных
2025-11-05 11:40:14,977 - services.jwt_utils - INFO - JWT Configuration: ALGORITHM=HS256, ACCESS_TOKEN_EXPIRE_MINUTES=1440
2025-11-05 11:40:14,978 - services.jwt_utils - INFO - SECRET_KEY установлена: Да
2025-11-05 11:40:14,978 - services.jwt_utils - INFO - JWTService инициализирован с настройками: {'access_token_expire_minutes': 600, 'refresh_token_expire_days': 1, 'algorithm': 'HS512'}
2025-11-05 11:40:15,051 - api.auth - INFO - Loaded 0 reset tokens from storage
2025-11-05 11:40:15,108 - chat - INFO - Таблицы успешно созданы или уже существуют.
2025-11-05 11:40:15,109 - chat - INFO - Initializing user statuses for existing chats...
2025-11-05 11:40:15,122 - chat - INFO - User statuses initialized successfully
2025-11-05 11:40:15,207 - api.faqs - INFO - SQLAlchemy version: 2.0.41
2025-11-05 11:40:15,237 - api.faqs - INFO - Текущие столбцы таблицы faqs: ['id', 'question', 'answer', 'category', 'created_at', 'updated_at', 'views_count', 'helpful_count', 'not_helpful_count', 'content_html', 'department', 'is_general']
2025-11-05 11:58:07,707 - services.admin_manager - INFO - 🔧 AdminManager using database: portaladmins_db at localhost:5432
2025-11-05 11:58:07,764 - services.admin_manager - INFO - 📋 Admin table columns: ['id', 'username', 'service_id', 'is_active', 'permissions', 'created_at', 'updated_at', 'email']
2025-11-05 11:58:07,767 - services.admin_manager - WARNING - Таблица 'reset_tokens' не найдена в базе данных
2025-11-05 11:58:07,853 - services.jwt_utils - INFO - JWT Configuration: ALGORITHM=HS256, ACCESS_TOKEN_EXPIRE_MINUTES=1440
2025-11-05 11:58:07,853 - services.jwt_utils - INFO - SECRET_KEY установлена: Да
2025-11-05 11:58:07,854 - services.jwt_utils - INFO - JWTService инициализирован с настройками: {'access_token_expire_minutes': 600, 'refresh_token_expire_days': 1, 'algorithm': 'HS512'}
2025-11-05 11:58:07,924 - api.auth - INFO - Loaded 0 reset tokens from storage
2025-11-05 11:58:07,980 - chat - INFO - Таблицы успешно созданы или уже существуют.
2025-11-05 11:58:07,980 - chat - INFO - Initializing user statuses for existing chats...
2025-11-05 11:58:07,993 - chat - INFO - User statuses initialized successfully
2025-11-05 11:58:08,076 - api.faqs - INFO - SQLAlchemy version: 2.0.41
2025-11-05 11:58:08,109 - api.faqs - INFO - Текущие столбцы таблицы faqs: ['id', 'question', 'answer', 'category', 'created_at', 'updated_at', 'views_count', 'helpful_count', 'not_helpful_count', 'content_html', 'department', 'is_general']
2025-11-10 09:43:16,080 - services.admin_manager - INFO - 🔧 AdminManager using database: portaladmins_db at localhost:5432
2025-11-10 09:43:16,143 - services.admin_manager - INFO - 📋 Admin table columns: ['id', 'username', 'service_id', 'is_active', 'permissions', 'created_at', 'updated_at', 'email']
2025-11-10 09:43:16,145 - services.admin_manager - WARNING - Таблица 'reset_tokens' не найдена в базе данных
2025-11-10 09:43:16,236 - services.jwt_utils - INFO - JWT Configuration: ALGORITHM=HS256, ACCESS_TOKEN_EXPIRE_MINUTES=1440
2025-11-10 09:43:16,236 - services.jwt_utils - INFO - SECRET_KEY установлена: Да
2025-11-10 09:43:16,237 - services.jwt_utils - INFO - JWTService инициализирован с настройками: {'access_token_expire_minutes': 600, 'refresh_token_expire_days': 1, 'algorithm': 'HS512'}
2025-11-10 09:43:16,316 - api.auth - INFO - Loaded 0 reset tokens from storage
2025-11-10 09:43:16,396 - chat - INFO - Таблицы успешно созданы или уже существуют.
2025-11-10 09:43:16,396 - chat - INFO - Initializing user statuses for existing chats...
2025-11-10 09:43:16,426 - chat - INFO - User statuses initialized successfully
2025-11-10 09:43:16,518 - api.faqs - INFO - SQLAlchemy version: 2.0.41
2025-11-10 09:43:16,549 - api.faqs - INFO - Текущие столбцы таблицы faqs: ['id', 'question', 'answer', 'category', 'created_at', 'updated_at', 'views_count', 'helpful_count', 'not_helpful_count', 'content_html', 'department', 'is_general']
2025-11-11 09:12:20,612 - services.admin_manager - INFO - 🔧 AdminManager using database: portaladmins_db at localhost:5432
2025-11-11 09:12:20,674 - services.admin_manager - INFO - 📋 Admin table columns: ['id', 'username', 'service_id', 'is_active', 'permissions', 'created_at', 'updated_at', 'email']
2025-11-11 09:12:20,676 - services.admin_manager - WARNING - Таблица 'reset_tokens' не найдена в базе данных
2025-11-11 09:12:20,762 - services.jwt_utils - INFO - JWT Configuration: ALGORITHM=HS256, ACCESS_TOKEN_EXPIRE_MINUTES=1440
2025-11-11 09:12:20,762 - services.jwt_utils - INFO - SECRET_KEY установлена: Да
2025-11-11 09:12:20,763 - services.jwt_utils - INFO - JWTService инициализирован с настройками: {'access_token_expire_minutes': 600, 'refresh_token_expire_days': 1, 'algorithm': 'HS512'}
2025-11-11 09:12:20,842 - api.auth - INFO - Loaded 0 reset tokens from storage
2025-11-11 09:12:20,925 - chat - INFO - Таблицы успешно созданы или уже существуют.
2025-11-11 09:12:20,925 - chat - INFO - Initializing user statuses for existing chats...
2025-11-11 09:12:20,946 - chat - INFO - User statuses initialized successfully
2025-11-11 09:12:21,033 - api.faqs - INFO - SQLAlchemy version: 2.0.41
2025-11-11 09:12:21,064 - api.faqs - INFO - Текущие столбцы таблицы faqs: ['id', 'question', 'answer', 'category', 'created_at', 'updated_at', 'views_count', 'helpful_count', 'not_helpful_count', 'content_html', 'department', 'is_general']
2025-11-11 09:14:09,799 - services.admin_manager - INFO - 🔧 AdminManager using database: portaladmins_db at localhost:5432
2025-11-11 09:14:09,855 - services.admin_manager - INFO - 📋 Admin table columns: ['id', 'username', 'service_id', 'is_active', 'permissions', 'created_at', 'updated_at', 'email']
2025-11-11 09:14:09,858 - services.admin_manager - WARNING - Таблица 'reset_tokens' не найдена в базе данных
2025-11-11 09:14:09,941 - services.jwt_utils - INFO - JWT Configuration: ALGORITHM=HS256, ACCESS_TOKEN_EXPIRE_MINUTES=1440
2025-11-11 09:14:09,941 - services.jwt_utils - INFO - SECRET_KEY установлена: Да
2025-11-11 09:14:09,942 - services.jwt_utils - INFO - JWTService инициализирован с настройками: {'access_token_expire_minutes': 600, 'refresh_token_expire_days': 1, 'algorithm': 'HS512'}
2025-11-11 09:14:10,024 - api.auth - INFO - Loaded 0 reset tokens from storage
2025-11-11 09:14:10,124 - chat - INFO - Таблицы успешно созданы или уже существуют.
2025-11-11 09:14:10,125 - chat - INFO - Initializing user statuses for existing chats...
2025-11-11 09:14:10,144 - chat - INFO - User statuses initialized successfully
2025-11-11 09:14:10,225 - api.faqs - INFO - SQLAlchemy version: 2.0.41
2025-11-11 09:14:10,257 - api.faqs - INFO - Текущие столбцы таблицы faqs: ['id', 'question', 'answer', 'category', 'created_at', 'updated_at', 'views_count', 'helpful_count', 'not_helpful_count', 'content_html', 'department', 'is_general']
2025-11-11 09:45:18,581 - services.admin_manager - INFO - 🔧 AdminManager using database: portaladmins_db at localhost:5432
2025-11-11 09:45:18,646 - services.admin_manager - INFO - 📋 Admin table columns: ['id', 'username', 'service_id', 'is_active', 'permissions', 'created_at', 'updated_at', 'email']
2025-11-11 09:45:18,649 - services.admin_manager - WARNING - Таблица 'reset_tokens' не найдена в базе данных
2025-11-11 09:45:18,739 - services.jwt_utils - INFO - JWT Configuration: ALGORITHM=HS256, ACCESS_TOKEN_EXPIRE_MINUTES=1440
2025-11-11 09:45:18,739 - services.jwt_utils - INFO - SECRET_KEY установлена: Да
2025-11-11 09:45:18,740 - services.jwt_utils - INFO - JWTService инициализирован с настройками: {'access_token_expire_minutes': 600, 'refresh_token_expire_days': 1, 'algorithm': 'HS512'}
2025-11-11 09:45:18,818 - api.auth - INFO - Loaded 0 reset tokens from storage
2025-11-11 09:45:18,881 - chat - INFO - Таблицы успешно созданы или уже существуют.
2025-11-11 09:45:18,882 - chat - INFO - Initializing user statuses for existing chats...
2025-11-11 09:45:18,900 - chat - INFO - User statuses initialized successfully
2025-11-11 09:45:18,988 - api.faqs - INFO - SQLAlchemy version: 2.0.41
2025-11-11 09:45:19,020 - api.faqs - INFO - Текущие столбцы таблицы faqs: ['id', 'question', 'answer', 'category', 'created_at', 'updated_at', 'views_count', 'helpful_count', 'not_helpful_count', 'content_html', 'department', 'is_general']
2025-11-11 09:45:45,906 - services.admin_manager - INFO - 🔧 AdminManager using database: portaladmins_db at localhost:5432
2025-11-11 09:45:45,962 - services.admin_manager - INFO - 📋 Admin table columns: ['id', 'username', 'service_id', 'is_active', 'permissions', 'created_at', 'updated_at', 'email']
2025-11-11 09:45:45,964 - services.admin_manager - WARNING - Таблица 'reset_tokens' не найдена в базе данных
2025-11-11 09:45:46,047 - services.jwt_utils - INFO - JWT Configuration: ALGORITHM=HS256, ACCESS_TOKEN_EXPIRE_MINUTES=1440
2025-11-11 09:45:46,047 - services.jwt_utils - INFO - SECRET_KEY установлена: Да
2025-11-11 09:45:46,047 - services.jwt_utils - INFO - JWTService инициализирован с настройками: {'access_token_expire_minutes': 600, 'refresh_token_expire_days': 1, 'algorithm': 'HS512'}
2025-11-11 09:45:46,120 - api.auth - INFO - Loaded 0 reset tokens from storage
2025-11-11 09:45:46,180 - chat - INFO - Таблицы успешно созданы или уже существуют.
2025-11-11 09:45:46,180 - chat - INFO - Initializing user statuses for existing chats...
2025-11-11 09:45:46,199 - chat - INFO - User statuses initialized successfully
2025-11-11 09:45:46,284 - api.faqs - INFO - SQLAlchemy version: 2.0.41
2025-11-11 09:45:46,313 - api.faqs - INFO - Текущие столбцы таблицы faqs: ['id', 'question', 'answer', 'category', 'created_at', 'updated_at', 'views_count', 'helpful_count', 'not_helpful_count', 'content_html', 'department', 'is_general']
2025-11-11 09:45:58,296 - services.admin_manager - INFO - 🔧 AdminManager using database: portaladmins_db at localhost:5432
2025-11-11 09:45:58,353 - services.admin_manager - INFO - 📋 Admin table columns: ['id', 'username', 'service_id', 'is_active', 'permissions', 'created_at', 'updated_at', 'email']
2025-11-11 09:45:58,356 - services.admin_manager - WARNING - Таблица 'reset_tokens' не найдена в базе данных
2025-11-11 09:45:58,438 - services.jwt_utils - INFO - JWT Configuration: ALGORITHM=HS256, ACCESS_TOKEN_EXPIRE_MINUTES=1440
2025-11-11 09:45:58,439 - services.jwt_utils - INFO - SECRET_KEY установлена: Да
2025-11-11 09:45:58,439 - services.jwt_utils - INFO - JWTService инициализирован с настройками: {'access_token_expire_minutes': 600, 'refresh_token_expire_days': 1, 'algorithm': 'HS512'}
2025-11-11 09:45:58,516 - api.auth - INFO - Loaded 0 reset tokens from storage
2025-11-11 09:45:58,584 - chat - INFO - Таблицы успешно созданы или уже существуют.
2025-11-11 09:45:58,584 - chat - INFO - Initializing user statuses for existing chats...
2025-11-11 09:45:58,605 - chat - INFO - User statuses initialized successfully
2025-11-11 09:45:58,695 - api.faqs - INFO - SQLAlchemy version: 2.0.41
2025-11-11 09:45:58,725 - api.faqs - INFO - Текущие столбцы таблицы faqs: ['id', 'question', 'answer', 'category', 'created_at', 'updated_at', 'views_count', 'helpful_count', 'not_helpful_count', 'content_html', 'department', 'is_general']
2025-11-11 09:54:23,230 - services.admin_manager - INFO - 🔧 AdminManager using database: portaladmins_db at localhost:5432
2025-11-11 09:54:23,289 - services.admin_manager - INFO - 📋 Admin table columns: ['id', 'username', 'service_id', 'is_active', 'permissions', 'created_at', 'updated_at', 'email']
2025-11-11 09:54:23,291 - services.admin_manager - WARNING - Таблица 'reset_tokens' не найдена в базе данных
2025-11-11 09:54:23,380 - services.jwt_utils - INFO - JWT Configuration: ALGORITHM=HS256, ACCESS_TOKEN_EXPIRE_MINUTES=1440
2025-11-11 09:54:23,380 - services.jwt_utils - INFO - SECRET_KEY установлена: Да
2025-11-11 09:54:23,380 - services.jwt_utils - INFO - JWTService инициализирован с настройками: {'access_token_expire_minutes': 600, 'refresh_token_expire_days': 1, 'algorithm': 'HS512'}
2025-11-11 09:54:23,453 - api.auth - INFO - Loaded 0 reset tokens from storage
2025-11-11 09:54:23,518 - chat - INFO - Таблицы успешно созданы или уже существуют.
2025-11-11 09:54:23,518 - chat - INFO - Initializing user statuses for existing chats...
2025-11-11 09:54:23,538 - chat - INFO - User statuses initialized successfully
2025-11-11 09:54:23,628 - api.faqs - INFO - SQLAlchemy version: 2.0.41
2025-11-11 09:54:23,663 - api.faqs - INFO - Текущие столбцы таблицы faqs: ['id', 'question', 'answer', 'category', 'created_at', 'updated_at', 'views_count', 'helpful_count', 'not_helpful_count', 'content_html', 'department', 'is_general']
2025-11-11 09:54:24,509 - services.admin_manager - INFO - 🔧 AdminManager using database: portaladmins_db at localhost:5432
2025-11-11 09:54:24,562 - services.admin_manager - INFO - 📋 Admin table columns: ['id', 'username', 'service_id', 'is_active', 'permissions', 'created_at', 'updated_at', 'email']
2025-11-11 09:54:24,564 - services.admin_manager - WARNING - Таблица 'reset_tokens' не найдена в базе данных
2025-11-11 09:54:24,647 - services.jwt_utils - INFO - JWT Configuration: ALGORITHM=HS256, ACCESS_TOKEN_EXPIRE_MINUTES=1440
2025-11-11 09:54:24,647 - services.jwt_utils - INFO - SECRET_KEY установлена: Да
2025-11-11 09:54:24,647 - services.jwt_utils - INFO - JWTService инициализирован с настройками: {'access_token_expire_minutes': 600, 'refresh_token_expire_days': 1, 'algorithm': 'HS512'}
2025-11-11 09:54:24,728 - api.auth - INFO - Loaded 0 reset tokens from storage
2025-11-11 09:54:24,788 - chat - INFO - Таблицы успешно созданы или уже существуют.
2025-11-11 09:54:24,789 - chat - INFO - Initializing user statuses for existing chats...
2025-11-11 09:54:24,807 - chat - INFO - User statuses initialized successfully
2025-11-11 09:54:24,888 - api.faqs - INFO - SQLAlchemy version: 2.0.41
2025-11-11 09:54:24,915 - api.faqs - INFO - Текущие столбцы таблицы faqs: ['id', 'question', 'answer', 'category', 'created_at', 'updated_at', 'views_count', 'helpful_count', 'not_helpful_count', 'content_html', 'department', 'is_general']
2025-11-11 09:59:48,155 - services.admin_manager - INFO - 🔧 AdminManager using database: portaladmins_db at localhost:5432
2025-11-11 09:59:48,209 - services.admin_manager - INFO - 📋 Admin table columns: ['id', 'username', 'service_id', 'is_active', 'permissions', 'created_at', 'updated_at', 'email']
2025-11-11 09:59:48,212 - services.admin_manager - WARNING - Таблица 'reset_tokens' не найдена в базе данных
2025-11-11 09:59:48,271 - api.auth - INFO - Loaded 0 reset tokens from storage
2025-11-11 09:59:48,383 - chat - INFO - Таблицы успешно созданы или уже существуют.
2025-11-11 09:59:48,383 - chat - INFO - Initializing user statuses for existing chats...
2025-11-11 09:59:48,400 - chat - INFO - User statuses initialized successfully
2025-11-11 09:59:48,483 - api.faqs - INFO - SQLAlchemy version: 2.0.41
2025-11-11 09:59:48,513 - api.faqs - INFO - Текущие столбцы таблицы faqs: ['id', 'question', 'answer', 'category', 'created_at', 'updated_at', 'views_count', 'helpful_count', 'not_helpful_count', 'content_html', 'department', 'is_general']
2025-11-11 09:59:52,799 - services.admin_manager - INFO - 🔧 AdminManager using database: portaladmins_db at localhost:5432
2025-11-11 09:59:52,854 - services.admin_manager - INFO - 📋 Admin table columns: ['id', 'username', 'service_id', 'is_active', 'permissions', 'created_at', 'updated_at', 'email']
2025-11-11 09:59:52,856 - services.admin_manager - WARNING - Таблица 'reset_tokens' не найдена в базе данных
2025-11-11 09:59:52,919 - api.auth - INFO - Loaded 0 reset tokens from storage
2025-11-11 09:59:53,034 - chat - INFO - Таблицы успешно созданы или уже существуют.
2025-11-11 09:59:53,035 - chat - INFO - Initializing user statuses for existing chats...
2025-11-11 09:59:53,051 - chat - INFO - User statuses initialized successfully
2025-11-11 09:59:53,131 - api.faqs - INFO - SQLAlchemy version: 2.0.41
2025-11-11 09:59:53,161 - api.faqs - INFO - Текущие столбцы таблицы faqs: ['id', 'question', 'answer', 'category', 'created_at', 'updated_at', 'views_count', 'helpful_count', 'not_helpful_count', 'content_html', 'department', 'is_general']
2025-11-11 10:00:06,340 - services.admin_manager - INFO - 🔧 AdminManager using database: portaladmins_db at localhost:5432
2025-11-11 10:00:06,401 - services.admin_manager - INFO - 📋 Admin table columns: ['id', 'username', 'service_id', 'is_active', 'permissions', 'created_at', 'updated_at', 'email']
2025-11-11 10:00:06,404 - services.admin_manager - WARNING - Таблица 'reset_tokens' не найдена в базе данных
2025-11-11 10:00:06,496 - services.jwt_utils - INFO - JWT Configuration: ALGORITHM=HS256, ACCESS_TOKEN_EXPIRE_MINUTES=1440
2025-11-11 10:00:06,496 - services.jwt_utils - INFO - SECRET_KEY установлена: Да
2025-11-11 10:00:06,497 - services.jwt_utils - INFO - JWTService инициализирован с настройками: {'access_token_expire_minutes': 600, 'refresh_token_expire_days': 1, 'algorithm': 'HS512'}
2025-11-11 10:00:06,572 - api.auth - INFO - Loaded 0 reset tokens from storage
2025-11-11 10:00:06,640 - chat - INFO - Таблицы успешно созданы или уже существуют.
2025-11-11 10:00:06,640 - chat - INFO - Initializing user statuses for existing chats...
2025-11-11 10:00:06,665 - chat - INFO - User statuses initialized successfully
2025-11-11 10:00:06,755 - api.faqs - INFO - SQLAlchemy version: 2.0.41
2025-11-11 10:00:06,787 - api.faqs - INFO - Текущие столбцы таблицы faqs: ['id', 'question', 'answer', 'category', 'created_at', 'updated_at', 'views_count', 'helpful_count', 'not_helpful_count', 'content_html', 'department', 'is_general']
2025-11-11 10:04:56,087 - services.admin_manager - INFO - 🔧 AdminManager using database: portaladmins_db at localhost:5432
2025-11-11 10:04:56,144 - services.admin_manager - INFO - 📋 Admin table columns: ['id', 'username', 'service_id', 'is_active', 'permissions', 'created_at', 'updated_at', 'email']
2025-11-11 10:04:56,147 - services.admin_manager - WARNING - Таблица 'reset_tokens' не найдена в базе данных
2025-11-11 10:04:56,238 - services.jwt_utils - INFO - JWT Configuration: ALGORITHM=HS256, ACCESS_TOKEN_EXPIRE_MINUTES=1440
2025-11-11 10:04:56,239 - services.jwt_utils - INFO - SECRET_KEY установлена: Да
2025-11-11 10:04:56,239 - services.jwt_utils - INFO - JWTService инициализирован с настройками: {'access_token_expire_minutes': 600, 'refresh_token_expire_days': 1, 'algorithm': 'HS512'}
2025-11-11 10:04:56,321 - api.auth - INFO - Loaded 0 reset tokens from storage
2025-11-11 10:04:56,381 - chat - INFO - Таблицы успешно созданы или уже существуют.
2025-11-11 10:04:56,381 - chat - INFO - Initializing user statuses for existing chats...
2025-11-11 10:04:56,399 - chat - INFO - User statuses initialized successfully
2025-11-11 10:04:56,484 - api.faqs - INFO - SQLAlchemy version: 2.0.41
2025-11-11 10:04:56,518 - api.faqs - INFO - Текущие столбцы таблицы faqs: ['id', 'question', 'answer', 'category', 'created_at', 'updated_at', 'views_count', 'helpful_count', 'not_helpful_count', 'content_html', 'department', 'is_general']
2025-11-11 16:24:28,791 - services.admin_manager - INFO - 🔧 AdminManager using database: portaladmins_db at localhost:5432
2025-11-11 16:24:28,852 - services.admin_manager - INFO - 📋 Admin table columns: ['id', 'username', 'service_id', 'is_active', 'permissions', 'created_at', 'updated_at', 'email']
2025-11-11 16:24:28,856 - services.admin_manager - WARNING - Таблица 'reset_tokens' не найдена в базе данных
2025-11-11 16:24:28,944 - services.jwt_utils - INFO - JWT Configuration: ALGORITHM=HS256, ACCESS_TOKEN_EXPIRE_MINUTES=1440
2025-11-11 16:24:28,944 - services.jwt_utils - INFO - SECRET_KEY установлена: Да
2025-11-11 16:24:28,944 - services.jwt_utils - INFO - JWTService инициализирован с настройками: {'access_token_expire_minutes': 600, 'refresh_token_expire_days': 1, 'algorithm': 'HS512'}
2025-11-11 16:24:29,018 - api.auth - INFO - Loaded 0 reset tokens from storage
2025-11-11 16:24:29,077 - chat - INFO - Таблицы успешно созданы или уже существуют.
2025-11-11 16:24:29,077 - chat - INFO - Initializing user statuses for existing chats...
2025-11-11 16:24:29,095 - chat - INFO - User statuses initialized successfully
2025-11-11 16:24:29,191 - api.faqs - INFO - SQLAlchemy version: 2.0.41
2025-11-11 16:24:29,226 - api.faqs - INFO - Текущие столбцы таблицы faqs: ['id', 'question', 'answer', 'category', 'created_at', 'updated_at', 'views_count', 'helpful_count', 'not_helpful_count', 'content_html', 'department', 'is_general']
2025-11-11 16:26:37,446 - services.admin_manager - INFO - 🔧 AdminManager using database: portaladmins_db at localhost:5432
2025-11-11 16:26:37,499 - services.admin_manager - INFO - 📋 Admin table columns: ['id', 'username', 'service_id', 'is_active', 'permissions', 'created_at', 'updated_at', 'email']
2025-11-11 16:26:37,502 - services.admin_manager - WARNING - Таблица 'reset_tokens' не найдена в базе данных
2025-11-11 16:26:37,584 - services.jwt_utils - INFO - JWT Configuration: ALGORITHM=HS256, ACCESS_TOKEN_EXPIRE_MINUTES=1440
2025-11-11 16:26:37,584 - services.jwt_utils - INFO - SECRET_KEY установлена: Да
2025-11-11 16:26:37,585 - services.jwt_utils - INFO - JWTService инициализирован с настройками: {'access_token_expire_minutes': 600, 'refresh_token_expire_days': 1, 'algorithm': 'HS512'}
2025-11-11 16:26:37,662 - api.auth - INFO - Loaded 0 reset tokens from storage
2025-11-11 16:26:37,722 - chat - INFO - Таблицы успешно созданы или уже существуют.
2025-11-11 16:26:37,722 - chat - INFO - Initializing user statuses for existing chats...
2025-11-11 16:26:37,743 - chat - INFO - User statuses initialized successfully
2025-11-11 16:26:37,833 - api.faqs - INFO - SQLAlchemy version: 2.0.41
2025-11-11 16:26:37,865 - api.faqs - INFO - Текущие столбцы таблицы faqs: ['id', 'question', 'answer', 'category', 'created_at', 'updated_at', 'views_count', 'helpful_count', 'not_helpful_count', 'content_html', 'department', 'is_general']
2025-11-11 16:30:42,055 - services.admin_manager - INFO - 🔧 AdminManager using database: portaladmins_db at localhost:5432
2025-11-11 16:30:42,110 - services.admin_manager - INFO - 📋 Admin table columns: ['id', 'username', 'service_id', 'is_active', 'permissions', 'created_at', 'updated_at', 'email']
2025-11-11 16:30:42,113 - services.admin_manager - WARNING - Таблица 'reset_tokens' не найдена в базе данных
2025-11-11 16:30:42,198 - services.jwt_utils - INFO - JWT Configuration: ALGORITHM=HS256, ACCESS_TOKEN_EXPIRE_MINUTES=1440
2025-11-11 16:30:42,198 - services.jwt_utils - INFO - SECRET_KEY установлена: Да
2025-11-11 16:30:42,198 - services.jwt_utils - INFO - JWTService инициализирован с настройками: {'access_token_expire_minutes': 600, 'refresh_token_expire_days': 1, 'algorithm': 'HS512'}
2025-11-11 16:30:42,275 - api.auth - INFO - Loaded 0 reset tokens from storage
2025-11-11 16:30:42,336 - chat - INFO - Таблицы успешно созданы или уже существуют.
2025-11-11 16:30:42,336 - chat - INFO - Initializing user statuses for existing chats...
2025-11-11 16:30:42,353 - chat - INFO - User statuses initialized successfully
2025-11-11 16:30:42,442 - api.faqs - INFO - SQLAlchemy version: 2.0.41
2025-11-11 16:30:42,472 - api.faqs - INFO - Текущие столбцы таблицы faqs: ['id', 'question', 'answer', 'category', 'created_at', 'updated_at', 'views_count', 'helpful_count', 'not_helpful_count', 'content_html', 'department', 'is_general']
2025-11-13 17:04:03,670 - services.admin_manager - INFO - 🔧 AdminManager using database: portaladmins_db at localhost:5432
2025-11-13 17:04:03,723 - services.admin_manager - INFO - 📋 Admin table columns: ['id', 'username', 'service_id', 'is_active', 'permissions', 'created_at', 'updated_at', 'email']
2025-11-13 17:04:03,726 - services.admin_manager - WARNING - Таблица 'reset_tokens' не найдена в базе данных
2025-11-13 17:04:03,807 - services.jwt_utils - INFO - JWT Configuration: ALGORITHM=HS256, ACCESS_TOKEN_EXPIRE_MINUTES=1440
2025-11-13 17:04:03,807 - services.jwt_utils - INFO - SECRET_KEY установлена: Да
2025-11-13 17:04:03,808 - services.jwt_utils - INFO - JWTService инициализирован с настройками: {'access_token_expire_minutes': 600, 'refresh_token_expire_days': 1, 'algorithm': 'HS512'}
2025-11-13 17:04:03,883 - api.auth - INFO - Loaded 0 reset tokens from storage
2025-11-13 17:04:03,969 - chat - INFO - Таблицы успешно созданы или уже существуют.
2025-11-13 17:04:03,969 - chat - INFO - Initializing user statuses for existing chats...
2025-11-13 17:04:03,988 - chat - INFO - User statuses initialized successfully
2025-11-13 17:04:04,073 - api.faqs - INFO - SQLAlchemy version: 2.0.41
2025-11-13 17:04:04,104 - api.faqs - INFO - Текущие столбцы таблицы faqs: ['id', 'question', 'answer', 'category', 'created_at', 'updated_at', 'views_count', 'helpful_count', 'not_helpful_count', 'content_html', 'department', 'is_general']
2025-11-13 17:05:00,973 - services.admin_manager - INFO - 🔧 AdminManager using database: portaladmins_db at localhost:5432
2025-11-13 17:05:01,033 - services.admin_manager - INFO - 📋 Admin table columns: ['id', 'username', 'service_id', 'is_active', 'permissions', 'created_at', 'updated_at', 'email']
2025-11-13 17:05:01,035 - services.admin_manager - WARNING - Таблица 'reset_tokens' не найдена в базе данных
2025-11-13 17:05:01,139 - services.jwt_utils - INFO - JWT Configuration: ALGORITHM=HS256, ACCESS_TOKEN_EXPIRE_MINUTES=1440
2025-11-13 17:05:01,139 - services.jwt_utils - INFO - SECRET_KEY установлена: Да
2025-11-13 17:05:01,140 - services.jwt_utils - INFO - JWTService инициализирован с настройками: {'access_token_expire_minutes': 600, 'refresh_token_expire_days': 1, 'algorithm': 'HS512'}
2025-11-13 17:05:01,240 - api.auth - INFO - Loaded 0 reset tokens from storage
2025-11-13 17:05:01,326 - chat - INFO - Таблицы успешно созданы или уже существуют.
2025-11-13 17:05:01,327 - chat - INFO - Initializing user statuses for existing chats...
2025-11-13 17:05:01,343 - chat - INFO - User statuses initialized successfully
2025-11-13 17:05:01,433 - api.faqs - INFO - SQLAlchemy version: 2.0.41
2025-11-13 17:05:01,467 - api.faqs - INFO - Текущие столбцы таблицы faqs: ['id', 'question', 'answer', 'category', 'created_at', 'updated_at', 'views_count', 'helpful_count', 'not_helpful_count', 'content_html', 'department', 'is_general']
2025-11-13 17:06:51,075 - services.admin_manager - INFO - 🔧 AdminManager using database: portaladmins_db at localhost:5432
2025-11-13 17:06:51,133 - services.admin_manager - INFO - 📋 Admin table columns: ['id', 'username', 'service_id', 'is_active', 'permissions', 'created_at', 'updated_at', 'email']
2025-11-13 17:06:51,135 - services.admin_manager - WARNING - Таблица 'reset_tokens' не найдена в базе данных
2025-11-13 17:06:51,216 - services.jwt_utils - INFO - JWT Configuration: ALGORITHM=HS256, ACCESS_TOKEN_EXPIRE_MINUTES=1440
2025-11-13 17:06:51,216 - services.jwt_utils - INFO - SECRET_KEY установлена: Да
2025-11-13 17:06:51,216 - services.jwt_utils - INFO - JWTService инициализирован с настройками: {'access_token_expire_minutes': 600, 'refresh_token_expire_days': 1, 'algorithm': 'HS512'}
2025-11-13 17:06:51,286 - api.auth - INFO - Loaded 0 reset tokens from storage
2025-11-13 17:06:51,363 - chat - INFO - Таблицы успешно созданы или уже существуют.
2025-11-13 17:06:51,363 - chat - INFO - Initializing user statuses for existing chats...
2025-11-13 17:06:51,379 - chat - INFO - User statuses initialized successfully
2025-11-13 17:06:51,462 - api.faqs - INFO - SQLAlchemy version: 2.0.41
2025-11-13 17:06:51,490 - api.faqs - INFO - Текущие столбцы таблицы faqs: ['id', 'question', 'answer', 'category', 'created_at', 'updated_at', 'views_count', 'helpful_count', 'not_helpful_count', 'content_html', 'department', 'is_general']
2025-11-13 17:07:11,218 - services.admin_manager - INFO - 🔧 AdminManager using database: portaladmins_db at localhost:5432
2025-11-13 17:07:11,278 - services.admin_manager - INFO - 📋 Admin table columns: ['id', 'username', 'service_id', 'is_active', 'permissions', 'created_at', 'updated_at', 'email']
2025-11-13 17:07:11,281 - services.admin_manager - WARNING - Таблица 'reset_tokens' не найдена в базе данных
2025-11-13 17:07:11,367 - services.jwt_utils - INFO - JWT Configuration: ALGORITHM=HS256, ACCESS_TOKEN_EXPIRE_MINUTES=1440
2025-11-13 17:07:11,367 - services.jwt_utils - INFO - SECRET_KEY установлена: Да
2025-11-13 17:07:11,368 - services.jwt_utils - INFO - JWTService инициализирован с настройками: {'access_token_expire_minutes': 600, 'refresh_token_expire_days': 1, 'algorithm': 'HS512'}
2025-11-13 17:07:11,439 - api.auth - INFO - Loaded 0 reset tokens from storage
2025-11-13 17:07:11,517 - chat - INFO - Таблицы успешно созданы или уже существуют.
2025-11-13 17:07:11,517 - chat - INFO - Initializing user statuses for existing chats...
2025-11-13 17:07:11,534 - chat - INFO - User statuses initialized successfully
2025-11-13 17:07:11,618 - api.faqs - INFO - SQLAlchemy version: 2.0.41
2025-11-13 17:07:11,646 - api.faqs - INFO - Текущие столбцы таблицы faqs: ['id', 'question', 'answer', 'category', 'created_at', 'updated_at', 'views_count', 'helpful_count', 'not_helpful_count', 'content_html', 'department', 'is_general']
2025-11-13 17:18:09,587 - services.admin_manager - INFO - 🔧 AdminManager using database: portaladmins_db at localhost:5432
2025-11-13 17:18:09,636 - services.admin_manager - INFO - 📋 Admin table columns: ['id', 'username', 'service_id', 'is_active', 'permissions', 'created_at', 'updated_at', 'email']
2025-11-13 17:18:09,639 - services.admin_manager - WARNING - Таблица 'reset_tokens' не найдена в базе данных
2025-11-13 17:18:09,721 - services.jwt_utils - INFO - JWT Configuration: ALGORITHM=HS256, ACCESS_TOKEN_EXPIRE_MINUTES=1440
2025-11-13 17:18:09,721 - services.jwt_utils - INFO - SECRET_KEY установлена: Да
2025-11-13 17:18:09,722 - services.jwt_utils - INFO - JWTService инициализирован с настройками: {'access_token_expire_minutes': 600, 'refresh_token_expire_days': 1, 'algorithm': 'HS512'}
2025-11-13 17:18:09,796 - api.auth - INFO - Loaded 0 reset tokens from storage
2025-11-13 17:18:09,875 - chat - INFO - Таблицы успешно созданы или уже существуют.
2025-11-13 17:18:09,876 - chat - INFO - Initializing user statuses for existing chats...
2025-11-13 17:18:09,892 - chat - INFO - User statuses initialized successfully
2025-11-13 17:18:09,974 - api.faqs - INFO - SQLAlchemy version: 2.0.41
2025-11-13 17:18:10,002 - api.faqs - INFO - Текущие столбцы таблицы faqs: ['id', 'question', 'answer', 'category', 'created_at', 'updated_at', 'views_count', 'helpful_count', 'not_helpful_count', 'content_html', 'department', 'is_general']
2025-11-13 17:20:15,077 - services.admin_manager - INFO - 🔧 AdminManager using database: portaladmins_db at localhost:5432
2025-11-13 17:20:15,141 - services.admin_manager - INFO - 📋 Admin table columns: ['id', 'username', 'service_id', 'is_active', 'permissions', 'created_at', 'updated_at', 'email']
2025-11-13 17:20:15,143 - services.admin_manager - WARNING - Таблица 'reset_tokens' не найдена в базе данных
2025-11-13 17:20:15,228 - services.jwt_utils - INFO - JWT Configuration: ALGORITHM=HS256, ACCESS_TOKEN_EXPIRE_MINUTES=1440
2025-11-13 17:20:15,229 - services.jwt_utils - INFO - SECRET_KEY установлена: Да
2025-11-13 17:20:15,229 - services.jwt_utils - INFO - JWTService инициализирован с настройками: {'access_token_expire_minutes': 600, 'refresh_token_expire_days': 1, 'algorithm': 'HS512'}
2025-11-13 17:20:15,305 - api.auth - INFO - Loaded 0 reset tokens from storage
2025-11-13 17:20:15,382 - chat - INFO - Таблицы успешно созданы или уже существуют.
2025-11-13 17:20:15,382 - chat - INFO - Initializing user statuses for existing chats...
2025-11-13 17:20:15,399 - chat - INFO - User statuses initialized successfully
2025-11-13 17:20:15,483 - api.faqs - INFO - SQLAlchemy version: 2.0.41
2025-11-13 17:20:15,509 - api.faqs - INFO - Текущие столбцы таблицы faqs: ['id', 'question', 'answer', 'category', 'created_at', 'updated_at', 'views_count', 'helpful_count', 'not_helpful_count', 'content_html', 'department', 'is_general']
2025-11-13 17:22:25,032 - services.admin_manager - INFO - 🔧 AdminManager using database: portaladmins_db at localhost:5432
2025-11-13 17:22:25,082 - services.admin_manager - INFO - 📋 Admin table columns: ['id', 'username', 'service_id', 'is_active', 'permissions', 'created_at', 'updated_at', 'email']
2025-11-13 17:22:25,084 - services.admin_manager - WARNING - Таблица 'reset_tokens' не найдена в базе данных
2025-11-13 17:22:25,161 - services.jwt_utils - INFO - JWT Configuration: ALGORITHM=HS256, ACCESS_TOKEN_EXPIRE_MINUTES=1440
2025-11-13 17:22:25,161 - services.jwt_utils - INFO - SECRET_KEY установлена: Да
2025-11-13 17:22:25,161 - services.jwt_utils - INFO - JWTService инициализирован с настройками: {'access_token_expire_minutes': 600, 'refresh_token_expire_days': 1, 'algorithm': 'HS512'}
2025-11-13 17:22:25,229 - api.auth - INFO - Loaded 0 reset tokens from storage
2025-11-13 17:22:25,318 - chat - INFO - Таблицы успешно созданы или уже существуют.
2025-11-13 17:22:25,319 - chat - INFO - Initializing user statuses for existing chats...
2025-11-13 17:22:25,335 - chat - INFO - User statuses initialized successfully
2025-11-13 17:22:25,413 - api.faqs - INFO - SQLAlchemy version: 2.0.41
2025-11-13 17:22:25,439 - api.faqs - INFO - Текущие столбцы таблицы faqs: ['id', 'question', 'answer', 'category', 'created_at', 'updated_at', 'views_count', 'helpful_count', 'not_helpful_count', 'content_html', 'department', 'is_general']
2025-11-18 10:58:20,053 - services.admin_manager - INFO - 🔧 AdminManager using database: portaladmins_db at localhost:5432
2025-11-18 10:58:20,104 - services.admin_manager - INFO - 📋 Admin table columns: ['id', 'username', 'service_id', 'is_active', 'permissions', 'created_at', 'updated_at', 'email']
2025-11-18 10:58:20,106 - services.admin_manager - WARNING - Таблица 'reset_tokens' не найдена в базе данных
2025-11-18 10:58:20,189 - services.jwt_utils - INFO - JWT Configuration: ALGORITHM=HS256, ACCESS_TOKEN_EXPIRE_MINUTES=1440
2025-11-18 10:58:20,189 - services.jwt_utils - INFO - SECRET_KEY установлена: Да
2025-11-18 10:58:20,189 - services.jwt_utils - INFO - JWTService инициализирован с настройками: {'access_token_expire_minutes': 600, 'refresh_token_expire_days': 1, 'algorithm': 'HS512'}
2025-11-18 10:58:20,263 - api.auth - INFO - Loaded 0 reset tokens from storage
2025-11-18 10:58:20,353 - chat - INFO - Таблицы успешно созданы или уже существуют.
2025-11-18 10:58:20,353 - chat - INFO - Initializing user statuses for existing chats...
2025-11-18 10:58:20,380 - chat - INFO - User statuses initialized successfully
2025-11-18 10:58:20,467 - api.faqs - INFO - SQLAlchemy version: 2.0.41
2025-11-18 10:58:20,499 - api.faqs - INFO - Текущие столбцы таблицы faqs: ['id', 'question', 'answer', 'category', 'created_at', 'updated_at', 'views_count', 'helpful_count', 'not_helpful_count', 'content_html', 'department', 'is_general']
2025-11-18 10:58:36,399 - services.admin_manager - INFO - 🔧 AdminManager using database: portaladmins_db at localhost:5432
2025-11-18 10:58:36,455 - services.admin_manager - INFO - 📋 Admin table columns: ['id', 'username', 'service_id', 'is_active', 'permissions', 'created_at', 'updated_at', 'email']
2025-11-18 10:58:36,458 - services.admin_manager - WARNING - Таблица 'reset_tokens' не найдена в базе данных
2025-11-18 10:58:36,543 - services.jwt_utils - INFO - JWT Configuration: ALGORITHM=HS256, ACCESS_TOKEN_EXPIRE_MINUTES=1440
2025-11-18 10:58:36,543 - services.jwt_utils - INFO - SECRET_KEY установлена: Да
2025-11-18 10:58:36,543 - services.jwt_utils - INFO - JWTService инициализирован с настройками: {'access_token_expire_minutes': 600, 'refresh_token_expire_days': 1, 'algorithm': 'HS512'}
2025-11-18 10:58:36,616 - api.auth - INFO - Loaded 0 reset tokens from storage
2025-11-18 10:58:36,699 - chat - INFO - Таблицы успешно созданы или уже существуют.
2025-11-18 10:58:36,699 - chat - INFO - Initializing user statuses for existing chats...
2025-11-18 10:58:36,719 - chat - INFO - User statuses initialized successfully
2025-11-18 10:58:36,807 - api.faqs - INFO - SQLAlchemy version: 2.0.41
2025-11-18 10:58:36,840 - api.faqs - INFO - Текущие столбцы таблицы faqs: ['id', 'question', 'answer', 'category', 'created_at', 'updated_at', 'views_count', 'helpful_count', 'not_helpful_count', 'content_html', 'department', 'is_general']
2025-11-18 11:00:08,027 - services.admin_manager - INFO - 🔧 AdminManager using database: portaladmins_db at localhost:5432
2025-11-18 11:00:08,084 - services.admin_manager - INFO - 📋 Admin table columns: ['id', 'username', 'service_id', 'is_active', 'permissions', 'created_at', 'updated_at', 'email']
2025-11-18 11:00:08,087 - services.admin_manager - WARNING - Таблица 'reset_tokens' не найдена в базе данных
2025-11-18 11:00:08,169 - services.jwt_utils - INFO - JWT Configuration: ALGORITHM=HS256, ACCESS_TOKEN_EXPIRE_MINUTES=1440
2025-11-18 11:00:08,169 - services.jwt_utils - INFO - SECRET_KEY установлена: Да
2025-11-18 11:00:08,169 - services.jwt_utils - INFO - JWTService инициализирован с настройками: {'access_token_expire_minutes': 600, 'refresh_token_expire_days': 1, 'algorithm': 'HS512'}
2025-11-18 11:00:08,242 - api.auth - INFO - Loaded 0 reset tokens from storage
2025-11-18 11:00:08,318 - chat - INFO - Таблицы успешно созданы или уже существуют.
2025-11-18 11:00:08,319 - chat - INFO - Initializing user statuses for existing chats...
2025-11-18 11:00:08,336 - chat - INFO - User statuses initialized successfully
2025-11-18 11:00:08,423 - api.faqs - INFO - SQLAlchemy version: 2.0.41
2025-11-18 11:00:08,460 - api.faqs - INFO - Текущие столбцы таблицы faqs: ['id', 'question', 'answer', 'category', 'created_at', 'updated_at', 'views_count', 'helpful_count', 'not_helpful_count', 'content_html', 'department', 'is_general']
2025-11-18 11:00:34,050 - services.admin_manager - INFO - 🔧 AdminManager using database: portaladmins_db at localhost:5432
2025-11-18 11:00:34,103 - services.admin_manager - INFO - 📋 Admin table columns: ['id', 'username', 'service_id', 'is_active', 'permissions', 'created_at', 'updated_at', 'email']
2025-11-18 11:00:34,105 - services.admin_manager - WARNING - Таблица 'reset_tokens' не найдена в базе данных
2025-11-18 11:00:34,193 - services.jwt_utils - INFO - JWT Configuration: ALGORITHM=HS256, ACCESS_TOKEN_EXPIRE_MINUTES=1440
2025-11-18 11:00:34,193 - services.jwt_utils - INFO - SECRET_KEY установлена: Да
2025-11-18 11:00:34,194 - services.jwt_utils - INFO - JWTService инициализирован с настройками: {'access_token_expire_minutes': 600, 'refresh_token_expire_days': 1, 'algorithm': 'HS512'}
2025-11-18 11:00:34,267 - api.auth - INFO - Loaded 0 reset tokens from storage
2025-11-18 11:00:34,329 - chat - INFO - Таблицы успешно созданы или уже существуют.
2025-11-18 11:00:34,329 - chat - INFO - Initializing user statuses for existing chats...
2025-11-18 11:00:34,349 - chat - INFO - User statuses initialized successfully
2025-11-18 11:00:34,441 - api.faqs - INFO - SQLAlchemy version: 2.0.41
2025-11-18 11:00:34,472 - api.faqs - INFO - Текущие столбцы таблицы faqs: ['id', 'question', 'answer', 'category', 'created_at', 'updated_at', 'views_count', 'helpful_count', 'not_helpful_count', 'content_html', 'department', 'is_general']
2025-11-18 11:00:45,142 - services.admin_manager - INFO - 🔧 AdminManager using database: portaladmins_db at localhost:5432
2025-11-18 11:00:45,199 - services.admin_manager - INFO - 📋 Admin table columns: ['id', 'username', 'service_id', 'is_active', 'permissions', 'created_at', 'updated_at', 'email']
2025-11-18 11:00:45,201 - services.admin_manager - WARNING - Таблица 'reset_tokens' не найдена в базе данных
2025-11-18 11:00:45,294 - services.jwt_utils - INFO - JWT Configuration: ALGORITHM=HS256, ACCESS_TOKEN_EXPIRE_MINUTES=1440
2025-11-18 11:00:45,294 - services.jwt_utils - INFO - SECRET_KEY установлена: Да
2025-11-18 11:00:45,294 - services.jwt_utils - INFO - JWTService инициализирован с настройками: {'access_token_expire_minutes': 600, 'refresh_token_expire_days': 1, 'algorithm': 'HS512'}
2025-11-18 11:00:45,378 - api.auth - INFO - Loaded 0 reset tokens from storage
2025-11-18 11:00:45,440 - chat - INFO - Таблицы успешно созданы или уже существуют.
2025-11-18 11:00:45,441 - chat - INFO - Initializing user statuses for existing chats...
2025-11-18 11:00:45,466 - chat - INFO - User statuses initialized successfully
2025-11-18 11:00:45,552 - api.faqs - INFO - SQLAlchemy version: 2.0.41
2025-11-18 11:00:45,584 - api.faqs - INFO - Текущие столбцы таблицы faqs: ['id', 'question', 'answer', 'category', 'created_at', 'updated_at', 'views_count', 'helpful_count', 'not_helpful_count', 'content_html', 'department', 'is_general']
2025-11-18 11:11:05,426 - services.admin_manager - INFO - 🔧 AdminManager using database: portaladmins_db at localhost:5432
2025-11-18 11:11:05,484 - services.admin_manager - INFO - 📋 Admin table columns: ['id', 'username', 'service_id', 'is_active', 'permissions', 'created_at', 'updated_at', 'email']
2025-11-18 11:11:05,486 - services.admin_manager - WARNING - Таблица 'reset_tokens' не найдена в базе данных
2025-11-18 11:11:05,571 - services.jwt_utils - INFO - JWT Configuration: ALGORITHM=HS256, ACCESS_TOKEN_EXPIRE_MINUTES=1440
2025-11-18 11:11:05,571 - services.jwt_utils - INFO - SECRET_KEY установлена: Да
2025-11-18 11:11:05,572 - services.jwt_utils - INFO - JWTService инициализирован с настройками: {'access_token_expire_minutes': 600, 'refresh_token_expire_days': 1, 'algorithm': 'HS512'}
2025-11-18 11:11:05,641 - api.auth - INFO - Loaded 0 reset tokens from storage
2025-11-18 11:11:05,701 - chat - INFO - Таблицы успешно созданы или уже существуют.
2025-11-18 11:11:05,702 - chat - INFO - Initializing user statuses for existing chats...
2025-11-18 11:11:05,720 - chat - INFO - User statuses initialized successfully
2025-11-18 11:11:05,802 - api.faqs - INFO - SQLAlchemy version: 2.0.41
2025-11-18 11:11:05,834 - api.faqs - INFO - Текущие столбцы таблицы faqs: ['id', 'question', 'answer', 'category', 'created_at', 'updated_at', 'views_count', 'helpful_count', 'not_helpful_count', 'content_html', 'department', 'is_general']
2025-11-18 11:17:44,249 - services.admin_manager - INFO - 🔧 AdminManager using database: portaladmins_db at localhost:5432
2025-11-18 11:17:44,309 - services.admin_manager - INFO - 📋 Admin table columns: ['id', 'username', 'service_id', 'is_active', 'permissions', 'created_at', 'updated_at', 'email']
2025-11-18 11:17:44,314 - services.admin_manager - WARNING - Таблица 'reset_tokens' не найдена в базе данных
2025-11-18 11:17:44,397 - services.jwt_utils - INFO - JWT Configuration: ALGORITHM=HS256, ACCESS_TOKEN_EXPIRE_MINUTES=1440
2025-11-18 11:17:44,397 - services.jwt_utils - INFO - SECRET_KEY установлена: Да
2025-11-18 11:17:44,398 - services.jwt_utils - INFO - JWTService инициализирован с настройками: {'access_token_expire_minutes': 600, 'refresh_token_expire_days': 1, 'algorithm': 'HS512'}
2025-11-18 11:17:44,474 - api.auth - INFO - Loaded 0 reset tokens from storage
2025-11-18 11:17:44,541 - chat - INFO - Таблицы успешно созданы или уже существуют.
2025-11-18 11:17:44,541 - chat - INFO - Initializing user statuses for existing chats...
2025-11-18 11:17:44,565 - chat - INFO - User statuses initialized successfully
2025-11-18 11:17:44,656 - api.faqs - INFO - SQLAlchemy version: 2.0.41
2025-11-18 11:17:44,684 - api.faqs - INFO - Текущие столбцы таблицы faqs: ['id', 'question', 'answer', 'category', 'created_at', 'updated_at', 'views_count', 'helpful_count', 'not_helpful_count', 'content_html', 'department', 'is_general']
2025-11-18 11:19:41,024 - services.admin_manager - INFO - 🔧 AdminManager using database: portaladmins_db at localhost:5432
2025-11-18 11:19:41,075 - services.admin_manager - INFO - 📋 Admin table columns: ['id', 'username', 'service_id', 'is_active', 'permissions', 'created_at', 'updated_at', 'email']
2025-11-18 11:19:41,077 - services.admin_manager - WARNING - Таблица 'reset_tokens' не найдена в базе данных
2025-11-18 11:19:41,160 - services.jwt_utils - INFO - JWT Configuration: ALGORITHM=HS256, ACCESS_TOKEN_EXPIRE_MINUTES=1440
2025-11-18 11:19:41,160 - services.jwt_utils - INFO - SECRET_KEY установлена: Да
2025-11-18 11:19:41,160 - services.jwt_utils - INFO - JWTService инициализирован с настройками: {'access_token_expire_minutes': 600, 'refresh_token_expire_days': 1, 'algorithm': 'HS512'}
2025-11-18 11:19:41,236 - api.auth - INFO - Loaded 0 reset tokens from storage
2025-11-18 11:19:41,298 - chat - INFO - Таблицы успешно созданы или уже существуют.
2025-11-18 11:19:41,299 - chat - INFO - Initializing user statuses for existing chats...
2025-11-18 11:19:41,318 - chat - INFO - User statuses initialized successfully
2025-11-18 11:19:41,408 - api.faqs - INFO - SQLAlchemy version: 2.0.41
2025-11-18 11:19:41,438 - api.faqs - INFO - Текущие столбцы таблицы faqs: ['id', 'question', 'answer', 'category', 'created_at', 'updated_at', 'views_count', 'helpful_count', 'not_helpful_count', 'content_html', 'department', 'is_general']
2025-11-18 11:26:15,240 - services.admin_manager - INFO - 🔧 AdminManager using database: portaladmins_db at localhost:5432
2025-11-18 11:26:15,295 - services.admin_manager - INFO - 📋 Admin table columns: ['id', 'username', 'service_id', 'is_active', 'permissions', 'created_at', 'updated_at', 'email']
2025-11-18 11:26:15,298 - services.admin_manager - WARNING - Таблица 'reset_tokens' не найдена в базе данных
2025-11-18 11:26:15,380 - services.jwt_utils - INFO - JWT Configuration: ALGORITHM=HS256, ACCESS_TOKEN_EXPIRE_MINUTES=1440
2025-11-18 11:26:15,381 - services.jwt_utils - INFO - SECRET_KEY установлена: Да
2025-11-18 11:26:15,381 - services.jwt_utils - INFO - JWTService инициализирован с настройками: {'access_token_expire_minutes': 600, 'refresh_token_expire_days': 1, 'algorithm': 'HS512'}
2025-11-18 11:26:15,456 - api.auth - INFO - Loaded 0 reset tokens from storage
2025-11-18 11:26:15,517 - chat - INFO - Таблицы успешно созданы или уже существуют.
2025-11-18 11:26:15,518 - chat - INFO - Initializing user statuses for existing chats...
2025-11-18 11:26:15,537 - chat - INFO - User statuses initialized successfully
2025-11-18 11:26:15,620 - api.faqs - INFO - SQLAlchemy version: 2.0.41
2025-11-18 11:26:15,651 - api.faqs - INFO - Текущие столбцы таблицы faqs: ['id', 'question', 'answer', 'category', 'created_at', 'updated_at', 'views_count', 'helpful_count', 'not_helpful_count', 'content_html', 'department', 'is_general']
2025-11-19 10:25:34,979 - services.admin_manager - INFO - 🔧 AdminManager using database: portaladmins_db at localhost:5432
2025-11-19 10:25:35,030 - services.admin_manager - INFO - 📋 Admin table columns: ['id', 'username', 'service_id', 'is_active', 'permissions', 'created_at', 'updated_at', 'email']
2025-11-19 10:25:35,033 - services.admin_manager - WARNING - Таблица 'reset_tokens' не найдена в базе данных
2025-11-19 10:25:35,109 - services.jwt_utils - INFO - JWT Configuration: ALGORITHM=HS256, ACCESS_TOKEN_EXPIRE_MINUTES=1440
2025-11-19 10:25:35,109 - services.jwt_utils - INFO - SECRET_KEY установлена: Да
2025-11-19 10:25:35,109 - services.jwt_utils - INFO - JWTService инициализирован с настройками: {'access_token_expire_minutes': 600, 'refresh_token_expire_days': 1, 'algorithm': 'HS512'}
2025-11-19 10:25:35,181 - api.auth - INFO - Loaded 0 reset tokens from storage
2025-11-19 10:25:35,257 - chat - INFO - Таблицы успешно созданы или уже существуют.
2025-11-19 10:25:35,257 - chat - INFO - Initializing user statuses for existing chats...
2025-11-19 10:25:35,277 - chat - INFO - User statuses initialized successfully
2025-11-19 10:25:35,361 - api.faqs - INFO - SQLAlchemy version: 2.0.41
2025-11-19 10:25:35,398 - api.faqs - INFO - Текущие столбцы таблицы faqs: ['id', 'question', 'answer', 'category', 'created_at', 'updated_at', 'views_count', 'helpful_count', 'not_helpful_count', 'content_html', 'department', 'is_general']
2025-11-19 15:13:17,564 - services.admin_manager - INFO - 🔧 AdminManager using database: portaladmins_db at localhost:5432
2025-11-19 15:13:17,615 - services.admin_manager - INFO - 📋 Admin table columns: ['id', 'username', 'service_id', 'is_active', 'permissions', 'created_at', 'updated_at', 'email']
2025-11-19 15:13:17,618 - services.admin_manager - WARNING - Таблица 'reset_tokens' не найдена в базе данных
2025-11-19 15:13:17,699 - services.jwt_utils - INFO - JWT Configuration: ALGORITHM=HS256, ACCESS_TOKEN_EXPIRE_MINUTES=1440
2025-11-19 15:13:17,699 - services.jwt_utils - INFO - SECRET_KEY установлена: Да
2025-11-19 15:13:17,700 - services.jwt_utils - INFO - JWTService инициализирован с настройками: {'access_token_expire_minutes': 600, 'refresh_token_expire_days': 1, 'algorithm': 'HS512'}
2025-11-19 15:13:17,768 - api.auth - INFO - Loaded 0 reset tokens from storage
2025-11-19 15:13:17,847 - chat - INFO - Таблицы успешно созданы или уже существуют.
2025-11-19 15:13:17,847 - chat - INFO - Initializing user statuses for existing chats...
2025-11-19 15:13:17,863 - chat - ERROR - Error initializing user statuses: type object 'Message' has no attribute 'is_read'
2025-11-19 15:13:17,863 - chat - ERROR - Ошибка при создании таблиц: type object 'Message' has no attribute 'is_read'
2025-11-19 15:15:37,713 - services.admin_manager - INFO - 🔧 AdminManager using database: portaladmins_db at localhost:5432
2025-11-19 15:15:37,776 - services.admin_manager - INFO - 📋 Admin table columns: ['id', 'username', 'service_id', 'is_active', 'permissions', 'created_at', 'updated_at', 'email']
2025-11-19 15:15:37,779 - services.admin_manager - WARNING - Таблица 'reset_tokens' не найдена в базе данных
2025-11-19 15:15:37,866 - services.jwt_utils - INFO - JWT Configuration: ALGORITHM=HS256, ACCESS_TOKEN_EXPIRE_MINUTES=1440
2025-11-19 15:15:37,866 - services.jwt_utils - INFO - SECRET_KEY установлена: Да
2025-11-19 15:15:37,867 - services.jwt_utils - INFO - JWTService инициализирован с настройками: {'access_token_expire_minutes': 600, 'refresh_token_expire_days': 1, 'algorithm': 'HS512'}
2025-11-19 15:15:37,941 - api.auth - INFO - Loaded 0 reset tokens from storage
2025-11-19 15:15:38,021 - chat - INFO - Таблицы успешно созданы или уже существуют.
2025-11-19 15:15:38,022 - chat - INFO - Initializing user statuses for existing chats...
2025-11-19 15:15:38,033 - chat - INFO - User statuses initialized successfully
2025-11-19 15:15:38,117 - api.faqs - INFO - SQLAlchemy version: 2.0.41
2025-11-19 15:15:38,152 - api.faqs - INFO - Текущие столбцы таблицы faqs: ['id', 'question', 'answer', 'category', 'created_at', 'updated_at', 'views_count', 'helpful_count', 'not_helpful_count', 'content_html', 'department', 'is_general']
2025-11-19 15:19:22,954 - services.admin_manager - INFO - 🔧 AdminManager using database: portaladmins_db at localhost:5432
2025-11-19 15:19:23,006 - services.admin_manager - INFO - 📋 Admin table columns: ['id', 'username', 'service_id', 'is_active', 'permissions', 'created_at', 'updated_at', 'email']
2025-11-19 15:19:23,008 - services.admin_manager - WARNING - Таблица 'reset_tokens' не найдена в базе данных
2025-11-19 15:19:23,091 - services.jwt_utils - INFO - JWT Configuration: ALGORITHM=HS256, ACCESS_TOKEN_EXPIRE_MINUTES=1440
2025-11-19 15:19:23,091 - services.jwt_utils - INFO - SECRET_KEY установлена: Да
2025-11-19 15:19:23,091 - services.jwt_utils - INFO - JWTService инициализирован с настройками: {'access_token_expire_minutes': 600, 'refresh_token_expire_days': 1, 'algorithm': 'HS512'}
2025-11-19 15:19:23,162 - api.auth - INFO - Loaded 0 reset tokens from storage
2025-11-19 15:19:23,240 - chat - INFO - Таблицы успешно созданы или уже существуют.
2025-11-19 15:19:23,241 - chat - INFO - Initializing user statuses for existing chats...
2025-11-19 15:19:23,265 - chat - INFO - User statuses initialized successfully
2025-11-19 15:19:23,349 - api.faqs - INFO - SQLAlchemy version: 2.0.41
2025-11-19 15:19:23,383 - api.faqs - INFO - Текущие столбцы таблицы faqs: ['id', 'question', 'answer', 'category', 'created_at', 'updated_at', 'views_count', 'helpful_count', 'not_helpful_count', 'content_html', 'department', 'is_general']
2025-11-19 15:23:21,940 - services.admin_manager - INFO - 🔧 AdminManager using database: portaladmins_db at localhost:5432
2025-11-19 15:23:21,998 - services.admin_manager - INFO - 📋 Admin table columns: ['id', 'username', 'service_id', 'is_active', 'permissions', 'created_at', 'updated_at', 'email']
2025-11-19 15:23:22,001 - services.admin_manager - WARNING - Таблица 'reset_tokens' не найдена в базе данных
2025-11-19 15:23:22,084 - services.jwt_utils - INFO - JWT Configuration: ALGORITHM=HS256, ACCESS_TOKEN_EXPIRE_MINUTES=1440
2025-11-19 15:23:22,085 - services.jwt_utils - INFO - SECRET_KEY установлена: Да
2025-11-19 15:23:22,085 - services.jwt_utils - INFO - JWTService инициализирован с настройками: {'access_token_expire_minutes': 600, 'refresh_token_expire_days': 1, 'algorithm': 'HS512'}
2025-11-19 15:23:22,155 - api.auth - INFO - Loaded 0 reset tokens from storage
2025-11-19 15:23:22,238 - chat - INFO - Таблицы успешно созданы или уже существуют.
2025-11-19 15:23:22,238 - chat - INFO - Initializing user statuses for existing chats...
2025-11-19 15:23:22,253 - chat - INFO - User statuses initialized successfully
2025-11-19 15:23:22,335 - api.faqs - INFO - SQLAlchemy version: 2.0.41
2025-11-19 15:23:22,363 - api.faqs - INFO - Текущие столбцы таблицы faqs: ['id', 'question', 'answer', 'category', 'created_at', 'updated_at', 'views_count', 'helpful_count', 'not_helpful_count', 'content_html', 'department', 'is_general']
2025-11-19 15:40:07,184 - services.admin_manager - INFO - 🔧 AdminManager using database: portaladmins_db at localhost:5432
2025-11-19 15:40:07,245 - services.admin_manager - INFO - 📋 Admin table columns: ['id', 'username', 'service_id', 'is_active', 'permissions', 'created_at', 'updated_at', 'email']
2025-11-19 15:40:07,248 - services.admin_manager - WARNING - Таблица 'reset_tokens' не найдена в базе данных
2025-11-19 15:40:07,331 - services.jwt_utils - INFO - JWT Configuration: ALGORITHM=HS256, ACCESS_TOKEN_EXPIRE_MINUTES=1440
2025-11-19 15:40:07,332 - services.jwt_utils - INFO - SECRET_KEY установлена: Да
2025-11-19 15:40:07,332 - services.jwt_utils - INFO - JWTService инициализирован с настройками: {'access_token_expire_minutes': 600, 'refresh_token_expire_days': 1, 'algorithm': 'HS512'}
2025-11-19 15:40:07,406 - api.auth - INFO - Loaded 0 reset tokens from storage
2025-11-19 15:40:07,486 - chat - INFO - Таблицы успешно созданы или уже существуют.
2025-11-19 15:40:07,486 - chat - INFO - Initializing user statuses for existing chats...
2025-11-19 15:40:07,502 - chat - INFO - User statuses initialized successfully
2025-11-19 15:40:07,595 - api.faqs - INFO - SQLAlchemy version: 2.0.41
2025-11-19 15:40:07,631 - api.faqs - INFO - Текущие столбцы таблицы faqs: ['id', 'question', 'answer', 'category', 'created_at', 'updated_at', 'views_count', 'helpful_count', 'not_helpful_count', 'content_html', 'department', 'is_general']
2025-11-19 15:40:56,100 - services.admin_manager - INFO - 🔧 AdminManager using database: portaladmins_db at localhost:5432
2025-11-19 15:40:56,154 - services.admin_manager - INFO - 📋 Admin table columns: ['id', 'username', 'service_id', 'is_active', 'permissions', 'created_at', 'updated_at', 'email']
2025-11-19 15:40:56,157 - services.admin_manager - WARNING - Таблица 'reset_tokens' не найдена в базе данных
2025-11-19 15:40:56,236 - services.jwt_utils - INFO - JWT Configuration: ALGORITHM=HS256, ACCESS_TOKEN_EXPIRE_MINUTES=1440
2025-11-19 15:40:56,236 - services.jwt_utils - INFO - SECRET_KEY установлена: Да
2025-11-19 15:40:56,237 - services.jwt_utils - INFO - JWTService инициализирован с настройками: {'access_token_expire_minutes': 600, 'refresh_token_expire_days': 1, 'algorithm': 'HS512'}
2025-11-19 15:40:56,308 - api.auth - INFO - Loaded 0 reset tokens from storage
2025-11-19 15:40:56,398 - chat - INFO - Таблицы успешно созданы или уже существуют.
2025-11-19 15:40:56,399 - chat - INFO - Initializing user statuses for existing chats...
2025-11-19 15:40:56,418 - chat - INFO - User statuses initialized successfully
2025-11-19 15:40:56,515 - api.faqs - INFO - SQLAlchemy version: 2.0.41
2025-11-19 15:40:56,549 - api.faqs - INFO - Текущие столбцы таблицы faqs: ['id', 'question', 'answer', 'category', 'created_at', 'updated_at', 'views_count', 'helpful_count', 'not_helpful_count', 'content_html', 'department', 'is_general']
2025-11-19 16:10:30,177 - services.admin_manager - INFO - 🔧 AdminManager using database: portaladmins_db at localhost:5432
2025-11-19 16:10:30,232 - services.admin_manager - INFO - 📋 Admin table columns: ['id', 'username', 'service_id', 'is_active', 'permissions', 'created_at', 'updated_at', 'email']
2025-11-19 16:10:30,235 - services.admin_manager - WARNING - Таблица 'reset_tokens' не найдена в базе данных
2025-11-19 16:10:30,316 - services.jwt_utils - INFO - JWT Configuration: ALGORITHM=HS256, ACCESS_TOKEN_EXPIRE_MINUTES=1440
2025-11-19 16:10:30,316 - services.jwt_utils - INFO - SECRET_KEY установлена: Да
2025-11-19 16:10:30,316 - services.jwt_utils - INFO - JWTService инициализирован с настройками: {'access_token_expire_minutes': 600, 'refresh_token_expire_days': 1, 'algorithm': 'HS512'}
2025-11-19 16:10:30,390 - api.auth - INFO - Loaded 0 reset tokens from storage
2025-11-19 16:10:30,467 - chat - INFO - Таблицы успешно созданы или уже существуют.
2025-11-19 16:10:30,467 - chat - INFO - Initializing user statuses for existing chats...
2025-11-19 16:10:30,483 - chat - INFO - User statuses initialized successfully
2025-11-19 16:10:30,563 - api.faqs - INFO - SQLAlchemy version: 2.0.41
2025-11-19 16:10:30,592 - api.faqs - INFO - Текущие столбцы таблицы faqs: ['id', 'question', 'answer', 'category', 'created_at', 'updated_at', 'views_count', 'helpful_count', 'not_helpful_count', 'content_html', 'department', 'is_general']
2025-11-20 09:28:27,520 - services.admin_manager - INFO - 🔧 AdminManager using database: portaladmins_db at localhost:5432
2025-11-20 09:28:27,570 - services.admin_manager - INFO - 📋 Admin table columns: ['id', 'username', 'service_id', 'is_active', 'permissions', 'created_at', 'updated_at', 'email']
2025-11-20 09:28:27,572 - services.admin_manager - WARNING - Таблица 'reset_tokens' не найдена в базе данных
2025-11-20 09:28:27,652 - services.jwt_utils - INFO - JWT Configuration: ALGORITHM=HS256, ACCESS_TOKEN_EXPIRE_MINUTES=1440
2025-11-20 09:28:27,652 - services.jwt_utils - INFO - SECRET_KEY установлена: Да
2025-11-20 09:28:27,653 - services.jwt_utils - INFO - JWTService инициализирован с настройками: {'access_token_expire_minutes': 600, 'refresh_token_expire_days': 1, 'algorithm': 'HS512'}
2025-11-20 09:28:27,720 - api.auth - INFO - Loaded 0 reset tokens from storage
2025-11-20 09:28:27,798 - chat - INFO - Таблицы успешно созданы или уже существуют.
2025-11-20 09:28:27,798 - chat - INFO - Initializing user statuses for existing chats...
2025-11-20 09:28:27,813 - chat - INFO - User statuses initialized successfully
2025-11-20 09:28:27,894 - api.faqs - INFO - SQLAlchemy version: 2.0.41
2025-11-20 09:28:27,924 - api.faqs - INFO - Текущие столбцы таблицы faqs: ['id', 'question', 'answer', 'category', 'created_at', 'updated_at', 'views_count', 'helpful_count', 'not_helpful_count', 'content_html', 'department', 'is_general']
2025-11-20 11:39:51,346 - services.admin_manager - INFO - 🔧 AdminManager using database: portaladmins_db at localhost:5432
2025-11-20 11:39:51,404 - services.admin_manager - INFO - 📋 Admin table columns: ['id', 'username', 'service_id', 'is_active', 'permissions', 'created_at', 'updated_at', 'email']
2025-11-20 11:39:51,406 - services.admin_manager - WARNING - Таблица 'reset_tokens' не найдена в базе данных
2025-11-20 11:39:51,489 - services.jwt_utils - INFO - JWT Configuration: ALGORITHM=HS256, ACCESS_TOKEN_EXPIRE_MINUTES=1440
2025-11-20 11:39:51,489 - services.jwt_utils - INFO - SECRET_KEY установлена: Да
2025-11-20 11:39:51,490 - services.jwt_utils - INFO - JWTService инициализирован с настройками: {'access_token_expire_minutes': 600, 'refresh_token_expire_days': 1, 'algorithm': 'HS512'}
2025-11-20 11:39:51,568 - api.auth - INFO - Loaded 1 reset tokens from storage
2025-11-20 11:39:51,656 - chat - INFO - Таблицы успешно созданы или уже существуют.
2025-11-20 11:39:51,656 - chat - INFO - Initializing user statuses for existing chats...
2025-11-20 11:39:51,687 - chat - INFO - User statuses initialized successfully
2025-11-20 11:39:51,776 - api.faqs - INFO - SQLAlchemy version: 2.0.41
2025-11-20 11:39:51,805 - api.faqs - INFO - Текущие столбцы таблицы faqs: ['id', 'question', 'answer', 'category', 'created_at', 'updated_at', 'views_count', 'helpful_count', 'not_helpful_count', 'content_html', 'department', 'is_general']
2025-11-20 11:46:55,372 - services.admin_manager - INFO - 🔧 AdminManager using database: portaladmins_db at localhost:5432
2025-11-20 11:46:55,434 - services.admin_manager - INFO - 📋 Admin table columns: ['id', 'username', 'service_id', 'is_active', 'permissions', 'created_at', 'updated_at', 'email']
2025-11-20 11:46:55,437 - services.admin_manager - WARNING - Таблица 'reset_tokens' не найдена в базе данных
2025-11-20 11:46:55,531 - services.jwt_utils - INFO - JWT Configuration: ALGORITHM=HS256, ACCESS_TOKEN_EXPIRE_MINUTES=1440
2025-11-20 11:46:55,531 - services.jwt_utils - INFO - SECRET_KEY установлена: Да
2025-11-20 11:46:55,532 - services.jwt_utils - INFO - JWTService инициализирован с настройками: {'access_token_expire_minutes': 600, 'refresh_token_expire_days': 1, 'algorithm': 'HS512'}
2025-11-20 11:46:55,614 - api.auth - INFO - Loaded 1 reset tokens from storage
2025-11-20 11:46:55,706 - chat - INFO - Таблицы успешно созданы или уже существуют.
2025-11-20 11:46:55,706 - chat - INFO - Initializing user statuses for existing chats...
2025-11-20 11:46:55,724 - chat - INFO - User statuses initialized successfully
2025-11-20 11:46:55,817 - api.faqs - INFO - SQLAlchemy version: 2.0.41
2025-11-20 11:46:55,854 - api.faqs - INFO - Текущие столбцы таблицы faqs: ['id', 'question', 'answer', 'category', 'created_at', 'updated_at', 'views_count', 'helpful_count', 'not_helpful_count', 'content_html', 'department', 'is_general']
2025-11-20 11:59:00,410 - services.admin_manager - INFO - 🔧 AdminManager using database: portaladmins_db at localhost:5432
2025-11-20 11:59:00,464 - services.admin_manager - INFO - 📋 Admin table columns: ['id', 'username', 'service_id', 'is_active', 'permissions', 'created_at', 'updated_at', 'email']
2025-11-20 11:59:00,466 - services.admin_manager - WARNING - Таблица 'reset_tokens' не найдена в базе данных
2025-11-20 11:59:00,556 - services.jwt_utils - INFO - JWT Configuration: ALGORITHM=HS256, ACCESS_TOKEN_EXPIRE_MINUTES=1440
2025-11-20 11:59:00,557 - services.jwt_utils - INFO - SECRET_KEY установлена: Да
2025-11-20 11:59:00,557 - services.jwt_utils - INFO - JWTService инициализирован с настройками: {'access_token_expire_minutes': 600, 'refresh_token_expire_days': 1, 'algorithm': 'HS512'}
2025-11-20 11:59:00,631 - api.auth - INFO - Loaded 1 reset tokens from storage
2025-11-20 11:59:00,713 - chat - INFO - Таблицы успешно созданы или уже существуют.
2025-11-20 11:59:00,713 - chat - INFO - Initializing user statuses for existing chats...
2025-11-20 11:59:00,731 - chat - INFO - User statuses initialized successfully
2025-11-20 11:59:00,811 - api.faqs - INFO - SQLAlchemy version: 2.0.41
2025-11-20 11:59:00,837 - api.faqs - INFO - Текущие столбцы таблицы faqs: ['id', 'question', 'answer', 'category', 'created_at', 'updated_at', 'views_count', 'helpful_count', 'not_helpful_count', 'content_html', 'department', 'is_general']
2025-11-20 12:22:45,044 - services.admin_manager - INFO - 🔧 AdminManager using database: portaladmins_db at localhost:5432
2025-11-20 12:22:45,100 - services.admin_manager - INFO - 📋 Admin table columns: ['id', 'username', 'service_id', 'is_active', 'permissions', 'created_at', 'updated_at', 'email']
2025-11-20 12:22:45,102 - services.admin_manager - WARNING - Таблица 'reset_tokens' не найдена в базе данных
2025-11-20 12:22:45,183 - services.jwt_utils - INFO - JWT Configuration: ALGORITHM=HS256, ACCESS_TOKEN_EXPIRE_MINUTES=1440
2025-11-20 12:22:45,184 - services.jwt_utils - INFO - SECRET_KEY установлена: Да
2025-11-20 12:22:45,184 - services.jwt_utils - INFO - JWTService инициализирован с настройками: {'access_token_expire_minutes': 600, 'refresh_token_expire_days': 1, 'algorithm': 'HS512'}
2025-11-20 12:22:45,254 - api.auth - INFO - Loaded 1 reset tokens from storage
2025-11-20 12:22:45,343 - chat - INFO - Таблицы успешно созданы или уже существуют.
2025-11-20 12:22:45,343 - chat - INFO - Initializing user statuses for existing chats...
2025-11-20 12:22:45,362 - chat - INFO - User statuses initialized successfully
2025-11-20 12:22:45,451 - api.faqs - INFO - SQLAlchemy version: 2.0.41
2025-11-20 12:22:45,483 - api.faqs - INFO - Текущие столбцы таблицы faqs: ['id', 'question', 'answer', 'category', 'created_at', 'updated_at', 'views_count', 'helpful_count', 'not_helpful_count', 'content_html', 'department', 'is_general']
2025-11-20 12:26:03,881 - services.admin_manager - INFO - 🔧 AdminManager using database: portaladmins_db at localhost:5432
2025-11-20 12:26:03,941 - services.admin_manager - INFO - 📋 Admin table columns: ['id', 'username', 'service_id', 'is_active', 'permissions', 'created_at', 'updated_at', 'email']
2025-11-20 12:26:03,944 - services.admin_manager - WARNING - Таблица 'reset_tokens' не найдена в базе данных
2025-11-20 12:26:04,038 - services.jwt_utils - INFO - JWT Configuration: ALGORITHM=HS256, ACCESS_TOKEN_EXPIRE_MINUTES=1440
2025-11-20 12:26:04,039 - services.jwt_utils - INFO - SECRET_KEY установлена: Да
2025-11-20 12:26:04,039 - services.jwt_utils - INFO - JWTService инициализирован с настройками: {'access_token_expire_minutes': 600, 'refresh_token_expire_days': 1, 'algorithm': 'HS512'}
2025-11-20 12:26:04,113 - api.auth - INFO - Loaded 1 reset tokens from storage
2025-11-20 12:26:04,201 - chat - INFO - Таблицы успешно созданы или уже существуют.
2025-11-20 12:26:04,202 - chat - INFO - Initializing user statuses for existing chats...
2025-11-20 12:26:04,222 - chat - INFO - User statuses initialized successfully
2025-11-20 12:26:04,311 - api.faqs - INFO - SQLAlchemy version: 2.0.41
2025-11-20 12:26:04,339 - api.faqs - INFO - Текущие столбцы таблицы faqs: ['id', 'question', 'answer', 'category', 'created_at', 'updated_at', 'views_count', 'helpful_count', 'not_helpful_count', 'content_html', 'department', 'is_general']
2025-11-20 12:26:07,871 - services.admin_manager - INFO - 🔧 AdminManager using database: portaladmins_db at localhost:5432
2025-11-20 12:26:07,937 - services.admin_manager - INFO - 📋 Admin table columns: ['id', 'username', 'service_id', 'is_active', 'permissions', 'created_at', 'updated_at', 'email']
2025-11-20 12:26:07,940 - services.admin_manager - WARNING - Таблица 'reset_tokens' не найдена в базе данных
2025-11-20 12:26:08,027 - services.jwt_utils - INFO - JWT Configuration: ALGORITHM=HS256, ACCESS_TOKEN_EXPIRE_MINUTES=1440
2025-11-20 12:26:08,027 - services.jwt_utils - INFO - SECRET_KEY установлена: Да
2025-11-20 12:26:08,027 - services.jwt_utils - INFO - JWTService инициализирован с настройками: {'access_token_expire_minutes': 600, 'refresh_token_expire_days': 1, 'algorithm': 'HS512'}
2025-11-20 12:26:08,111 - api.auth - INFO - Loaded 1 reset tokens from storage
2025-11-20 12:26:08,206 - chat - INFO - Таблицы успешно созданы или уже существуют.
2025-11-20 12:26:08,207 - chat - INFO - Initializing user statuses for existing chats...
2025-11-20 12:26:08,226 - chat - INFO - User statuses initialized successfully
2025-11-20 12:26:08,319 - api.faqs - INFO - SQLAlchemy version: 2.0.41
2025-11-20 12:26:08,350 - api.faqs - INFO - Текущие столбцы таблицы faqs: ['id', 'question', 'answer', 'category', 'created_at', 'updated_at', 'views_count', 'helpful_count', 'not_helpful_count', 'content_html', 'department', 'is_general']
2025-11-20 13:04:07,109 - services.admin_manager - INFO - 🔧 AdminManager using database: portaladmins_db at localhost:5432
2025-11-20 13:04:07,168 - services.admin_manager - INFO - 📋 Admin table columns: ['id', 'username', 'service_id', 'is_active', 'permissions', 'created_at', 'updated_at', 'email']
2025-11-20 13:04:07,171 - services.admin_manager - WARNING - Таблица 'reset_tokens' не найдена в базе данных
2025-11-20 13:04:07,252 - services.jwt_utils - INFO - JWT Configuration: ALGORITHM=HS256, ACCESS_TOKEN_EXPIRE_MINUTES=1440
2025-11-20 13:04:07,252 - services.jwt_utils - INFO - SECRET_KEY установлена: Да
2025-11-20 13:04:07,253 - services.jwt_utils - INFO - JWTService инициализирован с настройками: {'access_token_expire_minutes': 600, 'refresh_token_expire_days': 1, 'algorithm': 'HS512'}
2025-11-20 13:04:07,325 - api.auth - INFO - Loaded 1 reset tokens from storage
2025-11-20 13:04:31,742 - services.admin_manager - INFO - 🔧 AdminManager using database: portaladmins_db at localhost:5432
2025-11-20 13:04:31,797 - services.admin_manager - INFO - 📋 Admin table columns: ['id', 'username', 'service_id', 'is_active', 'permissions', 'created_at', 'updated_at', 'email']
2025-11-20 13:04:31,799 - services.admin_manager - WARNING - Таблица 'reset_tokens' не найдена в базе данных
2025-11-20 13:04:31,880 - services.jwt_utils - INFO - JWT Configuration: ALGORITHM=HS256, ACCESS_TOKEN_EXPIRE_MINUTES=1440
2025-11-20 13:04:31,881 - services.jwt_utils - INFO - SECRET_KEY установлена: Да
2025-11-20 13:04:31,881 - services.jwt_utils - INFO - JWTService инициализирован с настройками: {'access_token_expire_minutes': 600, 'refresh_token_expire_days': 1, 'algorithm': 'HS512'}
2025-11-20 13:04:31,957 - api.auth - INFO - Loaded 1 reset tokens from storage
2025-11-20 13:04:32,046 - chat - INFO - Таблицы успешно созданы или уже существуют.
2025-11-20 13:04:32,047 - chat - INFO - Initializing user statuses for existing chats...
2025-11-20 13:04:32,066 - chat - INFO - User statuses initialized successfully
2025-11-20 13:04:32,156 - api.faqs - INFO - SQLAlchemy version: 2.0.41
2025-11-20 13:04:32,182 - api.faqs - INFO - Текущие столбцы таблицы faqs: ['id', 'question', 'answer', 'category', 'created_at', 'updated_at', 'views_count', 'helpful_count', 'not_helpful_count', 'content_html', 'department', 'is_general']
2025-11-20 13:06:40,221 - services.admin_manager - INFO - 🔧 AdminManager using database: portaladmins_db at localhost:5432
2025-11-20 13:06:40,279 - services.admin_manager - INFO - 📋 Admin table columns: ['id', 'username', 'service_id', 'is_active', 'permissions', 'created_at', 'updated_at', 'email']
2025-11-20 13:06:40,282 - services.admin_manager - WARNING - Таблица 'reset_tokens' не найдена в базе данных
2025-11-20 13:06:40,368 - services.jwt_utils - INFO - JWT Configuration: ALGORITHM=HS256, ACCESS_TOKEN_EXPIRE_MINUTES=1440
2025-11-20 13:06:40,369 - services.jwt_utils - INFO - SECRET_KEY установлена: Да
2025-11-20 13:06:40,369 - services.jwt_utils - INFO - JWTService инициализирован с настройками: {'access_token_expire_minutes': 600, 'refresh_token_expire_days': 1, 'algorithm': 'HS512'}
2025-11-20 13:06:40,445 - api.auth - INFO - Loaded 1 reset tokens from storage
2025-11-20 13:06:40,527 - chat - INFO - Таблицы успешно созданы или уже существуют.
2025-11-20 13:06:40,527 - chat - INFO - Initializing user statuses for existing chats...
2025-11-20 13:06:40,544 - chat - INFO - User statuses initialized successfully
2025-11-20 13:06:40,627 - api.faqs - INFO - SQLAlchemy version: 2.0.41
2025-11-20 13:06:40,654 - api.faqs - INFO - Текущие столбцы таблицы faqs: ['id', 'question', 'answer', 'category', 'created_at', 'updated_at', 'views_count', 'helpful_count', 'not_helpful_count', 'content_html', 'department', 'is_general']
2025-11-20 13:09:01,994 - services.admin_manager - INFO - 🔧 AdminManager using database: portaladmins_db at localhost:5432
2025-11-20 13:09:02,048 - services.admin_manager - INFO - 📋 Admin table columns: ['id', 'username', 'service_id', 'is_active', 'permissions', 'created_at', 'updated_at', 'email']
2025-11-20 13:09:02,051 - services.admin_manager - WARNING - Таблица 'reset_tokens' не найдена в базе данных
2025-11-20 13:09:02,130 - services.jwt_utils - INFO - JWT Configuration: ALGORITHM=HS256, ACCESS_TOKEN_EXPIRE_MINUTES=1440
2025-11-20 13:09:02,130 - services.jwt_utils - INFO - SECRET_KEY установлена: Да
2025-11-20 13:09:02,130 - services.jwt_utils - INFO - JWTService инициализирован с настройками: {'access_token_expire_minutes': 600, 'refresh_token_expire_days': 1, 'algorithm': 'HS512'}
2025-11-20 13:09:02,200 - api.auth - INFO - Loaded 1 reset tokens from storage
2025-11-20 13:09:02,281 - chat - INFO - Таблицы успешно созданы или уже существуют.
2025-11-20 13:09:02,281 - chat - INFO - Initializing user statuses for existing chats...
2025-11-20 13:09:02,297 - chat - INFO - User statuses initialized successfully
2025-11-20 13:09:02,384 - api.faqs - INFO - SQLAlchemy version: 2.0.41
2025-11-20 13:09:02,413 - api.faqs - INFO - Текущие столбцы таблицы faqs: ['id', 'question', 'answer', 'category', 'created_at', 'updated_at', 'views_count', 'helpful_count', 'not_helpful_count', 'content_html', 'department', 'is_general']
2025-11-20 13:25:23,609 - services.admin_manager - INFO - 🔧 AdminManager using database: portaladmins_db at localhost:5432
2025-11-20 13:25:23,671 - services.admin_manager - INFO - 📋 Admin table columns: ['id', 'username', 'service_id', 'is_active', 'permissions', 'created_at', 'updated_at', 'email']
2025-11-20 13:25:23,674 - services.admin_manager - WARNING - Таблица 'reset_tokens' не найдена в базе данных
2025-11-20 13:25:23,750 - services.jwt_utils - INFO - JWT Configuration: ALGORITHM=HS256, ACCESS_TOKEN_EXPIRE_MINUTES=1440
2025-11-20 13:25:23,750 - services.jwt_utils - INFO - SECRET_KEY установлена: Да
2025-11-20 13:25:23,750 - services.jwt_utils - INFO - JWTService инициализирован с настройками: {'access_token_expire_minutes': 600, 'refresh_token_expire_days': 1, 'algorithm': 'HS512'}
2025-11-20 13:25:23,818 - api.auth - INFO - Loaded 1 reset tokens from storage
2025-11-20 13:25:23,898 - chat - INFO - Таблицы успешно созданы или уже существуют.
2025-11-20 13:25:23,899 - chat - INFO - Initializing user statuses for existing chats...
2025-11-20 13:25:23,916 - chat - INFO - User statuses initialized successfully
2025-11-20 13:25:24,001 - api.faqs - INFO - SQLAlchemy version: 2.0.41
2025-11-20 13:25:24,031 - api.faqs - INFO - Текущие столбцы таблицы faqs: ['id', 'question', 'answer', 'category', 'created_at', 'updated_at', 'views_count', 'helpful_count', 'not_helpful_count', 'content_html', 'department', 'is_general']
2025-11-20 13:26:55,063 - services.admin_manager - INFO - 🔧 AdminManager using database: portaladmins_db at localhost:5432
2025-11-20 13:26:55,118 - services.admin_manager - INFO - 📋 Admin table columns: ['id', 'username', 'service_id', 'is_active', 'permissions', 'created_at', 'updated_at', 'email']
2025-11-20 13:26:55,120 - services.admin_manager - WARNING - Таблица 'reset_tokens' не найдена в базе данных
2025-11-20 13:26:55,201 - services.jwt_utils - INFO - JWT Configuration: ALGORITHM=HS256, ACCESS_TOKEN_EXPIRE_MINUTES=1440
2025-11-20 13:26:55,202 - services.jwt_utils - INFO - SECRET_KEY установлена: Да
2025-11-20 13:26:55,202 - services.jwt_utils - INFO - JWTService инициализирован с настройками: {'access_token_expire_minutes': 600, 'refresh_token_expire_days': 1, 'algorithm': 'HS512'}
2025-11-20 13:26:55,275 - api.auth - INFO - Loaded 1 reset tokens from storage
2025-11-20 13:26:55,362 - chat - INFO - Таблицы успешно созданы или уже существуют.
2025-11-20 13:26:55,362 - chat - INFO - Initializing user statuses for existing chats...
2025-11-20 13:26:55,379 - chat - INFO - User statuses initialized successfully
2025-11-20 13:26:55,462 - api.faqs - INFO - SQLAlchemy version: 2.0.41
2025-11-20 13:26:55,495 - api.faqs - INFO - Текущие столбцы таблицы faqs: ['id', 'question', 'answer', 'category', 'created_at', 'updated_at', 'views_count', 'helpful_count', 'not_helpful_count', 'content_html', 'department', 'is_general']
2025-11-20 13:35:13,620 - services.admin_manager - INFO - 🔧 AdminManager using database: portaladmins_db at localhost:5432
2025-11-20 13:35:13,672 - services.admin_manager - INFO - 📋 Admin table columns: ['id', 'username', 'service_id', 'is_active', 'permissions', 'created_at', 'updated_at', 'email']
2025-11-20 13:35:13,674 - services.admin_manager - WARNING - Таблица 'reset_tokens' не найдена в базе данных
2025-11-20 13:35:13,755 - services.jwt_utils - INFO - JWT Configuration: ALGORITHM=HS256, ACCESS_TOKEN_EXPIRE_MINUTES=1440
2025-11-20 13:35:13,755 - services.jwt_utils - INFO - SECRET_KEY установлена: Да
2025-11-20 13:35:13,756 - services.jwt_utils - INFO - JWTService инициализирован с настройками: {'access_token_expire_minutes': 600, 'refresh_token_expire_days': 1, 'algorithm': 'HS512'}
2025-11-20 13:35:13,825 - api.auth - INFO - Loaded 1 reset tokens from storage
2025-11-20 13:35:13,911 - chat - INFO - Таблицы успешно созданы или уже существуют.
2025-11-20 13:35:13,911 - chat - INFO - Initializing user statuses for existing chats...
2025-11-20 13:35:13,928 - chat - INFO - User statuses initialized successfully
2025-11-20 13:35:14,010 - api.faqs - INFO - SQLAlchemy version: 2.0.41
2025-11-20 13:35:14,036 - api.faqs - INFO - Текущие столбцы таблицы faqs: ['id', 'question', 'answer', 'category', 'created_at', 'updated_at', 'views_count', 'helpful_count', 'not_helpful_count', 'content_html', 'department', 'is_general']
2025-11-20 13:39:54,193 - services.admin_manager - INFO - 🔧 AdminManager using database: portaladmins_db at localhost:5432
2025-11-20 13:39:54,253 - services.admin_manager - INFO - 📋 Admin table columns: ['id', 'username', 'service_id', 'is_active', 'permissions', 'created_at', 'updated_at', 'email']
2025-11-20 13:39:54,255 - services.admin_manager - WARNING - Таблица 'reset_tokens' не найдена в базе данных
2025-11-20 13:39:54,336 - services.jwt_utils - INFO - JWT Configuration: ALGORITHM=HS256, ACCESS_TOKEN_EXPIRE_MINUTES=1440
2025-11-20 13:39:54,336 - services.jwt_utils - INFO - SECRET_KEY установлена: Да
2025-11-20 13:39:54,337 - services.jwt_utils - INFO - JWTService инициализирован с настройками: {'access_token_expire_minutes': 600, 'refresh_token_expire_days': 1, 'algorithm': 'HS512'}
2025-11-20 13:39:54,410 - api.auth - INFO - Loaded 1 reset tokens from storage
2025-11-20 13:39:54,493 - chat - INFO - Таблицы успешно созданы или уже существуют.
2025-11-20 13:39:54,493 - chat - INFO - Initializing user statuses for existing chats...
2025-11-20 13:39:54,509 - chat - INFO - User statuses initialized successfully
2025-11-20 13:39:54,593 - api.faqs - INFO - SQLAlchemy version: 2.0.41
2025-11-20 13:39:54,622 - api.faqs - INFO - Текущие столбцы таблицы faqs: ['id', 'question', 'answer', 'category', 'created_at', 'updated_at', 'views_count', 'helpful_count', 'not_helpful_count', 'content_html', 'department', 'is_general']
2025-11-20 13:45:39,941 - services.admin_manager - INFO - 🔧 AdminManager using database: portaladmins_db at localhost:5432
2025-11-20 13:45:39,995 - services.admin_manager - INFO - 📋 Admin table columns: ['id', 'username', 'service_id', 'is_active', 'permissions', 'created_at', 'updated_at', 'email']
2025-11-20 13:45:39,997 - services.admin_manager - WARNING - Таблица 'reset_tokens' не найдена в базе данных
2025-11-20 13:45:40,082 - services.jwt_utils - INFO - JWT Configuration: ALGORITHM=HS256, ACCESS_TOKEN_EXPIRE_MINUTES=1440
2025-11-20 13:45:40,082 - services.jwt_utils - INFO - SECRET_KEY установлена: Да
2025-11-20 13:45:40,083 - services.jwt_utils - INFO - JWTService инициализирован с настройками: {'access_token_expire_minutes': 600, 'refresh_token_expire_days': 1, 'algorithm': 'HS512'}
2025-11-20 13:45:40,152 - api.auth - INFO - Loaded 1 reset tokens from storage
2025-11-20 13:45:40,230 - chat - INFO - Таблицы успешно созданы или уже существуют.
2025-11-20 13:45:40,230 - chat - INFO - Initializing user statuses for existing chats...
2025-11-20 13:45:40,247 - chat - INFO - User statuses initialized successfully
2025-11-20 13:45:40,331 - api.faqs - INFO - SQLAlchemy version: 2.0.41
2025-11-20 13:45:40,359 - api.faqs - INFO - Текущие столбцы таблицы faqs: ['id', 'question', 'answer', 'category', 'created_at', 'updated_at', 'views_count', 'helpful_count', 'not_helpful_count', 'content_html', 'department', 'is_general']
2025-11-20 14:16:55,831 - services.admin_manager - INFO - 🔧 AdminManager using database: portaladmins_db at localhost:5432
2025-11-20 14:16:55,892 - services.admin_manager - INFO - 📋 Admin table columns: ['id', 'username', 'service_id', 'is_active', 'permissions', 'created_at', 'updated_at', 'email']
2025-11-20 14:16:55,896 - services.admin_manager - WARNING - Таблица 'reset_tokens' не найдена в базе данных
2025-11-20 14:16:55,981 - services.jwt_utils - INFO - JWT Configuration: ALGORITHM=HS256, ACCESS_TOKEN_EXPIRE_MINUTES=1440
2025-11-20 14:16:55,981 - services.jwt_utils - INFO - SECRET_KEY установлена: Да
2025-11-20 14:16:55,981 - services.jwt_utils - INFO - JWTService инициализирован с настройками: {'access_token_expire_minutes': 600, 'refresh_token_expire_days': 1, 'algorithm': 'HS512'}
2025-11-20 14:16:56,059 - api.auth - INFO - Loaded 1 reset tokens from storage
2025-11-20 14:16:56,140 - chat - INFO - Таблицы успешно созданы или уже существуют.
2025-11-20 14:16:56,141 - chat - INFO - Initializing user statuses for existing chats...
2025-11-20 14:16:56,152 - chat - INFO - User statuses initialized successfully
2025-11-20 14:16:56,243 - api.faqs - INFO - SQLAlchemy version: 2.0.41
2025-11-20 14:16:56,275 - api.faqs - INFO - Текущие столбцы таблицы faqs: ['id', 'question', 'answer', 'category', 'created_at', 'updated_at', 'views_count', 'helpful_count', 'not_helpful_count', 'content_html', 'department', 'is_general']
2025-11-20 14:24:38,796 - services.admin_manager - INFO - 🔧 AdminManager using database: portaladmins_db at localhost:5432
2025-11-20 14:24:38,852 - services.admin_manager - INFO - 📋 Admin table columns: ['id', 'username', 'service_id', 'is_active', 'permissions', 'created_at', 'updated_at', 'email']
2025-11-20 14:24:38,855 - services.admin_manager - WARNING - Таблица 'reset_tokens' не найдена в базе данных
2025-11-20 14:24:38,945 - services.jwt_utils - INFO - JWT Configuration: ALGORITHM=HS256, ACCESS_TOKEN_EXPIRE_MINUTES=1440
2025-11-20 14:24:38,945 - services.jwt_utils - INFO - SECRET_KEY установлена: Да
2025-11-20 14:24:38,946 - services.jwt_utils - INFO - JWTService инициализирован с настройками: {'access_token_expire_minutes': 600, 'refresh_token_expire_days': 1, 'algorithm': 'HS512'}
2025-11-20 14:24:39,017 - api.auth - INFO - Loaded 1 reset tokens from storage
2025-11-20 14:24:39,111 - chat - INFO - Таблицы успешно созданы или уже существуют.
2025-11-20 14:24:39,111 - chat - INFO - Initializing user statuses for existing chats...
2025-11-20 14:24:39,143 - chat - INFO - User statuses initialized successfully
2025-11-20 14:24:39,233 - api.faqs - INFO - SQLAlchemy version: 2.0.41
2025-11-20 14:24:39,265 - api.faqs - INFO - Текущие столбцы таблицы faqs: ['id', 'question', 'answer', 'category', 'created_at', 'updated_at', 'views_count', 'helpful_count', 'not_helpful_count', 'content_html', 'department', 'is_general']
2025-11-20 15:27:52,563 - services.admin_manager - INFO - 🔧 AdminManager using database: portaladmins_db at localhost:5432
2025-11-20 15:27:52,622 - services.admin_manager - INFO - 📋 Admin table columns: ['id', 'username', 'service_id', 'is_active', 'permissions', 'created_at', 'updated_at', 'email']
2025-11-20 15:27:52,624 - services.admin_manager - WARNING - Таблица 'reset_tokens' не найдена в базе данных
2025-11-20 15:27:52,705 - services.jwt_utils - INFO - JWT Configuration: ALGORITHM=HS256, ACCESS_TOKEN_EXPIRE_MINUTES=1440
2025-11-20 15:27:52,705 - services.jwt_utils - INFO - SECRET_KEY установлена: Да
2025-11-20 15:27:52,706 - services.jwt_utils - INFO - JWTService инициализирован с настройками: {'access_token_expire_minutes': 600, 'refresh_token_expire_days': 1, 'algorithm': 'HS512'}
2025-11-20 15:27:52,776 - api.auth - INFO - Loaded 1 reset tokens from storage
2025-11-20 15:27:52,858 - chat - INFO - Таблицы успешно созданы или уже существуют.
2025-11-20 15:27:52,858 - chat - INFO - Initializing user statuses for existing chats...
2025-11-20 15:27:52,891 - chat - INFO - User statuses initialized successfully
2025-11-20 15:27:52,975 - api.faqs - INFO - SQLAlchemy version: 2.0.41
2025-11-20 15:27:53,001 - api.faqs - INFO - Текущие столбцы таблицы faqs: ['id', 'question', 'answer', 'category', 'created_at', 'updated_at', 'views_count', 'helpful_count', 'not_helpful_count', 'content_html', 'department', 'is_general']
2025-11-20 15:32:49,604 - services.admin_manager - INFO - 🔧 AdminManager using database: portaladmins_db at localhost:5432
2025-11-20 15:32:49,659 - services.admin_manager - INFO - 📋 Admin table columns: ['id', 'username', 'service_id', 'is_active', 'permissions', 'created_at', 'updated_at', 'email']
2025-11-20 15:32:49,662 - services.admin_manager - WARNING - Таблица 'reset_tokens' не найдена в базе данных
2025-11-20 15:32:49,749 - services.jwt_utils - INFO - JWT Configuration: ALGORITHM=HS256, ACCESS_TOKEN_EXPIRE_MINUTES=1440
2025-11-20 15:32:49,749 - services.jwt_utils - INFO - SECRET_KEY установлена: Да
2025-11-20 15:32:49,749 - services.jwt_utils - INFO - JWTService инициализирован с настройками: {'access_token_expire_minutes': 600, 'refresh_token_expire_days': 1, 'algorithm': 'HS512'}
2025-11-20 15:32:49,830 - api.auth - INFO - Loaded 1 reset tokens from storage
2025-11-20 15:32:49,914 - chat - INFO - Таблицы успешно созданы или уже существуют.
2025-11-20 15:32:49,914 - chat - INFO - Initializing user statuses for existing chats...
2025-11-20 15:32:49,935 - chat - INFO - User statuses initialized successfully
2025-11-20 15:32:50,025 - api.faqs - INFO - SQLAlchemy version: 2.0.41
2025-11-20 15:32:50,054 - api.faqs - INFO - Текущие столбцы таблицы faqs: ['id', 'question', 'answer', 'category', 'created_at', 'updated_at', 'views_count', 'helpful_count', 'not_helpful_count', 'content_html', 'department', 'is_general']
2025-11-20 15:37:58,739 - services.admin_manager - INFO - 🔧 AdminManager using database: portaladmins_db at localhost:5432
2025-11-20 15:37:58,794 - services.admin_manager - INFO - 📋 Admin table columns: ['id', 'username', 'service_id', 'is_active', 'permissions', 'created_at', 'updated_at', 'email']
2025-11-20 15:37:58,796 - services.admin_manager - WARNING - Таблица 'reset_tokens' не найдена в базе данных
2025-11-20 15:37:58,882 - services.jwt_utils - INFO - JWT Configuration: ALGORITHM=HS256, ACCESS_TOKEN_EXPIRE_MINUTES=1440
2025-11-20 15:37:58,883 - services.jwt_utils - INFO - SECRET_KEY установлена: Да
2025-11-20 15:37:58,883 - services.jwt_utils - INFO - JWTService инициализирован с настройками: {'access_token_expire_minutes': 600, 'refresh_token_expire_days': 1, 'algorithm': 'HS512'}
2025-11-20 15:37:58,958 - api.auth - INFO - Loaded 1 reset tokens from storage
2025-11-20 15:37:59,046 - chat - INFO - Таблицы успешно созданы или уже существуют.
2025-11-20 15:37:59,046 - chat - INFO - Initializing user statuses for existing chats...
2025-11-20 15:37:59,067 - chat - INFO - User statuses initialized successfully
2025-11-20 15:37:59,154 - api.faqs - INFO - SQLAlchemy version: 2.0.41
2025-11-20 15:37:59,187 - api.faqs - INFO - Текущие столбцы таблицы faqs: ['id', 'question', 'answer', 'category', 'created_at', 'updated_at', 'views_count', 'helpful_count', 'not_helpful_count', 'content_html', 'department', 'is_general']
2025-11-20 15:45:32,512 - services.admin_manager - INFO - 🔧 AdminManager using database: portaladmins_db at localhost:5432
2025-11-20 15:45:32,569 - services.admin_manager - INFO - 📋 Admin table columns: ['id', 'username', 'service_id', 'is_active', 'permissions', 'created_at', 'updated_at', 'email']
2025-11-20 15:45:32,572 - services.admin_manager - WARNING - Таблица 'reset_tokens' не найдена в базе данных
2025-11-20 15:45:32,661 - services.jwt_utils - INFO - JWT Configuration: ALGORITHM=HS256, ACCESS_TOKEN_EXPIRE_MINUTES=1440
2025-11-20 15:45:32,661 - services.jwt_utils - INFO - SECRET_KEY установлена: Да
2025-11-20 15:45:32,661 - services.jwt_utils - INFO - JWTService инициализирован с настройками: {'access_token_expire_minutes': 600, 'refresh_token_expire_days': 1, 'algorithm': 'HS512'}
2025-11-20 15:45:32,738 - api.auth - INFO - Loaded 1 reset tokens from storage
2025-11-20 15:45:32,826 - chat - INFO - Таблицы успешно созданы или уже существуют.
2025-11-20 15:45:32,827 - chat - INFO - Initializing user statuses for existing chats...
2025-11-20 15:45:32,846 - chat - INFO - User statuses initialized successfully
2025-11-20 15:45:32,944 - api.faqs - INFO - SQLAlchemy version: 2.0.41
2025-11-20 15:45:32,980 - api.faqs - INFO - Текущие столбцы таблицы faqs: ['id', 'question', 'answer', 'category', 'created_at', 'updated_at', 'views_count', 'helpful_count', 'not_helpful_count', 'content_html', 'department', 'is_general']
2025-11-20 15:48:43,291 - services.admin_manager - INFO - 🔧 AdminManager using database: portaladmins_db at localhost:5432
2025-11-20 15:48:43,343 - services.admin_manager - INFO - 📋 Admin table columns: ['id', 'username', 'service_id', 'is_active', 'permissions', 'created_at', 'updated_at', 'email']
2025-11-20 15:48:43,345 - services.admin_manager - WARNING - Таблица 'reset_tokens' не найдена в базе данных
2025-11-20 15:48:43,422 - services.jwt_utils - INFO - JWT Configuration: ALGORITHM=HS256, ACCESS_TOKEN_EXPIRE_MINUTES=1440
2025-11-20 15:48:43,422 - services.jwt_utils - INFO - SECRET_KEY установлена: Да
2025-11-20 15:48:43,422 - services.jwt_utils - INFO - JWTService инициализирован с настройками: {'access_token_expire_minutes': 600, 'refresh_token_expire_days': 1, 'algorithm': 'HS512'}
2025-11-20 15:48:43,492 - api.auth - INFO - Loaded 1 reset tokens from storage
2025-11-20 15:48:43,571 - chat - INFO - Таблицы успешно созданы или уже существуют.
2025-11-20 15:48:43,571 - chat - INFO - Initializing user statuses for existing chats...
2025-11-20 15:48:43,590 - chat - INFO - User statuses initialized successfully
2025-11-20 15:48:43,675 - api.faqs - INFO - SQLAlchemy version: 2.0.41
2025-11-20 15:48:43,702 - api.faqs - INFO - Текущие столбцы таблицы faqs: ['id', 'question', 'answer', 'category', 'created_at', 'updated_at', 'views_count', 'helpful_count', 'not_helpful_count', 'content_html', 'department', 'is_general']
2025-11-20 15:48:51,137 - services.admin_manager - INFO - 🔧 AdminManager using database: portaladmins_db at localhost:5432
2025-11-20 15:48:51,190 - services.admin_manager - INFO - 📋 Admin table columns: ['id', 'username', 'service_id', 'is_active', 'permissions', 'created_at', 'updated_at', 'email']
2025-11-20 15:48:51,192 - services.admin_manager - WARNING - Таблица 'reset_tokens' не найдена в базе данных
2025-11-20 15:48:51,290 - services.jwt_utils - INFO - JWT Configuration: ALGORITHM=HS256, ACCESS_TOKEN_EXPIRE_MINUTES=1440
2025-11-20 15:48:51,290 - services.jwt_utils - INFO - SECRET_KEY установлена: Да
2025-11-20 15:48:51,290 - services.jwt_utils - INFO - JWTService инициализирован с настройками: {'access_token_expire_minutes': 600, 'refresh_token_expire_days': 1, 'algorithm': 'HS512'}
2025-11-20 15:48:51,366 - api.auth - INFO - Loaded 1 reset tokens from storage
2025-11-20 15:48:51,457 - chat - INFO - Таблицы успешно созданы или уже существуют.
2025-11-20 15:48:51,457 - chat - INFO - Initializing user statuses for existing chats...
2025-11-20 15:48:51,475 - chat - INFO - User statuses initialized successfully
2025-11-20 15:48:51,558 - api.faqs - INFO - SQLAlchemy version: 2.0.41
2025-11-20 15:48:51,587 - api.faqs - INFO - Текущие столбцы таблицы faqs: ['id', 'question', 'answer', 'category', 'created_at', 'updated_at', 'views_count', 'helpful_count', 'not_helpful_count', 'content_html', 'department', 'is_general']
2025-11-20 15:54:15,965 - services.admin_manager - INFO - 🔧 AdminManager using database: portaladmins_db at localhost:5432
2025-11-20 15:54:16,017 - services.admin_manager - INFO - 📋 Admin table columns: ['id', 'username', 'service_id', 'is_active', 'permissions', 'created_at', 'updated_at', 'email']
2025-11-20 15:54:16,021 - services.admin_manager - WARNING - Таблица 'reset_tokens' не найдена в базе данных
2025-11-20 15:54:16,102 - services.jwt_utils - INFO - JWT Configuration: ALGORITHM=HS256, ACCESS_TOKEN_EXPIRE_MINUTES=1440
2025-11-20 15:54:16,102 - services.jwt_utils - INFO - SECRET_KEY установлена: Да
2025-11-20 15:54:16,102 - services.jwt_utils - INFO - JWTService инициализирован с настройками: {'access_token_expire_minutes': 600, 'refresh_token_expire_days': 1, 'algorithm': 'HS512'}
2025-11-20 15:54:16,179 - api.auth - INFO - Loaded 1 reset tokens from storage
2025-11-20 15:54:16,263 - chat - INFO - Таблицы успешно созданы или уже существуют.
2025-11-20 15:54:16,263 - chat - INFO - Initializing user statuses for existing chats...
2025-11-20 15:54:16,286 - chat - INFO - User statuses initialized successfully
2025-11-20 15:54:16,373 - api.faqs - INFO - SQLAlchemy version: 2.0.41
2025-11-20 15:54:16,402 - api.faqs - INFO - Текущие столбцы таблицы faqs: ['id', 'question', 'answer', 'category', 'created_at', 'updated_at', 'views_count', 'helpful_count', 'not_helpful_count', 'content_html', 'department', 'is_general']
2025-11-20 15:58:50,578 - services.admin_manager - INFO - 🔧 AdminManager using database: portaladmins_db at localhost:5432
2025-11-20 15:58:50,633 - services.admin_manager - INFO - 📋 Admin table columns: ['id', 'username', 'service_id', 'is_active', 'permissions', 'created_at', 'updated_at', 'email']
2025-11-20 15:58:50,636 - services.admin_manager - WARNING - Таблица 'reset_tokens' не найдена в базе данных
2025-11-20 15:58:50,717 - services.jwt_utils - INFO - JWT Configuration: ALGORITHM=HS256, ACCESS_TOKEN_EXPIRE_MINUTES=1440
2025-11-20 15:58:50,717 - services.jwt_utils - INFO - SECRET_KEY установлена: Да
2025-11-20 15:58:50,717 - services.jwt_utils - INFO - JWTService инициализирован с настройками: {'access_token_expire_minutes': 600, 'refresh_token_expire_days': 1, 'algorithm': 'HS512'}
2025-11-20 15:58:50,789 - api.auth - INFO - Loaded 1 reset tokens from storage
2025-11-20 15:58:50,874 - chat - INFO - Таблицы успешно созданы или уже существуют.
2025-11-20 15:58:50,874 - chat - INFO - Initializing user statuses for existing chats...
2025-11-20 15:58:50,892 - chat - INFO - User statuses initialized successfully
2025-11-20 15:58:50,977 - api.faqs - INFO - SQLAlchemy version: 2.0.41
2025-11-20 15:58:51,007 - api.faqs - INFO - Текущие столбцы таблицы faqs: ['id', 'question', 'answer', 'category', 'created_at', 'updated_at', 'views_count', 'helpful_count', 'not_helpful_count', 'content_html', 'department', 'is_general']
2025-11-20 15:58:57,410 - services.admin_manager - INFO - 🔧 AdminManager using database: portaladmins_db at localhost:5432
2025-11-20 15:58:57,467 - services.admin_manager - INFO - 📋 Admin table columns: ['id', 'username', 'service_id', 'is_active', 'permissions', 'created_at', 'updated_at', 'email']
2025-11-20 15:58:57,469 - services.admin_manager - WARNING - Таблица 'reset_tokens' не найдена в базе данных
2025-11-20 15:58:57,557 - services.jwt_utils - INFO - JWT Configuration: ALGORITHM=HS256, ACCESS_TOKEN_EXPIRE_MINUTES=1440
2025-11-20 15:58:57,558 - services.jwt_utils - INFO - SECRET_KEY установлена: Да
2025-11-20 15:58:57,558 - services.jwt_utils - INFO - JWTService инициализирован с настройками: {'access_token_expire_minutes': 600, 'refresh_token_expire_days': 1, 'algorithm': 'HS512'}
2025-11-20 15:58:57,635 - api.auth - INFO - Loaded 1 reset tokens from storage
2025-11-20 15:58:57,720 - chat - INFO - Таблицы успешно созданы или уже существуют.
2025-11-20 15:58:57,721 - chat - INFO - Initializing user statuses for existing chats...
2025-11-20 15:58:57,740 - chat - INFO - User statuses initialized successfully
2025-11-20 15:58:57,823 - api.faqs - INFO - SQLAlchemy version: 2.0.41
2025-11-20 15:58:57,851 - api.faqs - INFO - Текущие столбцы таблицы faqs: ['id', 'question', 'answer', 'category', 'created_at', 'updated_at', 'views_count', 'helpful_count', 'not_helpful_count', 'content_html', 'department', 'is_general']
2025-11-20 15:59:35,900 - services.admin_manager - INFO - 🔧 AdminManager using database: portaladmins_db at localhost:5432
2025-11-20 15:59:35,955 - services.admin_manager - INFO - 📋 Admin table columns: ['id', 'username', 'service_id', 'is_active', 'permissions', 'created_at', 'updated_at', 'email']
2025-11-20 15:59:35,958 - services.admin_manager - WARNING - Таблица 'reset_tokens' не найдена в базе данных
2025-11-20 15:59:36,037 - services.jwt_utils - INFO - JWT Configuration: ALGORITHM=HS256, ACCESS_TOKEN_EXPIRE_MINUTES=1440
2025-11-20 15:59:36,037 - services.jwt_utils - INFO - SECRET_KEY установлена: Да
2025-11-20 15:59:36,037 - services.jwt_utils - INFO - JWTService инициализирован с настройками: {'access_token_expire_minutes': 600, 'refresh_token_expire_days': 1, 'algorithm': 'HS512'}
2025-11-20 15:59:36,109 - api.auth - INFO - Loaded 1 reset tokens from storage
2025-11-20 15:59:36,189 - chat - INFO - Таблицы успешно созданы или уже существуют.
2025-11-20 15:59:36,189 - chat - INFO - Initializing user statuses for existing chats...
2025-11-20 15:59:36,209 - chat - INFO - User statuses initialized successfully
2025-11-20 15:59:36,292 - api.faqs - INFO - SQLAlchemy version: 2.0.41
2025-11-20 15:59:36,321 - api.faqs - INFO - Текущие столбцы таблицы faqs: ['id', 'question', 'answer', 'category', 'created_at', 'updated_at', 'views_count', 'helpful_count', 'not_helpful_count', 'content_html', 'department', 'is_general']
2025-11-20 15:59:52,342 - services.admin_manager - INFO - 🔧 AdminManager using database: portaladmins_db at localhost:5432
2025-11-20 15:59:52,399 - services.admin_manager - INFO - 📋 Admin table columns: ['id', 'username', 'service_id', 'is_active', 'permissions', 'created_at', 'updated_at', 'email']
2025-11-20 15:59:52,401 - services.admin_manager - WARNING - Таблица 'reset_tokens' не найдена в базе данных
2025-11-20 15:59:52,484 - services.jwt_utils - INFO - JWT Configuration: ALGORITHM=HS256, ACCESS_TOKEN_EXPIRE_MINUTES=1440
2025-11-20 15:59:52,484 - services.jwt_utils - INFO - SECRET_KEY установлена: Да
2025-11-20 15:59:52,485 - services.jwt_utils - INFO - JWTService инициализирован с настройками: {'access_token_expire_minutes': 600, 'refresh_token_expire_days': 1, 'algorithm': 'HS512'}
2025-11-20 15:59:52,561 - api.auth - INFO - Loaded 1 reset tokens from storage
2025-11-20 15:59:52,652 - chat - INFO - Таблицы успешно созданы или уже существуют.
2025-11-20 15:59:52,652 - chat - INFO - Initializing user statuses for existing chats...
2025-11-20 15:59:52,675 - chat - INFO - User statuses initialized successfully
2025-11-20 15:59:52,766 - api.faqs - INFO - SQLAlchemy version: 2.0.41
2025-11-20 15:59:52,797 - api.faqs - INFO - Текущие столбцы таблицы faqs: ['id', 'question', 'answer', 'category', 'created_at', 'updated_at', 'views_count', 'helpful_count', 'not_helpful_count', 'content_html', 'department', 'is_general']
2025-11-20 16:06:46,675 - services.admin_manager - INFO - 🔧 AdminManager using database: portaladmins_db at localhost:5432
2025-11-20 16:06:46,739 - services.admin_manager - INFO - 📋 Admin table columns: ['id', 'username', 'service_id', 'is_active', 'permissions', 'created_at', 'updated_at', 'email']
2025-11-20 16:06:46,741 - services.admin_manager - WARNING - Таблица 'reset_tokens' не найдена в базе данных
2025-11-20 16:06:46,831 - services.jwt_utils - INFO - JWT Configuration: ALGORITHM=HS256, ACCESS_TOKEN_EXPIRE_MINUTES=1440
2025-11-20 16:06:46,831 - services.jwt_utils - INFO - SECRET_KEY установлена: Да
2025-11-20 16:06:46,831 - services.jwt_utils - INFO - JWTService инициализирован с настройками: {'access_token_expire_minutes': 600, 'refresh_token_expire_days': 1, 'algorithm': 'HS512'}
2025-11-20 16:06:46,915 - api.auth - INFO - Loaded 1 reset tokens from storage
2025-11-20 16:06:47,004 - chat - INFO - Таблицы успешно созданы или уже существуют.
2025-11-20 16:06:47,004 - chat - INFO - Initializing user statuses for existing chats...
2025-11-20 16:06:47,024 - chat - INFO - User statuses initialized successfully
2025-11-20 16:06:47,110 - api.faqs - INFO - SQLAlchemy version: 2.0.41
2025-11-20 16:06:47,137 - api.faqs - INFO - Текущие столбцы таблицы faqs: ['id', 'question', 'answer', 'category', 'created_at', 'updated_at', 'views_count', 'helpful_count', 'not_helpful_count', 'content_html', 'department', 'is_general']
2025-11-20 16:13:30,458 - services.admin_manager - INFO - 🔧 AdminManager using database: portaladmins_db at localhost:5432
2025-11-20 16:13:30,514 - services.admin_manager - INFO - 📋 Admin table columns: ['id', 'username', 'service_id', 'is_active', 'permissions', 'created_at', 'updated_at', 'email']
2025-11-20 16:13:30,517 - services.admin_manager - WARNING - Таблица 'reset_tokens' не найдена в базе данных
2025-11-20 16:13:30,598 - services.jwt_utils - INFO - JWT Configuration: ALGORITHM=HS256, ACCESS_TOKEN_EXPIRE_MINUTES=1440
2025-11-20 16:13:30,599 - services.jwt_utils - INFO - SECRET_KEY установлена: Да
2025-11-20 16:13:30,599 - services.jwt_utils - INFO - JWTService инициализирован с настройками: {'access_token_expire_minutes': 600, 'refresh_token_expire_days': 1, 'algorithm': 'HS512'}
2025-11-20 16:13:30,677 - api.auth - INFO - Loaded 1 reset tokens from storage
2025-11-20 16:13:30,764 - chat - INFO - Таблицы успешно созданы или уже существуют.
2025-11-20 16:13:30,764 - chat - INFO - Initializing user statuses for existing chats...
2025-11-20 16:13:30,783 - chat - INFO - User statuses initialized successfully
2025-11-20 16:13:30,870 - api.faqs - INFO - SQLAlchemy version: 2.0.41
2025-11-20 16:13:30,902 - api.faqs - INFO - Текущие столбцы таблицы faqs: ['id', 'question', 'answer', 'category', 'created_at', 'updated_at', 'views_count', 'helpful_count', 'not_helpful_count', 'content_html', 'department', 'is_general']
2025-11-20 16:15:35,511 - services.admin_manager - INFO - 🔧 AdminManager using database: portaladmins_db at localhost:5432
2025-11-20 16:15:35,566 - services.admin_manager - INFO - 📋 Admin table columns: ['id', 'username', 'service_id', 'is_active', 'permissions', 'created_at', 'updated_at', 'email']
2025-11-20 16:15:35,568 - services.admin_manager - WARNING - Таблица 'reset_tokens' не найдена в базе данных
2025-11-20 16:15:35,653 - services.jwt_utils - INFO - JWT Configuration: ALGORITHM=HS256, ACCESS_TOKEN_EXPIRE_MINUTES=1440
2025-11-20 16:15:35,654 - services.jwt_utils - INFO - SECRET_KEY установлена: Да
2025-11-20 16:15:35,654 - services.jwt_utils - INFO - JWTService инициализирован с настройками: {'access_token_expire_minutes': 600, 'refresh_token_expire_days': 1, 'algorithm': 'HS512'}
2025-11-20 16:15:35,733 - api.auth - INFO - Loaded 1 reset tokens from storage
2025-11-20 16:15:35,821 - chat - INFO - Таблицы успешно созданы или уже существуют.
2025-11-20 16:15:35,822 - chat - INFO - Initializing user statuses for existing chats...
2025-11-20 16:15:35,842 - chat - INFO - User statuses initialized successfully
2025-11-20 16:15:35,931 - api.faqs - INFO - SQLAlchemy version: 2.0.41
2025-11-20 16:15:35,962 - api.faqs - INFO - Текущие столбцы таблицы faqs: ['id', 'question', 'answer', 'category', 'created_at', 'updated_at', 'views_count', 'helpful_count', 'not_helpful_count', 'content_html', 'department', 'is_general']
2025-11-20 16:16:57,062 - services.admin_manager - INFO - 🔧 AdminManager using database: portaladmins_db at localhost:5432
2025-11-20 16:16:57,123 - services.admin_manager - INFO - 📋 Admin table columns: ['id', 'username', 'service_id', 'is_active', 'permissions', 'created_at', 'updated_at', 'email']
2025-11-20 16:16:57,126 - services.admin_manager - WARNING - Таблица 'reset_tokens' не найдена в базе данных
2025-11-20 16:16:57,215 - services.jwt_utils - INFO - JWT Configuration: ALGORITHM=HS256, ACCESS_TOKEN_EXPIRE_MINUTES=1440
2025-11-20 16:16:57,215 - services.jwt_utils - INFO - SECRET_KEY установлена: Да
2025-11-20 16:16:57,215 - services.jwt_utils - INFO - JWTService инициализирован с настройками: {'access_token_expire_minutes': 600, 'refresh_token_expire_days': 1, 'algorithm': 'HS512'}
2025-11-20 16:16:57,292 - api.auth - INFO - Loaded 1 reset tokens from storage
2025-11-20 16:16:57,382 - chat - INFO - Таблицы успешно созданы или уже существуют.
2025-11-20 16:16:57,382 - chat - INFO - Initializing user statuses for existing chats...
2025-11-20 16:16:57,402 - chat - INFO - User statuses initialized successfully
2025-11-20 16:16:57,489 - api.faqs - INFO - SQLAlchemy version: 2.0.41
2025-11-20 16:16:57,518 - api.faqs - INFO - Текущие столбцы таблицы faqs: ['id', 'question', 'answer', 'category', 'created_at', 'updated_at', 'views_count', 'helpful_count', 'not_helpful_count', 'content_html', 'department', 'is_general']
2025-11-20 16:22:11,020 - services.admin_manager - INFO - 🔧 AdminManager using database: portaladmins_db at localhost:5432
2025-11-20 16:22:11,080 - services.admin_manager - INFO - 📋 Admin table columns: ['id', 'username', 'service_id', 'is_active', 'permissions', 'created_at', 'updated_at', 'email']
2025-11-20 16:22:11,082 - services.admin_manager - WARNING - Таблица 'reset_tokens' не найдена в базе данных
2025-11-20 16:22:11,169 - services.jwt_utils - INFO - JWT Configuration: ALGORITHM=HS256, ACCESS_TOKEN_EXPIRE_MINUTES=1440
2025-11-20 16:22:11,169 - services.jwt_utils - INFO - SECRET_KEY установлена: Да
2025-11-20 16:22:11,169 - services.jwt_utils - INFO - JWTService инициализирован с настройками: {'access_token_expire_minutes': 600, 'refresh_token_expire_days': 1, 'algorithm': 'HS512'}
2025-11-20 16:22:11,249 - api.auth - INFO - Loaded 1 reset tokens from storage
2025-11-20 16:22:11,332 - chat - INFO - Таблицы успешно созданы или уже существуют.
2025-11-20 16:22:11,332 - chat - INFO - Initializing user statuses for existing chats...
2025-11-20 16:22:11,348 - chat - INFO - User statuses initialized successfully
2025-11-20 16:22:11,434 - api.faqs - INFO - SQLAlchemy version: 2.0.41
2025-11-20 16:22:11,460 - api.faqs - INFO - Текущие столбцы таблицы faqs: ['id', 'question', 'answer', 'category', 'created_at', 'updated_at', 'views_count', 'helpful_count', 'not_helpful_count', 'content_html', 'department', 'is_general']
2025-11-20 16:55:31,669 - services.admin_manager - INFO - 🔧 AdminManager using database: portaladmins_db at localhost:5432
2025-11-20 16:55:31,720 - services.admin_manager - INFO - 📋 Admin table columns: ['id', 'username', 'service_id', 'is_active', 'permissions', 'created_at', 'updated_at', 'email']
2025-11-20 16:55:31,722 - services.admin_manager - WARNING - Таблица 'reset_tokens' не найдена в базе данных
2025-11-20 16:55:31,798 - services.jwt_utils - INFO - JWT Configuration: ALGORITHM=HS256, ACCESS_TOKEN_EXPIRE_MINUTES=1440
2025-11-20 16:55:31,799 - services.jwt_utils - INFO - SECRET_KEY установлена: Да
2025-11-20 16:55:31,799 - services.jwt_utils - INFO - JWTService инициализирован с настройками: {'access_token_expire_minutes': 600, 'refresh_token_expire_days': 1, 'algorithm': 'HS512'}
2025-11-20 16:55:31,878 - api.auth - INFO - Loaded 1 reset tokens from storage
2025-11-20 16:55:31,957 - chat - INFO - Таблицы успешно созданы или уже существуют.
2025-11-20 16:55:31,958 - chat - INFO - Initializing user statuses for existing chats...
2025-11-20 16:55:31,976 - chat - INFO - User statuses initialized successfully
2025-11-20 16:55:32,057 - api.faqs - INFO - SQLAlchemy version: 2.0.41
2025-11-20 16:55:32,084 - api.faqs - INFO - Текущие столбцы таблицы faqs: ['id', 'question', 'answer', 'category', 'created_at', 'updated_at', 'views_count', 'helpful_count', 'not_helpful_count', 'content_html', 'department', 'is_general']
2025-11-21 11:01:26,392 - services.admin_manager - INFO - 🔧 AdminManager using database: portaladmins_db at localhost:5432
2025-11-21 11:01:26,449 - services.admin_manager - INFO - 📋 Admin table columns: ['id', 'username', 'service_id', 'is_active', 'permissions', 'created_at', 'updated_at', 'email']
2025-11-21 11:01:26,451 - services.admin_manager - WARNING - Таблица 'reset_tokens' не найдена в базе данных
2025-11-21 11:01:26,536 - services.jwt_utils - INFO - JWT Configuration: ALGORITHM=HS256, ACCESS_TOKEN_EXPIRE_MINUTES=1440
2025-11-21 11:01:26,536 - services.jwt_utils - INFO - SECRET_KEY установлена: Да
2025-11-21 11:01:26,537 - services.jwt_utils - INFO - JWTService инициализирован с настройками: {'access_token_expire_minutes': 600, 'refresh_token_expire_days': 1, 'algorithm': 'HS512'}
2025-11-21 11:01:26,614 - api.auth - INFO - Loaded 1 reset tokens from storage
2025-11-21 11:01:26,697 - chat - INFO - Таблицы успешно созданы или уже существуют.
2025-11-21 11:01:26,697 - chat - INFO - Initializing user statuses for existing chats...
2025-11-21 11:01:26,716 - chat - INFO - User statuses initialized successfully
2025-11-21 11:01:26,805 - api.faqs - INFO - SQLAlchemy version: 2.0.41
2025-11-21 11:01:26,835 - api.faqs - INFO - Текущие столбцы таблицы faqs: ['id', 'question', 'answer', 'category', 'created_at', 'updated_at', 'views_count', 'helpful_count', 'not_helpful_count', 'content_html', 'department', 'is_general']
2025-11-21 11:24:31,109 - services.admin_manager - INFO - 🔧 AdminManager using database: portaladmins_db at localhost:5432
2025-11-21 11:24:31,165 - services.admin_manager - INFO - 📋 Admin table columns: ['id', 'username', 'service_id', 'is_active', 'permissions', 'created_at', 'updated_at', 'email']
2025-11-21 11:24:31,167 - services.admin_manager - WARNING - Таблица 'reset_tokens' не найдена в базе данных
2025-11-21 11:24:31,253 - services.jwt_utils - INFO - JWT Configuration: ALGORITHM=HS256, ACCESS_TOKEN_EXPIRE_MINUTES=1440
2025-11-21 11:24:31,253 - services.jwt_utils - INFO - SECRET_KEY установлена: Да
2025-11-21 11:24:31,254 - services.jwt_utils - INFO - JWTService инициализирован с настройками: {'access_token_expire_minutes': 600, 'refresh_token_expire_days': 1, 'algorithm': 'HS512'}
2025-11-21 11:24:31,336 - api.auth - INFO - Loaded 1 reset tokens from storage
2025-11-21 11:24:31,424 - chat - INFO - Таблицы успешно созданы или уже существуют.
2025-11-21 11:24:31,424 - chat - INFO - Initializing user statuses for existing chats...
2025-11-21 11:24:31,449 - chat - INFO - User statuses initialized successfully
2025-11-21 11:24:31,533 - api.faqs - INFO - SQLAlchemy version: 2.0.41
2025-11-21 11:24:31,564 - api.faqs - INFO - Текущие столбцы таблицы faqs: ['id', 'question', 'answer', 'category', 'created_at', 'updated_at', 'views_count', 'helpful_count', 'not_helpful_count', 'content_html', 'department', 'is_general']
2025-11-21 11:36:14,706 - services.admin_manager - INFO - 🔧 AdminManager using database: portaladmins_db at localhost:5432
2025-11-21 11:36:14,767 - services.admin_manager - INFO - 📋 Admin table columns: ['id', 'username', 'service_id', 'is_active', 'permissions', 'created_at', 'updated_at', 'email']
2025-11-21 11:36:14,770 - services.admin_manager - WARNING - Таблица 'reset_tokens' не найдена в базе данных
2025-11-21 11:36:14,858 - services.jwt_utils - INFO - JWT Configuration: ALGORITHM=HS256, ACCESS_TOKEN_EXPIRE_MINUTES=1440
2025-11-21 11:36:14,858 - services.jwt_utils - INFO - SECRET_KEY установлена: Да
2025-11-21 11:36:14,858 - services.jwt_utils - INFO - JWTService инициализирован с настройками: {'access_token_expire_minutes': 600, 'refresh_token_expire_days': 1, 'algorithm': 'HS512'}
2025-11-21 11:36:14,932 - api.auth - INFO - Loaded 1 reset tokens from storage
2025-11-21 11:36:15,014 - chat - INFO - Таблицы успешно созданы или уже существуют.
2025-11-21 11:36:15,014 - chat - INFO - Initializing user statuses for existing chats...
2025-11-21 11:36:15,031 - chat - INFO - User statuses initialized successfully
2025-11-21 11:36:15,118 - api.faqs - INFO - SQLAlchemy version: 2.0.41
2025-11-21 11:36:15,147 - api.faqs - INFO - Текущие столбцы таблицы faqs: ['id', 'question', 'answer', 'category', 'created_at', 'updated_at', 'views_count', 'helpful_count', 'not_helpful_count', 'content_html', 'department', 'is_general']
2025-11-21 11:50:10,271 - services.admin_manager - INFO - 🔧 AdminManager using database: portaladmins_db at localhost:5432
2025-11-21 11:50:10,431 - services.admin_manager - INFO - 📋 Admin table columns: ['id', 'username', 'service_id', 'is_active', 'permissions', 'created_at', 'updated_at', 'email']
2025-11-21 11:50:10,434 - services.admin_manager - WARNING - Таблица 'reset_tokens' не найдена в базе данных
2025-11-21 11:50:10,610 - services.jwt_utils - INFO - JWT Configuration: ALGORITHM=HS256, ACCESS_TOKEN_EXPIRE_MINUTES=1440
2025-11-21 11:50:10,610 - services.jwt_utils - INFO - SECRET_KEY установлена: Да
2025-11-21 11:50:10,611 - services.jwt_utils - INFO - JWTService инициализирован с настройками: {'access_token_expire_minutes': 600, 'refresh_token_expire_days': 1, 'algorithm': 'HS512'}
2025-11-21 11:50:10,703 - api.auth - INFO - Loaded 1 reset tokens from storage
2025-11-21 11:50:10,815 - chat - INFO - Таблицы успешно созданы или уже существуют.
2025-11-21 11:50:10,815 - chat - INFO - Initializing user statuses for existing chats...
2025-11-21 11:50:10,868 - chat - INFO - User statuses initialized successfully
2025-11-21 11:50:10,962 - api.faqs - INFO - SQLAlchemy version: 2.0.41
2025-11-21 11:50:11,036 - api.faqs - INFO - Текущие столбцы таблицы faqs: ['id', 'question', 'answer', 'category', 'created_at', 'updated_at', 'views_count', 'helpful_count', 'not_helpful_count', 'content_html', 'department', 'is_general']
2025-11-21 12:00:20,169 - services.admin_manager - INFO - 🔧 AdminManager using database: portaladmins_db at localhost:5432
2025-11-21 12:00:20,224 - services.admin_manager - INFO - 📋 Admin table columns: ['id', 'username', 'service_id', 'is_active', 'permissions', 'created_at', 'updated_at', 'email']
2025-11-21 12:00:20,226 - services.admin_manager - WARNING - Таблица 'reset_tokens' не найдена в базе данных
2025-11-21 12:00:20,319 - services.jwt_utils - INFO - JWT Configuration: ALGORITHM=HS256, ACCESS_TOKEN_EXPIRE_MINUTES=1440
2025-11-21 12:00:20,319 - services.jwt_utils - INFO - SECRET_KEY установлена: Да
2025-11-21 12:00:20,319 - services.jwt_utils - INFO - JWTService инициализирован с настройками: {'access_token_expire_minutes': 600, 'refresh_token_expire_days': 1, 'algorithm': 'HS512'}
2025-11-21 12:00:20,395 - api.auth - INFO - Loaded 1 reset tokens from storage
2025-11-21 12:00:20,480 - chat - INFO - Таблицы успешно созданы или уже существуют.
2025-11-21 12:00:20,480 - chat - INFO - Initializing user statuses for existing chats...
2025-11-21 12:00:20,496 - chat - INFO - User statuses initialized successfully
2025-11-21 12:00:20,584 - api.faqs - INFO - SQLAlchemy version: 2.0.41
2025-11-21 12:00:20,611 - api.faqs - INFO - Текущие столбцы таблицы faqs: ['id', 'question', 'answer', 'category', 'created_at', 'updated_at', 'views_count', 'helpful_count', 'not_helpful_count', 'content_html', 'department', 'is_general']
2025-11-21 12:00:37,802 - services.admin_manager - INFO - 🔧 AdminManager using database: portaladmins_db at localhost:5432
2025-11-21 12:00:37,857 - services.admin_manager - INFO - 📋 Admin table columns: ['id', 'username', 'service_id', 'is_active', 'permissions', 'created_at', 'updated_at', 'email']
2025-11-21 12:00:37,860 - services.admin_manager - WARNING - Таблица 'reset_tokens' не найдена в базе данных
2025-11-21 12:00:37,941 - services.jwt_utils - INFO - JWT Configuration: ALGORITHM=HS256, ACCESS_TOKEN_EXPIRE_MINUTES=1440
2025-11-21 12:00:37,942 - services.jwt_utils - INFO - SECRET_KEY установлена: Да
2025-11-21 12:00:37,942 - services.jwt_utils - INFO - JWTService инициализирован с настройками: {'access_token_expire_minutes': 600, 'refresh_token_expire_days': 1, 'algorithm': 'HS512'}
2025-11-21 12:00:38,025 - api.auth - INFO - Loaded 1 reset tokens from storage
2025-11-21 12:00:38,084 - chat - INFO - Таблицы успешно созданы или уже существуют.
2025-11-21 12:00:38,084 - chat - INFO - Initializing user statuses for existing chats...
2025-11-21 12:00:38,100 - chat - INFO - User statuses initialized successfully
2025-11-21 12:00:38,184 - api.faqs - INFO - SQLAlchemy version: 2.0.41
2025-11-21 12:00:38,210 - api.faqs - INFO - Текущие столбцы таблицы faqs: ['id', 'question', 'answer', 'category', 'created_at', 'updated_at', 'views_count', 'helpful_count', 'not_helpful_count', 'content_html', 'department', 'is_general']
2025-11-21 12:20:46,163 - services.admin_manager - INFO - 🔧 AdminManager using database: portaladmins_db at localhost:5432
2025-11-21 12:20:46,222 - services.admin_manager - INFO - 📋 Admin table columns: ['id', 'username', 'service_id', 'is_active', 'permissions', 'created_at', 'updated_at', 'email']
2025-11-21 12:20:46,224 - services.admin_manager - WARNING - Таблица 'reset_tokens' не найдена в базе данных
2025-11-21 12:20:46,305 - services.jwt_utils - INFO - JWT Configuration: ALGORITHM=HS256, ACCESS_TOKEN_EXPIRE_MINUTES=1440
2025-11-21 12:20:46,305 - services.jwt_utils - INFO - SECRET_KEY установлена: Да
2025-11-21 12:20:46,306 - services.jwt_utils - INFO - JWTService инициализирован с настройками: {'access_token_expire_minutes': 600, 'refresh_token_expire_days': 1, 'algorithm': 'HS512'}
2025-11-21 12:20:46,380 - api.auth - INFO - Loaded 1 reset tokens from storage
2025-11-21 12:20:46,459 - chat - INFO - Таблицы успешно созданы или уже существуют.
2025-11-21 12:20:46,459 - chat - INFO - Initializing user statuses for existing chats...
2025-11-21 12:20:46,473 - chat - INFO - User statuses initialized successfully
2025-11-21 12:20:46,556 - api.faqs - INFO - SQLAlchemy version: 2.0.41
2025-11-21 12:20:46,586 - api.faqs - INFO - Текущие столбцы таблицы faqs: ['id', 'question', 'answer', 'category', 'created_at', 'updated_at', 'views_count', 'helpful_count', 'not_helpful_count', 'content_html', 'department', 'is_general']
2025-11-21 12:22:52,473 - services.admin_manager - INFO - 🔧 AdminManager using database: portaladmins_db at localhost:5432
2025-11-21 12:22:52,541 - services.admin_manager - INFO - 📋 Admin table columns: ['id', 'username', 'service_id', 'is_active', 'permissions', 'created_at', 'updated_at', 'email']
2025-11-21 12:22:52,543 - services.admin_manager - WARNING - Таблица 'reset_tokens' не найдена в базе данных
2025-11-21 12:22:52,634 - services.jwt_utils - INFO - JWT Configuration: ALGORITHM=HS256, ACCESS_TOKEN_EXPIRE_MINUTES=1440
2025-11-21 12:22:52,634 - services.jwt_utils - INFO - SECRET_KEY установлена: Да
2025-11-21 12:22:52,634 - services.jwt_utils - INFO - JWTService инициализирован с настройками: {'access_token_expire_minutes': 600, 'refresh_token_expire_days': 1, 'algorithm': 'HS512'}
2025-11-21 12:22:52,722 - api.auth - INFO - Loaded 1 reset tokens from storage
2025-11-21 12:22:52,819 - chat - INFO - Таблицы успешно созданы или уже существуют.
2025-11-21 12:22:52,819 - chat - INFO - Initializing user statuses for existing chats...
2025-11-21 12:22:52,845 - chat - INFO - User statuses initialized successfully
2025-11-21 12:22:52,944 - api.faqs - INFO - SQLAlchemy version: 2.0.41
2025-11-21 12:22:52,975 - api.faqs - INFO - Текущие столбцы таблицы faqs: ['id', 'question', 'answer', 'category', 'created_at', 'updated_at', 'views_count', 'helpful_count', 'not_helpful_count', 'content_html', 'department', 'is_general']
2025-11-24 09:27:44,436 - services.admin_manager - INFO - 🔧 AdminManager using database: portaladmins_db at localhost:5432
2025-11-24 09:27:44,490 - services.admin_manager - INFO - 📋 Admin table columns: ['id', 'username', 'service_id', 'is_active', 'permissions', 'created_at', 'updated_at', 'email']
2025-11-24 09:27:44,494 - services.admin_manager - WARNING - Таблица 'reset_tokens' не найдена в базе данных
2025-11-24 09:27:44,592 - services.jwt_utils - INFO - JWT Configuration: ALGORITHM=HS256, ACCESS_TOKEN_EXPIRE_MINUTES=1440
2025-11-24 09:27:44,592 - services.jwt_utils - INFO - SECRET_KEY установлена: Да
2025-11-24 09:27:44,593 - services.jwt_utils - INFO - JWTService инициализирован с настройками: {'access_token_expire_minutes': 600, 'refresh_token_expire_days': 1, 'algorithm': 'HS512'}
2025-11-24 09:27:44,674 - api.auth - INFO - Loaded 1 reset tokens from storage
2025-11-24 09:27:44,734 - chat - INFO - Таблицы успешно созданы или уже существуют.
2025-11-24 09:27:44,734 - chat - INFO - Initializing user statuses for existing chats...
2025-11-24 09:27:44,762 - chat - INFO - User statuses initialized successfully
2025-11-24 09:27:44,846 - api.faqs - INFO - SQLAlchemy version: 2.0.41
2025-11-24 09:27:44,875 - api.faqs - INFO - Текущие столбцы таблицы faqs: ['id', 'question', 'answer', 'category', 'created_at', 'updated_at', 'views_count', 'helpful_count', 'not_helpful_count', 'content_html', 'department', 'is_general']
2025-11-24 09:29:26,310 - services.admin_manager - INFO - 🔧 AdminManager using database: portaladmins_db at localhost:5432
2025-11-24 09:29:26,369 - services.admin_manager - INFO - 📋 Admin table columns: ['id', 'username', 'service_id', 'is_active', 'permissions', 'created_at', 'updated_at', 'email']
2025-11-24 09:29:26,372 - services.admin_manager - WARNING - Таблица 'reset_tokens' не найдена в базе данных
2025-11-24 09:29:26,458 - services.jwt_utils - INFO - JWT Configuration: ALGORITHM=HS256, ACCESS_TOKEN_EXPIRE_MINUTES=1440
2025-11-24 09:29:26,458 - services.jwt_utils - INFO - SECRET_KEY установлена: Да
2025-11-24 09:29:26,458 - services.jwt_utils - INFO - JWTService инициализирован с настройками: {'access_token_expire_minutes': 600, 'refresh_token_expire_days': 1, 'algorithm': 'HS512'}
2025-11-24 09:29:26,540 - api.auth - INFO - Loaded 1 reset tokens from storage
2025-11-24 09:29:26,599 - chat - INFO - Таблицы успешно созданы или уже существуют.
2025-11-24 09:29:26,599 - chat - INFO - Initializing user statuses for existing chats...
2025-11-24 09:29:26,615 - chat - INFO - User statuses initialized successfully
2025-11-24 09:29:26,702 - api.faqs - INFO - SQLAlchemy version: 2.0.41
2025-11-24 09:29:26,729 - api.faqs - INFO - Текущие столбцы таблицы faqs: ['id', 'question', 'answer', 'category', 'created_at', 'updated_at', 'views_count', 'helpful_count', 'not_helpful_count', 'content_html', 'department', 'is_general']
2025-11-24 09:33:38,647 - services.admin_manager - INFO - 🔧 AdminManager using database: portaladmins_db at localhost:5432
2025-11-24 09:33:38,704 - services.admin_manager - INFO - 📋 Admin table columns: ['id', 'username', 'service_id', 'is_active', 'permissions', 'created_at', 'updated_at', 'email']
2025-11-24 09:33:38,706 - services.admin_manager - WARNING - Таблица 'reset_tokens' не найдена в базе данных
2025-11-24 09:33:38,786 - services.jwt_utils - INFO - JWT Configuration: ALGORITHM=HS256, ACCESS_TOKEN_EXPIRE_MINUTES=1440
2025-11-24 09:33:38,786 - services.jwt_utils - INFO - SECRET_KEY установлена: Да
2025-11-24 09:33:38,787 - services.jwt_utils - INFO - JWTService инициализирован с настройками: {'access_token_expire_minutes': 600, 'refresh_token_expire_days': 1, 'algorithm': 'HS512'}
2025-11-24 09:33:38,855 - api.auth - INFO - Loaded 1 reset tokens from storage
2025-11-24 09:33:38,914 - chat - INFO - Таблицы успешно созданы или уже существуют.
2025-11-24 09:33:38,914 - chat - INFO - Initializing user statuses for existing chats...
2025-11-24 09:33:38,931 - chat - INFO - User statuses initialized successfully
2025-11-24 09:33:39,018 - api.faqs - INFO - SQLAlchemy version: 2.0.41
2025-11-24 09:33:39,050 - api.faqs - INFO - Текущие столбцы таблицы faqs: ['id', 'question', 'answer', 'category', 'created_at', 'updated_at', 'views_count', 'helpful_count', 'not_helpful_count', 'content_html', 'department', 'is_general']
2025-11-24 09:35:19,864 - services.admin_manager - INFO - 🔧 AdminManager using database: portaladmins_db at localhost:5432
2025-11-24 09:35:19,919 - services.admin_manager - INFO - 📋 Admin table columns: ['id', 'username', 'service_id', 'is_active', 'permissions', 'created_at', 'updated_at', 'email']
2025-11-24 09:35:19,921 - services.admin_manager - WARNING - Таблица 'reset_tokens' не найдена в базе данных
2025-11-24 09:35:20,000 - services.jwt_utils - INFO - JWT Configuration: ALGORITHM=HS256, ACCESS_TOKEN_EXPIRE_MINUTES=1440
2025-11-24 09:35:20,000 - services.jwt_utils - INFO - SECRET_KEY установлена: Да
2025-11-24 09:35:20,001 - services.jwt_utils - INFO - JWTService инициализирован с настройками: {'access_token_expire_minutes': 600, 'refresh_token_expire_days': 1, 'algorithm': 'HS512'}
2025-11-24 09:35:20,073 - api.auth - INFO - Loaded 1 reset tokens from storage
2025-11-24 09:35:20,125 - chat - INFO - Таблицы успешно созданы или уже существуют.
2025-11-24 09:35:20,125 - chat - INFO - Initializing user statuses for existing chats...
2025-11-24 09:35:20,139 - chat - INFO - User statuses initialized successfully
2025-11-24 09:35:20,219 - api.faqs - INFO - SQLAlchemy version: 2.0.41
2025-11-24 09:35:20,249 - api.faqs - INFO - Текущие столбцы таблицы faqs: ['id', 'question', 'answer', 'category', 'created_at', 'updated_at', 'views_count', 'helpful_count', 'not_helpful_count', 'content_html', 'department', 'is_general']
2025-11-24 09:37:45,189 - services.admin_manager - INFO - 🔧 AdminManager using database: portaladmins_db at localhost:5432
2025-11-24 09:37:45,249 - services.admin_manager - INFO - 📋 Admin table columns: ['id', 'username', 'service_id', 'is_active', 'permissions', 'created_at', 'updated_at', 'email']
2025-11-24 09:37:45,251 - services.admin_manager - WARNING - Таблица 'reset_tokens' не найдена в базе данных
2025-11-24 09:37:45,336 - services.jwt_utils - INFO - JWT Configuration: ALGORITHM=HS256, ACCESS_TOKEN_EXPIRE_MINUTES=1440
2025-11-24 09:37:45,336 - services.jwt_utils - INFO - SECRET_KEY установлена: Да
2025-11-24 09:37:45,337 - services.jwt_utils - INFO - JWTService инициализирован с настройками: {'access_token_expire_minutes': 600, 'refresh_token_expire_days': 1, 'algorithm': 'HS512'}
2025-11-24 09:37:45,412 - api.auth - INFO - Loaded 1 reset tokens from storage
2025-11-24 09:37:45,471 - chat - INFO - Таблицы успешно созданы или уже существуют.
2025-11-24 09:37:45,471 - chat - INFO - Initializing user statuses for existing chats...
2025-11-24 09:37:45,487 - chat - INFO - User statuses initialized successfully
2025-11-24 09:37:45,574 - api.faqs - INFO - SQLAlchemy version: 2.0.41
2025-11-24 09:37:45,604 - api.faqs - INFO - Текущие столбцы таблицы faqs: ['id', 'question', 'answer', 'category', 'created_at', 'updated_at', 'views_count', 'helpful_count', 'not_helpful_count', 'content_html', 'department', 'is_general']
2025-11-24 09:59:23,017 - services.admin_manager - INFO - 🔧 AdminManager using database: portaladmins_db at localhost:5432
2025-11-24 09:59:23,075 - services.admin_manager - INFO - 📋 Admin table columns: ['id', 'username', 'service_id', 'is_active', 'permissions', 'created_at', 'updated_at', 'email']
2025-11-24 09:59:23,079 - services.admin_manager - WARNING - Таблица 'reset_tokens' не найдена в базе данных
2025-11-24 09:59:23,162 - services.jwt_utils - INFO - JWT Configuration: ALGORITHM=HS256, ACCESS_TOKEN_EXPIRE_MINUTES=1440
2025-11-24 09:59:23,162 - services.jwt_utils - INFO - SECRET_KEY установлена: Да
2025-11-24 09:59:23,163 - services.jwt_utils - INFO - JWTService инициализирован с настройками: {'access_token_expire_minutes': 600, 'refresh_token_expire_days': 1, 'algorithm': 'HS512'}
2025-11-24 09:59:23,233 - api.auth - INFO - Loaded 1 reset tokens from storage
2025-11-24 09:59:23,296 - chat - INFO - Таблицы успешно созданы или уже существуют.
2025-11-24 09:59:23,297 - chat - INFO - Initializing user statuses for existing chats...
2025-11-24 09:59:23,311 - chat - INFO - User statuses initialized successfully
2025-11-24 09:59:23,400 - api.faqs - INFO - SQLAlchemy version: 2.0.41
2025-11-24 09:59:23,432 - api.faqs - INFO - Текущие столбцы таблицы faqs: ['id', 'question', 'answer', 'category', 'created_at', 'updated_at', 'views_count', 'helpful_count', 'not_helpful_count', 'content_html', 'department', 'is_general']
2025-11-24 10:00:36,914 - services.admin_manager - INFO - 🔧 AdminManager using database: portaladmins_db at localhost:5432
2025-11-24 10:00:36,977 - services.admin_manager - INFO - 📋 Admin table columns: ['id', 'username', 'service_id', 'is_active', 'permissions', 'created_at', 'updated_at', 'email']
2025-11-24 10:00:36,980 - services.admin_manager - WARNING - Таблица 'reset_tokens' не найдена в базе данных
2025-11-24 10:00:37,066 - services.jwt_utils - INFO - JWT Configuration: ALGORITHM=HS256, ACCESS_TOKEN_EXPIRE_MINUTES=1440
2025-11-24 10:00:37,066 - services.jwt_utils - INFO - SECRET_KEY установлена: Да
2025-11-24 10:00:37,066 - services.jwt_utils - INFO - JWTService инициализирован с настройками: {'access_token_expire_minutes': 600, 'refresh_token_expire_days': 1, 'algorithm': 'HS512'}
2025-11-24 10:00:37,145 - api.auth - INFO - Loaded 1 reset tokens from storage
2025-11-24 10:00:37,213 - chat - INFO - Таблицы успешно созданы или уже существуют.
2025-11-24 10:00:37,213 - chat - INFO - Initializing user statuses for existing chats...
2025-11-24 10:00:37,231 - chat - INFO - User statuses initialized successfully
2025-11-24 10:00:37,320 - api.faqs - INFO - SQLAlchemy version: 2.0.41
2025-11-24 10:00:37,350 - api.faqs - INFO - Текущие столбцы таблицы faqs: ['id', 'question', 'answer', 'category', 'created_at', 'updated_at', 'views_count', 'helpful_count', 'not_helpful_count', 'content_html', 'department', 'is_general']
2025-11-24 10:03:06,864 - services.admin_manager - INFO - 🔧 AdminManager using database: portaladmins_db at localhost:5432
2025-11-24 10:03:06,916 - services.admin_manager - INFO - 📋 Admin table columns: ['id', 'username', 'service_id', 'is_active', 'permissions', 'created_at', 'updated_at', 'email']
2025-11-24 10:03:06,919 - services.admin_manager - WARNING - Таблица 'reset_tokens' не найдена в базе данных
2025-11-24 10:03:06,997 - services.jwt_utils - INFO - JWT Configuration: ALGORITHM=HS256, ACCESS_TOKEN_EXPIRE_MINUTES=1440
2025-11-24 10:03:06,997 - services.jwt_utils - INFO - SECRET_KEY установлена: Да
2025-11-24 10:03:06,997 - services.jwt_utils - INFO - JWTService инициализирован с настройками: {'access_token_expire_minutes': 600, 'refresh_token_expire_days': 1, 'algorithm': 'HS512'}
2025-11-24 10:03:07,079 - api.auth - INFO - Loaded 1 reset tokens from storage
2025-11-24 10:03:07,131 - chat - INFO - Таблицы успешно созданы или уже существуют.
2025-11-24 10:03:07,131 - chat - INFO - Initializing user statuses for existing chats...
2025-11-24 10:03:07,146 - chat - INFO - User statuses initialized successfully
2025-11-24 10:03:07,228 - api.faqs - INFO - SQLAlchemy version: 2.0.41
2025-11-24 10:03:07,254 - api.faqs - INFO - Текущие столбцы таблицы faqs: ['id', 'question', 'answer', 'category', 'created_at', 'updated_at', 'views_count', 'helpful_count', 'not_helpful_count', 'content_html', 'department', 'is_general']
2025-11-24 10:03:14,320 - services.admin_manager - INFO - 🔧 AdminManager using database: portaladmins_db at localhost:5432
2025-11-24 10:03:14,377 - services.admin_manager - INFO - 📋 Admin table columns: ['id', 'username', 'service_id', 'is_active', 'permissions', 'created_at', 'updated_at', 'email']
2025-11-24 10:03:14,379 - services.admin_manager - WARNING - Таблица 'reset_tokens' не найдена в базе данных
2025-11-24 10:03:14,453 - services.jwt_utils - INFO - JWT Configuration: ALGORITHM=HS256, ACCESS_TOKEN_EXPIRE_MINUTES=1440
2025-11-24 10:03:14,453 - services.jwt_utils - INFO - SECRET_KEY установлена: Да
2025-11-24 10:03:14,454 - services.jwt_utils - INFO - JWTService инициализирован с настройками: {'access_token_expire_minutes': 600, 'refresh_token_expire_days': 1, 'algorithm': 'HS512'}
2025-11-24 10:03:14,521 - api.auth - INFO - Loaded 1 reset tokens from storage
2025-11-24 10:03:14,576 - chat - INFO - Таблицы успешно созданы или уже существуют.
2025-11-24 10:03:14,576 - chat - INFO - Initializing user statuses for existing chats...
2025-11-24 10:03:14,591 - chat - INFO - User statuses initialized successfully
2025-11-24 10:03:14,671 - api.faqs - INFO - SQLAlchemy version: 2.0.41
2025-11-24 10:03:14,698 - api.faqs - INFO - Текущие столбцы таблицы faqs: ['id', 'question', 'answer', 'category', 'created_at', 'updated_at', 'views_count', 'helpful_count', 'not_helpful_count', 'content_html', 'department', 'is_general']
2025-11-24 10:03:50,837 - services.admin_manager - INFO - 🔧 AdminManager using database: portaladmins_db at localhost:5432
2025-11-24 10:03:50,896 - services.admin_manager - INFO - 📋 Admin table columns: ['id', 'username', 'service_id', 'is_active', 'permissions', 'created_at', 'updated_at', 'email']
2025-11-24 10:03:50,899 - services.admin_manager - WARNING - Таблица 'reset_tokens' не найдена в базе данных
2025-11-24 10:03:50,983 - services.jwt_utils - INFO - JWT Configuration: ALGORITHM=HS256, ACCESS_TOKEN_EXPIRE_MINUTES=1440
2025-11-24 10:03:50,983 - services.jwt_utils - INFO - SECRET_KEY установлена: Да
2025-11-24 10:03:50,984 - services.jwt_utils - INFO - JWTService инициализирован с настройками: {'access_token_expire_minutes': 600, 'refresh_token_expire_days': 1, 'algorithm': 'HS512'}
2025-11-24 10:03:51,065 - api.auth - INFO - Loaded 1 reset tokens from storage
2025-11-24 10:03:51,126 - chat - INFO - Таблицы успешно созданы или уже существуют.
2025-11-24 10:03:51,126 - chat - INFO - Initializing user statuses for existing chats...
2025-11-24 10:03:51,143 - chat - INFO - User statuses initialized successfully
2025-11-24 10:03:51,229 - api.faqs - INFO - SQLAlchemy version: 2.0.41
2025-11-24 10:03:51,262 - api.faqs - INFO - Текущие столбцы таблицы faqs: ['id', 'question', 'answer', 'category', 'created_at', 'updated_at', 'views_count', 'helpful_count', 'not_helpful_count', 'content_html', 'department', 'is_general']
2025-11-24 10:07:55,497 - services.admin_manager - INFO - 🔧 AdminManager using database: portaladmins_db at localhost:5432
2025-11-24 10:07:55,553 - services.admin_manager - INFO - 📋 Admin table columns: ['id', 'username', 'service_id', 'is_active', 'permissions', 'created_at', 'updated_at', 'email']
2025-11-24 10:07:55,555 - services.admin_manager - WARNING - Таблица 'reset_tokens' не найдена в базе данных
2025-11-24 10:07:55,643 - services.jwt_utils - INFO - JWT Configuration: ALGORITHM=HS256, ACCESS_TOKEN_EXPIRE_MINUTES=1440
2025-11-24 10:07:55,643 - services.jwt_utils - INFO - SECRET_KEY установлена: Да
2025-11-24 10:07:55,644 - services.jwt_utils - INFO - JWTService инициализирован с настройками: {'access_token_expire_minutes': 600, 'refresh_token_expire_days': 1, 'algorithm': 'HS512'}
2025-11-24 10:07:55,723 - api.auth - INFO - Loaded 1 reset tokens from storage
2025-11-24 10:07:55,781 - chat - INFO - Таблицы успешно созданы или уже существуют.
2025-11-24 10:07:55,781 - chat - INFO - Initializing user statuses for existing chats...
2025-11-24 10:07:55,798 - chat - INFO - User statuses initialized successfully
2025-11-24 10:07:55,886 - api.faqs - INFO - SQLAlchemy version: 2.0.41
2025-11-24 10:07:55,917 - api.faqs - INFO - Текущие столбцы таблицы faqs: ['id', 'question', 'answer', 'category', 'created_at', 'updated_at', 'views_count', 'helpful_count', 'not_helpful_count', 'content_html', 'department', 'is_general']
2025-11-24 10:10:44,555 - services.admin_manager - INFO - 🔧 AdminManager using database: portaladmins_db at localhost:5432
2025-11-24 10:10:44,621 - services.admin_manager - INFO - 📋 Admin table columns: ['id', 'username', 'service_id', 'is_active', 'permissions', 'created_at', 'updated_at', 'email']
2025-11-24 10:10:44,623 - services.admin_manager - WARNING - Таблица 'reset_tokens' не найдена в базе данных
2025-11-24 10:10:44,704 - services.jwt_utils - INFO - JWT Configuration: ALGORITHM=HS256, ACCESS_TOKEN_EXPIRE_MINUTES=1440
2025-11-24 10:10:44,704 - services.jwt_utils - INFO - SECRET_KEY установлена: Да
2025-11-24 10:10:44,705 - services.jwt_utils - INFO - JWTService инициализирован с настройками: {'access_token_expire_minutes': 600, 'refresh_token_expire_days': 1, 'algorithm': 'HS512'}
2025-11-24 10:10:44,781 - api.auth - INFO - Loaded 1 reset tokens from storage
2025-11-24 10:10:44,846 - chat - INFO - Таблицы успешно созданы или уже существуют.
2025-11-24 10:10:44,846 - chat - INFO - Initializing user statuses for existing chats...
2025-11-24 10:10:44,863 - chat - INFO - User statuses initialized successfully
2025-11-24 10:10:44,949 - api.faqs - INFO - SQLAlchemy version: 2.0.41
2025-11-24 10:10:44,977 - api.faqs - INFO - Текущие столбцы таблицы faqs: ['id', 'question', 'answer', 'category', 'created_at', 'updated_at', 'views_count', 'helpful_count', 'not_helpful_count', 'content_html', 'department', 'is_general']
2025-11-24 10:17:18,496 - services.admin_manager - INFO - 🔧 AdminManager using database: portaladmins_db at localhost:5432
2025-11-24 10:17:18,553 - services.admin_manager - INFO - 📋 Admin table columns: ['id', 'username', 'service_id', 'is_active', 'permissions', 'created_at', 'updated_at', 'email']
2025-11-24 10:17:18,555 - services.admin_manager - WARNING - Таблица 'reset_tokens' не найдена в базе данных
2025-11-24 10:17:18,654 - services.jwt_utils - INFO - JWT Configuration: ALGORITHM=HS256, ACCESS_TOKEN_EXPIRE_MINUTES=1440
2025-11-24 10:17:18,654 - services.jwt_utils - INFO - SECRET_KEY установлена: Да
2025-11-24 10:17:18,655 - services.jwt_utils - INFO - JWTService инициализирован с настройками: {'access_token_expire_minutes': 600, 'refresh_token_expire_days': 1, 'algorithm': 'HS512'}
2025-11-24 10:17:18,725 - api.auth - INFO - Loaded 1 reset tokens from storage
2025-11-24 10:17:18,779 - chat - INFO - Таблицы успешно созданы или уже существуют.
2025-11-24 10:17:18,779 - chat - INFO - Initializing user statuses for existing chats...
2025-11-24 10:17:18,793 - chat - INFO - User statuses initialized successfully
2025-11-24 10:17:18,881 - api.faqs - INFO - SQLAlchemy version: 2.0.41
2025-11-24 10:17:18,909 - api.faqs - INFO - Текущие столбцы таблицы faqs: ['id', 'question', 'answer', 'category', 'created_at', 'updated_at', 'views_count', 'helpful_count', 'not_helpful_count', 'content_html', 'department', 'is_general']
2025-11-24 10:20:42,128 - services.admin_manager - INFO - 🔧 AdminManager using database: portaladmins_db at localhost:5432
2025-11-24 10:20:42,185 - services.admin_manager - INFO - 📋 Admin table columns: ['id', 'username', 'service_id', 'is_active', 'permissions', 'created_at', 'updated_at', 'email']
2025-11-24 10:20:42,187 - services.admin_manager - WARNING - Таблица 'reset_tokens' не найдена в базе данных
2025-11-24 10:20:42,270 - services.jwt_utils - INFO - JWT Configuration: ALGORITHM=HS256, ACCESS_TOKEN_EXPIRE_MINUTES=1440
2025-11-24 10:20:42,270 - services.jwt_utils - INFO - SECRET_KEY установлена: Да
2025-11-24 10:20:42,271 - services.jwt_utils - INFO - JWTService инициализирован с настройками: {'access_token_expire_minutes': 600, 'refresh_token_expire_days': 1, 'algorithm': 'HS512'}
2025-11-24 10:20:42,342 - api.auth - INFO - Loaded 1 reset tokens from storage
2025-11-24 10:20:42,399 - chat - INFO - Таблицы успешно созданы или уже существуют.
2025-11-24 10:20:42,400 - chat - INFO - Initializing user statuses for existing chats...
2025-11-24 10:20:42,415 - chat - INFO - User statuses initialized successfully
2025-11-24 10:20:42,504 - api.faqs - INFO - SQLAlchemy version: 2.0.41
2025-11-24 10:20:42,536 - api.faqs - INFO - Текущие столбцы таблицы faqs: ['id', 'question', 'answer', 'category', 'created_at', 'updated_at', 'views_count', 'helpful_count', 'not_helpful_count', 'content_html', 'department', 'is_general']
2025-11-24 11:16:10,733 - services.admin_manager - INFO - 🔧 AdminManager using database: portaladmins_db at localhost:5432
2025-11-24 11:16:10,799 - services.admin_manager - INFO - 📋 Admin table columns: ['id', 'username', 'service_id', 'is_active', 'permissions', 'created_at', 'updated_at', 'email']
2025-11-24 11:16:10,802 - services.admin_manager - WARNING - Таблица 'reset_tokens' не найдена в базе данных
2025-11-24 11:16:10,907 - services.jwt_utils - INFO - JWT Configuration: ALGORITHM=HS256, ACCESS_TOKEN_EXPIRE_MINUTES=1440
2025-11-24 11:16:10,908 - services.jwt_utils - INFO - SECRET_KEY установлена: Да
2025-11-24 11:16:10,908 - services.jwt_utils - INFO - JWTService инициализирован с настройками: {'access_token_expire_minutes': 600, 'refresh_token_expire_days': 1, 'algorithm': 'HS512'}
2025-11-24 11:16:10,999 - api.auth - INFO - Loaded 1 reset tokens from storage
2025-11-24 11:16:11,074 - chat - INFO - Таблицы успешно созданы или уже существуют.
2025-11-24 11:16:11,074 - chat - INFO - Initializing user statuses for existing chats...
2025-11-24 11:16:11,095 - chat - INFO - User statuses initialized successfully
2025-11-24 11:16:11,190 - api.faqs - INFO - SQLAlchemy version: 2.0.41
2025-11-24 11:16:11,220 - api.faqs - INFO - Текущие столбцы таблицы faqs: ['id', 'question', 'answer', 'category', 'created_at', 'updated_at', 'views_count', 'helpful_count', 'not_helpful_count', 'content_html', 'department', 'is_general']
2025-11-24 11:16:23,478 - services.admin_manager - INFO - 🔧 AdminManager using database: portaladmins_db at localhost:5432
2025-11-24 11:16:23,544 - services.admin_manager - INFO - 📋 Admin table columns: ['id', 'username', 'service_id', 'is_active', 'permissions', 'created_at', 'updated_at', 'email']
2025-11-24 11:16:23,546 - services.admin_manager - WARNING - Таблица 'reset_tokens' не найдена в базе данных
2025-11-24 11:16:23,646 - services.jwt_utils - INFO - JWT Configuration: ALGORITHM=HS256, ACCESS_TOKEN_EXPIRE_MINUTES=1440
2025-11-24 11:16:23,646 - services.jwt_utils - INFO - SECRET_KEY установлена: Да
2025-11-24 11:16:23,647 - services.jwt_utils - INFO - JWTService инициализирован с настройками: {'access_token_expire_minutes': 600, 'refresh_token_expire_days': 1, 'algorithm': 'HS512'}
2025-11-24 11:16:23,732 - api.auth - INFO - Loaded 1 reset tokens from storage
2025-11-24 11:16:23,804 - chat - INFO - Таблицы успешно созданы или уже существуют.
2025-11-24 11:16:23,804 - chat - INFO - Initializing user statuses for existing chats...
2025-11-24 11:16:23,822 - chat - INFO - User statuses initialized successfully
2025-11-24 11:16:23,915 - api.faqs - INFO - SQLAlchemy version: 2.0.41
2025-11-24 11:16:23,953 - api.faqs - INFO - Текущие столбцы таблицы faqs: ['id', 'question', 'answer', 'category', 'created_at', 'updated_at', 'views_count', 'helpful_count', 'not_helpful_count', 'content_html', 'department', 'is_general']
2025-11-24 11:17:08,889 - services.admin_manager - INFO - 🔧 AdminManager using database: portaladmins_db at localhost:5432
2025-11-24 11:17:08,957 - services.admin_manager - INFO - 📋 Admin table columns: ['id', 'username', 'service_id', 'is_active', 'permissions', 'created_at', 'updated_at', 'email']
2025-11-24 11:17:08,959 - services.admin_manager - WARNING - Таблица 'reset_tokens' не найдена в базе данных
2025-11-24 11:17:09,059 - services.jwt_utils - INFO - JWT Configuration: ALGORITHM=HS256, ACCESS_TOKEN_EXPIRE_MINUTES=1440
2025-11-24 11:17:09,059 - services.jwt_utils - INFO - SECRET_KEY установлена: Да
2025-11-24 11:17:09,059 - services.jwt_utils - INFO - JWTService инициализирован с настройками: {'access_token_expire_minutes': 600, 'refresh_token_expire_days': 1, 'algorithm': 'HS512'}
2025-11-24 11:17:09,141 - api.auth - INFO - Loaded 1 reset tokens from storage
2025-11-24 11:17:09,211 - chat - INFO - Таблицы успешно созданы или уже существуют.
2025-11-24 11:17:09,212 - chat - INFO - Initializing user statuses for existing chats...
2025-11-24 11:17:09,229 - chat - INFO - User statuses initialized successfully
2025-11-24 11:17:09,327 - api.faqs - INFO - SQLAlchemy version: 2.0.41
2025-11-24 11:17:09,358 - api.faqs - INFO - Текущие столбцы таблицы faqs: ['id', 'question', 'answer', 'category', 'created_at', 'updated_at', 'views_count', 'helpful_count', 'not_helpful_count', 'content_html', 'department', 'is_general']
2025-11-24 11:17:22,269 - services.admin_manager - INFO - 🔧 AdminManager using database: portaladmins_db at localhost:5432
2025-11-24 11:17:22,330 - services.admin_manager - INFO - 📋 Admin table columns: ['id', 'username', 'service_id', 'is_active', 'permissions', 'created_at', 'updated_at', 'email']
2025-11-24 11:17:22,333 - services.admin_manager - WARNING - Таблица 'reset_tokens' не найдена в базе данных
2025-11-24 11:17:22,430 - services.jwt_utils - INFO - JWT Configuration: ALGORITHM=HS256, ACCESS_TOKEN_EXPIRE_MINUTES=1440
2025-11-24 11:17:22,430 - services.jwt_utils - INFO - SECRET_KEY установлена: Да
2025-11-24 11:17:22,431 - services.jwt_utils - INFO - JWTService инициализирован с настройками: {'access_token_expire_minutes': 600, 'refresh_token_expire_days': 1, 'algorithm': 'HS512'}
2025-11-24 11:17:22,517 - api.auth - INFO - Loaded 1 reset tokens from storage
2025-11-24 11:17:22,587 - chat - INFO - Таблицы успешно созданы или уже существуют.
2025-11-24 11:17:22,587 - chat - INFO - Initializing user statuses for existing chats...
2025-11-24 11:17:22,607 - chat - INFO - User statuses initialized successfully
2025-11-24 11:17:22,717 - api.faqs - INFO - SQLAlchemy version: 2.0.41
2025-11-24 11:17:22,753 - api.faqs - INFO - Текущие столбцы таблицы faqs: ['id', 'question', 'answer', 'category', 'created_at', 'updated_at', 'views_count', 'helpful_count', 'not_helpful_count', 'content_html', 'department', 'is_general']
2025-11-24 11:18:47,193 - services.admin_manager - INFO - 🔧 AdminManager using database: portaladmins_db at localhost:5432
2025-11-24 11:18:47,250 - services.admin_manager - INFO - 📋 Admin table columns: ['id', 'username', 'service_id', 'is_active', 'permissions', 'created_at', 'updated_at', 'email']
2025-11-24 11:18:47,253 - services.admin_manager - WARNING - Таблица 'reset_tokens' не найдена в базе данных
2025-11-24 11:18:47,351 - services.jwt_utils - INFO - JWT Configuration: ALGORITHM=HS256, ACCESS_TOKEN_EXPIRE_MINUTES=1440
2025-11-24 11:18:47,351 - services.jwt_utils - INFO - SECRET_KEY установлена: Да
2025-11-24 11:18:47,352 - services.jwt_utils - INFO - JWTService инициализирован с настройками: {'access_token_expire_minutes': 600, 'refresh_token_expire_days': 1, 'algorithm': 'HS512'}
2025-11-24 11:18:47,429 - api.auth - INFO - Loaded 1 reset tokens from storage
2025-11-24 11:18:47,496 - chat - INFO - Таблицы успешно созданы или уже существуют.
2025-11-24 11:18:47,496 - chat - INFO - Initializing user statuses for existing chats...
2025-11-24 11:18:47,516 - chat - INFO - User statuses initialized successfully
2025-11-24 11:18:47,607 - api.faqs - INFO - SQLAlchemy version: 2.0.41
2025-11-24 11:18:47,641 - api.faqs - INFO - Текущие столбцы таблицы faqs: ['id', 'question', 'answer', 'category', 'created_at', 'updated_at', 'views_count', 'helpful_count', 'not_helpful_count', 'content_html', 'department', 'is_general']
2025-11-24 11:30:57,622 - services.admin_manager - INFO - 🔧 AdminManager using database: portaladmins_db at localhost:5432
2025-11-24 11:30:57,676 - services.admin_manager - INFO - 📋 Admin table columns: ['id', 'username', 'service_id', 'is_active', 'permissions', 'created_at', 'updated_at', 'email']
2025-11-24 11:30:57,678 - services.admin_manager - WARNING - Таблица 'reset_tokens' не найдена в базе данных
2025-11-24 11:30:57,766 - services.jwt_utils - INFO - JWT Configuration: ALGORITHM=HS256, ACCESS_TOKEN_EXPIRE_MINUTES=1440
2025-11-24 11:30:57,766 - services.jwt_utils - INFO - SECRET_KEY установлена: Да
2025-11-24 11:30:57,766 - services.jwt_utils - INFO - JWTService инициализирован с настройками: {'access_token_expire_minutes': 600, 'refresh_token_expire_days': 1, 'algorithm': 'HS512'}
2025-11-24 11:30:57,841 - api.auth - INFO - Loaded 1 reset tokens from storage
2025-11-24 11:30:57,906 - chat - INFO - Таблицы успешно созданы или уже существуют.
2025-11-24 11:30:57,906 - chat - INFO - Initializing user statuses for existing chats...
2025-11-24 11:30:57,922 - chat - INFO - User statuses initialized successfully
2025-11-24 11:30:58,011 - api.faqs - INFO - SQLAlchemy version: 2.0.41
2025-11-24 11:30:58,040 - api.faqs - INFO - Текущие столбцы таблицы faqs: ['id', 'question', 'answer', 'category', 'created_at', 'updated_at', 'views_count', 'helpful_count', 'not_helpful_count', 'content_html', 'department', 'is_general']
2025-11-24 13:53:16,456 - services.admin_manager - INFO - 🔧 AdminManager using database: portaladmins_db at localhost:5432
2025-11-24 13:53:16,526 - services.admin_manager - INFO - 📋 Admin table columns: ['id', 'username', 'service_id', 'is_active', 'permissions', 'created_at', 'updated_at', 'email']
2025-11-24 13:53:16,530 - services.admin_manager - WARNING - Таблица 'reset_tokens' не найдена в базе данных
2025-11-24 13:53:16,623 - services.jwt_utils - INFO - JWT Configuration: ALGORITHM=HS256, ACCESS_TOKEN_EXPIRE_MINUTES=1440
2025-11-24 13:53:16,623 - services.jwt_utils - INFO - SECRET_KEY установлена: Да
2025-11-24 13:53:16,623 - services.jwt_utils - INFO - JWTService инициализирован с настройками: {'access_token_expire_minutes': 600, 'refresh_token_expire_days': 1, 'algorithm': 'HS512'}
2025-11-24 13:53:16,700 - api.auth - INFO - Loaded 1 reset tokens from storage
2025-11-24 13:53:16,770 - chat - INFO - Таблицы успешно созданы или уже существуют.
2025-11-24 13:53:16,770 - chat - INFO - Initializing user statuses for existing chats...
2025-11-24 13:53:16,785 - chat - INFO - User statuses initialized successfully
2025-11-24 13:53:16,866 - api.faqs - INFO - SQLAlchemy version: 2.0.41
2025-11-24 13:53:16,894 - api.faqs - INFO - Текущие столбцы таблицы faqs: ['id', 'question', 'answer', 'category', 'created_at', 'updated_at', 'views_count', 'helpful_count', 'not_helpful_count', 'content_html', 'department', 'is_general']
2025-11-24 14:20:44,249 - services.admin_manager - INFO - 🔧 AdminManager using database: portaladmins_db at localhost:5432
2025-11-24 14:20:44,301 - services.admin_manager - INFO - 📋 Admin table columns: ['id', 'username', 'service_id', 'is_active', 'permissions', 'created_at', 'updated_at', 'email']
2025-11-24 14:20:44,303 - services.admin_manager - WARNING - Таблица 'reset_tokens' не найдена в базе данных
2025-11-24 14:20:44,385 - services.jwt_utils - INFO - JWT Configuration: ALGORITHM=HS256, ACCESS_TOKEN_EXPIRE_MINUTES=1440
2025-11-24 14:20:44,385 - services.jwt_utils - INFO - SECRET_KEY установлена: Да
2025-11-24 14:20:44,385 - services.jwt_utils - INFO - JWTService инициализирован с настройками: {'access_token_expire_minutes': 600, 'refresh_token_expire_days': 1, 'algorithm': 'HS512'}
2025-11-24 14:20:44,466 - api.auth - INFO - Loaded 1 reset tokens from storage
2025-11-24 14:20:44,543 - chat - INFO - Таблицы успешно созданы или уже существуют.
2025-11-24 14:20:44,544 - chat - INFO - Initializing user statuses for existing chats...
2025-11-24 14:20:44,559 - chat - INFO - User statuses initialized successfully
2025-11-24 14:20:44,644 - api.faqs - INFO - SQLAlchemy version: 2.0.41
2025-11-24 14:20:44,672 - api.faqs - INFO - Текущие столбцы таблицы faqs: ['id', 'question', 'answer', 'category', 'created_at', 'updated_at', 'views_count', 'helpful_count', 'not_helpful_count', 'content_html', 'department', 'is_general']
2025-11-24 14:21:59,519 - services.admin_manager - INFO - 🔧 AdminManager using database: portaladmins_db at localhost:5432
2025-11-24 14:21:59,571 - services.admin_manager - INFO - 📋 Admin table columns: ['id', 'username', 'service_id', 'is_active', 'permissions', 'created_at', 'updated_at', 'email']
2025-11-24 14:21:59,573 - services.admin_manager - WARNING - Таблица 'reset_tokens' не найдена в базе данных
2025-11-24 14:21:59,650 - services.jwt_utils - INFO - JWT Configuration: ALGORITHM=HS256, ACCESS_TOKEN_EXPIRE_MINUTES=1440
2025-11-24 14:21:59,651 - services.jwt_utils - INFO - SECRET_KEY установлена: Да
2025-11-24 14:21:59,651 - services.jwt_utils - INFO - JWTService инициализирован с настройками: {'access_token_expire_minutes': 600, 'refresh_token_expire_days': 1, 'algorithm': 'HS512'}
2025-11-24 14:21:59,719 - api.auth - INFO - Loaded 1 reset tokens from storage
2025-11-24 14:21:59,776 - chat - INFO - Таблицы успешно созданы или уже существуют.
2025-11-24 14:21:59,776 - chat - INFO - Initializing user statuses for existing chats...
2025-11-24 14:21:59,792 - chat - INFO - User statuses initialized successfully
2025-11-24 14:21:59,878 - api.faqs - INFO - SQLAlchemy version: 2.0.41
2025-11-24 14:21:59,910 - api.faqs - INFO - Текущие столбцы таблицы faqs: ['id', 'question', 'answer', 'category', 'created_at', 'updated_at', 'views_count', 'helpful_count', 'not_helpful_count', 'content_html', 'department', 'is_general']
2025-11-24 14:23:37,091 - services.admin_manager - INFO - 🔧 AdminManager using database: portaladmins_db at localhost:5432
2025-11-24 14:23:37,149 - services.admin_manager - INFO - 📋 Admin table columns: ['id', 'username', 'service_id', 'is_active', 'permissions', 'created_at', 'updated_at', 'email']
2025-11-24 14:23:37,152 - services.admin_manager - WARNING - Таблица 'reset_tokens' не найдена в базе данных
2025-11-24 14:23:37,243 - services.jwt_utils - INFO - JWT Configuration: ALGORITHM=HS256, ACCESS_TOKEN_EXPIRE_MINUTES=1440
2025-11-24 14:23:37,243 - services.jwt_utils - INFO - SECRET_KEY установлена: Да
2025-11-24 14:23:37,244 - services.jwt_utils - INFO - JWTService инициализирован с настройками: {'access_token_expire_minutes': 600, 'refresh_token_expire_days': 1, 'algorithm': 'HS512'}
2025-11-24 14:23:37,327 - api.auth - INFO - Loaded 1 reset tokens from storage
2025-11-24 14:23:37,392 - chat - INFO - Таблицы успешно созданы или уже существуют.
2025-11-24 14:23:37,393 - chat - INFO - Initializing user statuses for existing chats...
2025-11-24 14:23:37,413 - chat - INFO - User statuses initialized successfully
2025-11-24 14:23:37,504 - api.faqs - INFO - SQLAlchemy version: 2.0.41
2025-11-24 14:23:37,532 - api.faqs - INFO - Текущие столбцы таблицы faqs: ['id', 'question', 'answer', 'category', 'created_at', 'updated_at', 'views_count', 'helpful_count', 'not_helpful_count', 'content_html', 'department', 'is_general']
2025-11-24 14:24:09,942 - services.admin_manager - INFO - 🔧 AdminManager using database: portaladmins_db at localhost:5432
2025-11-24 14:24:10,000 - services.admin_manager - INFO - 📋 Admin table columns: ['id', 'username', 'service_id', 'is_active', 'permissions', 'created_at', 'updated_at', 'email']
2025-11-24 14:24:10,002 - services.admin_manager - WARNING - Таблица 'reset_tokens' не найдена в базе данных
2025-11-24 14:24:10,085 - services.jwt_utils - INFO - JWT Configuration: ALGORITHM=HS256, ACCESS_TOKEN_EXPIRE_MINUTES=1440
2025-11-24 14:24:10,085 - services.jwt_utils - INFO - SECRET_KEY установлена: Да
2025-11-24 14:24:10,086 - services.jwt_utils - INFO - JWTService инициализирован с настройками: {'access_token_expire_minutes': 600, 'refresh_token_expire_days': 1, 'algorithm': 'HS512'}
2025-11-24 14:24:10,154 - api.auth - INFO - Loaded 1 reset tokens from storage
2025-11-24 14:24:10,215 - chat - INFO - Таблицы успешно созданы или уже существуют.
2025-11-24 14:24:10,215 - chat - INFO - Initializing user statuses for existing chats...
2025-11-24 14:24:10,233 - chat - INFO - User statuses initialized successfully
2025-11-24 14:24:10,323 - api.faqs - INFO - SQLAlchemy version: 2.0.41
2025-11-24 14:24:10,352 - api.faqs - INFO - Текущие столбцы таблицы faqs: ['id', 'question', 'answer', 'category', 'created_at', 'updated_at', 'views_count', 'helpful_count', 'not_helpful_count', 'content_html', 'department', 'is_general']
2025-11-24 14:42:18,948 - services.admin_manager - INFO - 🔧 AdminManager using database: portaladmins_db at localhost:5432
2025-11-24 14:42:19,000 - services.admin_manager - INFO - 📋 Admin table columns: ['id', 'username', 'service_id', 'is_active', 'permissions', 'created_at', 'updated_at', 'email']
2025-11-24 14:42:19,003 - services.admin_manager - WARNING - Таблица 'reset_tokens' не найдена в базе данных
2025-11-24 14:42:19,081 - services.jwt_utils - INFO - JWT Configuration: ALGORITHM=HS256, ACCESS_TOKEN_EXPIRE_MINUTES=1440
2025-11-24 14:42:19,081 - services.jwt_utils - INFO - SECRET_KEY установлена: Да
2025-11-24 14:42:19,082 - services.jwt_utils - INFO - JWTService инициализирован с настройками: {'access_token_expire_minutes': 600, 'refresh_token_expire_days': 1, 'algorithm': 'HS512'}
2025-11-24 14:42:19,148 - api.auth - INFO - Loaded 1 reset tokens from storage
2025-11-24 14:42:19,205 - chat - INFO - Таблицы успешно созданы или уже существуют.
2025-11-24 14:42:19,205 - chat - INFO - Initializing user statuses for existing chats...
2025-11-24 14:42:19,222 - chat - INFO - User statuses initialized successfully
2025-11-24 14:42:19,308 - api.faqs - INFO - SQLAlchemy version: 2.0.41
2025-11-24 14:42:19,335 - api.faqs - INFO - Текущие столбцы таблицы faqs: ['id', 'question', 'answer', 'category', 'created_at', 'updated_at', 'views_count', 'helpful_count', 'not_helpful_count', 'content_html', 'department', 'is_general']
2025-11-24 14:50:31,344 - services.admin_manager - INFO - 🔧 AdminManager using database: portaladmins_db at localhost:5432
2025-11-24 14:50:31,397 - services.admin_manager - INFO - 📋 Admin table columns: ['id', 'username', 'service_id', 'is_active', 'permissions', 'created_at', 'updated_at', 'email']
2025-11-24 14:50:31,400 - services.admin_manager - WARNING - Таблица 'reset_tokens' не найдена в базе данных
2025-11-24 14:50:31,479 - services.jwt_utils - INFO - JWT Configuration: ALGORITHM=HS256, ACCESS_TOKEN_EXPIRE_MINUTES=1440
2025-11-24 14:50:31,480 - services.jwt_utils - INFO - SECRET_KEY установлена: Да
2025-11-24 14:50:31,480 - services.jwt_utils - INFO - JWTService инициализирован с настройками: {'access_token_expire_minutes': 600, 'refresh_token_expire_days': 1, 'algorithm': 'HS512'}
2025-11-24 14:50:31,552 - api.auth - INFO - Loaded 1 reset tokens from storage
2025-11-24 14:50:31,611 - chat - INFO - Таблицы успешно созданы или уже существуют.
2025-11-24 14:50:31,611 - chat - INFO - Initializing user statuses for existing chats...
2025-11-24 14:50:31,629 - chat - INFO - User statuses initialized successfully
2025-11-24 14:50:31,710 - api.faqs - INFO - SQLAlchemy version: 2.0.41
2025-11-24 14:50:31,739 - api.faqs - INFO - Текущие столбцы таблицы faqs: ['id', 'question', 'answer', 'category', 'created_at', 'updated_at', 'views_count', 'helpful_count', 'not_helpful_count', 'content_html', 'department', 'is_general']
2025-11-24 14:55:40,811 - services.admin_manager - INFO - 🔧 AdminManager using database: portaladmins_db at localhost:5432
2025-11-24 14:55:40,878 - services.admin_manager - INFO - 📋 Admin table columns: ['id', 'username', 'service_id', 'is_active', 'permissions', 'created_at', 'updated_at', 'email']
2025-11-24 14:55:40,881 - services.admin_manager - WARNING - Таблица 'reset_tokens' не найдена в базе данных
2025-11-24 14:55:40,984 - services.jwt_utils - INFO - JWT Configuration: ALGORITHM=HS256, ACCESS_TOKEN_EXPIRE_MINUTES=1440
2025-11-24 14:55:40,984 - services.jwt_utils - INFO - SECRET_KEY установлена: Да
2025-11-24 14:55:40,985 - services.jwt_utils - INFO - JWTService инициализирован с настройками: {'access_token_expire_minutes': 600, 'refresh_token_expire_days': 1, 'algorithm': 'HS512'}
2025-11-24 14:55:41,059 - api.auth - INFO - Loaded 1 reset tokens from storage
2025-11-24 14:55:41,123 - chat - INFO - Таблицы успешно созданы или уже существуют.
2025-11-24 14:55:41,124 - chat - INFO - Initializing user statuses for existing chats...
2025-11-24 14:55:41,141 - chat - INFO - User statuses initialized successfully
2025-11-24 14:55:41,236 - api.faqs - INFO - SQLAlchemy version: 2.0.41
2025-11-24 14:55:41,273 - api.faqs - INFO - Текущие столбцы таблицы faqs: ['id', 'question', 'answer', 'category', 'created_at', 'updated_at', 'views_count', 'helpful_count', 'not_helpful_count', 'content_html', 'department', 'is_general']
2025-11-24 14:56:56,021 - services.admin_manager - INFO - 🔧 AdminManager using database: portaladmins_db at localhost:5432
2025-11-24 14:56:56,080 - services.admin_manager - INFO - 📋 Admin table columns: ['id', 'username', 'service_id', 'is_active', 'permissions', 'created_at', 'updated_at', 'email']
2025-11-24 14:56:56,082 - services.admin_manager - WARNING - Таблица 'reset_tokens' не найдена в базе данных
2025-11-24 14:56:56,168 - services.jwt_utils - INFO - JWT Configuration: ALGORITHM=HS256, ACCESS_TOKEN_EXPIRE_MINUTES=1440
2025-11-24 14:56:56,168 - services.jwt_utils - INFO - SECRET_KEY установлена: Да
2025-11-24 14:56:56,169 - services.jwt_utils - INFO - JWTService инициализирован с настройками: {'access_token_expire_minutes': 600, 'refresh_token_expire_days': 1, 'algorithm': 'HS512'}
2025-11-24 14:56:56,241 - api.auth - INFO - Loaded 1 reset tokens from storage
2025-11-24 14:56:56,304 - chat - INFO - Таблицы успешно созданы или уже существуют.
2025-11-24 14:56:56,304 - chat - INFO - Initializing user statuses for existing chats...
2025-11-24 14:56:56,323 - chat - INFO - User statuses initialized successfully
2025-11-24 14:56:56,411 - api.faqs - INFO - SQLAlchemy version: 2.0.41
2025-11-24 14:56:56,443 - api.faqs - INFO - Текущие столбцы таблицы faqs: ['id', 'question', 'answer', 'category', 'created_at', 'updated_at', 'views_count', 'helpful_count', 'not_helpful_count', 'content_html', 'department', 'is_general']
2025-11-24 14:57:17,487 - services.admin_manager - INFO - 🔧 AdminManager using database: portaladmins_db at localhost:5432
2025-11-24 14:57:17,549 - services.admin_manager - INFO - 📋 Admin table columns: ['id', 'username', 'service_id', 'is_active', 'permissions', 'created_at', 'updated_at', 'email']
2025-11-24 14:57:17,552 - services.admin_manager - WARNING - Таблица 'reset_tokens' не найдена в базе данных
2025-11-24 14:57:17,636 - services.jwt_utils - INFO - JWT Configuration: ALGORITHM=HS256, ACCESS_TOKEN_EXPIRE_MINUTES=1440
2025-11-24 14:57:17,636 - services.jwt_utils - INFO - SECRET_KEY установлена: Да
2025-11-24 14:57:17,636 - services.jwt_utils - INFO - JWTService инициализирован с настройками: {'access_token_expire_minutes': 600, 'refresh_token_expire_days': 1, 'algorithm': 'HS512'}
2025-11-24 14:57:17,711 - api.auth - INFO - Loaded 1 reset tokens from storage
2025-11-24 14:57:17,768 - chat - INFO - Таблицы успешно созданы или уже существуют.
2025-11-24 14:57:17,768 - chat - INFO - Initializing user statuses for existing chats...
2025-11-24 14:57:17,784 - chat - INFO - User statuses initialized successfully
2025-11-24 14:57:17,873 - api.faqs - INFO - SQLAlchemy version: 2.0.41
2025-11-24 14:57:17,908 - api.faqs - INFO - Текущие столбцы таблицы faqs: ['id', 'question', 'answer', 'category', 'created_at', 'updated_at', 'views_count', 'helpful_count', 'not_helpful_count', 'content_html', 'department', 'is_general']
2025-11-24 15:08:58,647 - services.admin_manager - INFO - 🔧 AdminManager using database: portaladmins_db at localhost:5432
2025-11-24 15:08:58,706 - services.admin_manager - INFO - 📋 Admin table columns: ['id', 'username', 'service_id', 'is_active', 'permissions', 'created_at', 'updated_at', 'email']
2025-11-24 15:08:58,709 - services.admin_manager - WARNING - Таблица 'reset_tokens' не найдена в базе данных
2025-11-24 15:08:58,799 - services.jwt_utils - INFO - JWT Configuration: ALGORITHM=HS256, ACCESS_TOKEN_EXPIRE_MINUTES=1440
2025-11-24 15:08:58,800 - services.jwt_utils - INFO - SECRET_KEY установлена: Да
2025-11-24 15:08:58,800 - services.jwt_utils - INFO - JWTService инициализирован с настройками: {'access_token_expire_minutes': 600, 'refresh_token_expire_days': 1, 'algorithm': 'HS512'}
2025-11-24 15:08:58,870 - api.auth - INFO - Loaded 1 reset tokens from storage
2025-11-24 15:08:58,927 - chat - INFO - Таблицы успешно созданы или уже существуют.
2025-11-24 15:08:58,927 - chat - INFO - Initializing user statuses for existing chats...
2025-11-24 15:08:58,943 - chat - INFO - User statuses initialized successfully
2025-11-24 15:08:59,025 - api.faqs - INFO - SQLAlchemy version: 2.0.41
2025-11-24 15:08:59,053 - api.faqs - INFO - Текущие столбцы таблицы faqs: ['id', 'question', 'answer', 'category', 'created_at', 'updated_at', 'views_count', 'helpful_count', 'not_helpful_count', 'content_html', 'department', 'is_general']
2025-11-24 15:09:31,744 - services.admin_manager - INFO - 🔧 AdminManager using database: portaladmins_db at localhost:5432
2025-11-24 15:09:31,795 - services.admin_manager - INFO - 📋 Admin table columns: ['id', 'username', 'service_id', 'is_active', 'permissions', 'created_at', 'updated_at', 'email']
2025-11-24 15:09:31,798 - services.admin_manager - WARNING - Таблица 'reset_tokens' не найдена в базе данных
2025-11-24 15:09:31,874 - services.jwt_utils - INFO - JWT Configuration: ALGORITHM=HS256, ACCESS_TOKEN_EXPIRE_MINUTES=1440
2025-11-24 15:09:31,874 - services.jwt_utils - INFO - SECRET_KEY установлена: Да
2025-11-24 15:09:31,875 - services.jwt_utils - INFO - JWTService инициализирован с настройками: {'access_token_expire_minutes': 600, 'refresh_token_expire_days': 1, 'algorithm': 'HS512'}
2025-11-24 15:09:31,945 - api.auth - INFO - Loaded 1 reset tokens from storage
2025-11-24 15:09:31,998 - chat - INFO - Таблицы успешно созданы или уже существуют.
2025-11-24 15:09:31,998 - chat - INFO - Initializing user statuses for existing chats...
2025-11-24 15:09:32,013 - chat - INFO - User statuses initialized successfully
2025-11-24 15:09:32,102 - api.faqs - INFO - SQLAlchemy version: 2.0.41
2025-11-24 15:09:32,135 - api.faqs - INFO - Текущие столбцы таблицы faqs: ['id', 'question', 'answer', 'category', 'created_at', 'updated_at', 'views_count', 'helpful_count', 'not_helpful_count', 'content_html', 'department', 'is_general']
2025-11-24 15:11:24,699 - services.admin_manager - INFO - 🔧 AdminManager using database: portaladmins_db at localhost:5432
2025-11-24 15:11:24,749 - services.admin_manager - INFO - 📋 Admin table columns: ['id', 'username', 'service_id', 'is_active', 'permissions', 'created_at', 'updated_at', 'email']
2025-11-24 15:11:24,752 - services.admin_manager - WARNING - Таблица 'reset_tokens' не найдена в базе данных
2025-11-24 15:11:24,837 - services.jwt_utils - INFO - JWT Configuration: ALGORITHM=HS256, ACCESS_TOKEN_EXPIRE_MINUTES=1440
2025-11-24 15:11:24,837 - services.jwt_utils - INFO - SECRET_KEY установлена: Да
2025-11-24 15:11:24,837 - services.jwt_utils - INFO - JWTService инициализирован с настройками: {'access_token_expire_minutes': 600, 'refresh_token_expire_days': 1, 'algorithm': 'HS512'}
2025-11-24 15:11:24,908 - api.auth - INFO - Loaded 1 reset tokens from storage
2025-11-24 15:11:24,964 - chat - INFO - Таблицы успешно созданы или уже существуют.
2025-11-24 15:11:24,964 - chat - INFO - Initializing user statuses for existing chats...
2025-11-24 15:11:24,981 - chat - INFO - User statuses initialized successfully
2025-11-24 15:11:25,064 - api.faqs - INFO - SQLAlchemy version: 2.0.41
2025-11-24 15:11:25,091 - api.faqs - INFO - Текущие столбцы таблицы faqs: ['id', 'question', 'answer', 'category', 'created_at', 'updated_at', 'views_count', 'helpful_count', 'not_helpful_count', 'content_html', 'department', 'is_general']
2025-11-24 15:11:50,113 - services.admin_manager - INFO - 🔧 AdminManager using database: portaladmins_db at localhost:5432
2025-11-24 15:11:50,180 - services.admin_manager - INFO - 📋 Admin table columns: ['id', 'username', 'service_id', 'is_active', 'permissions', 'created_at', 'updated_at', 'email']
2025-11-24 15:11:50,183 - services.admin_manager - WARNING - Таблица 'reset_tokens' не найдена в базе данных
2025-11-24 15:11:50,268 - services.jwt_utils - INFO - JWT Configuration: ALGORITHM=HS256, ACCESS_TOKEN_EXPIRE_MINUTES=1440
2025-11-24 15:11:50,268 - services.jwt_utils - INFO - SECRET_KEY установлена: Да
2025-11-24 15:11:50,268 - services.jwt_utils - INFO - JWTService инициализирован с настройками: {'access_token_expire_minutes': 600, 'refresh_token_expire_days': 1, 'algorithm': 'HS512'}
2025-11-24 15:11:50,347 - api.auth - INFO - Loaded 1 reset tokens from storage
2025-11-24 15:11:50,402 - chat - INFO - Таблицы успешно созданы или уже существуют.
2025-11-24 15:11:50,402 - chat - INFO - Initializing user statuses for existing chats...
2025-11-24 15:11:50,418 - chat - INFO - User statuses initialized successfully
2025-11-24 15:11:50,503 - api.faqs - INFO - SQLAlchemy version: 2.0.41
2025-11-24 15:11:50,535 - api.faqs - INFO - Текущие столбцы таблицы faqs: ['id', 'question', 'answer', 'category', 'created_at', 'updated_at', 'views_count', 'helpful_count', 'not_helpful_count', 'content_html', 'department', 'is_general']
2025-11-24 15:12:03,179 - services.admin_manager - INFO - 🔧 AdminManager using database: portaladmins_db at localhost:5432
2025-11-24 15:12:03,234 - services.admin_manager - INFO - 📋 Admin table columns: ['id', 'username', 'service_id', 'is_active', 'permissions', 'created_at', 'updated_at', 'email']
2025-11-24 15:12:03,237 - services.admin_manager - WARNING - Таблица 'reset_tokens' не найдена в базе данных
2025-11-24 15:12:03,319 - services.jwt_utils - INFO - JWT Configuration: ALGORITHM=HS256, ACCESS_TOKEN_EXPIRE_MINUTES=1440
2025-11-24 15:12:03,319 - services.jwt_utils - INFO - SECRET_KEY установлена: Да
2025-11-24 15:12:03,320 - services.jwt_utils - INFO - JWTService инициализирован с настройками: {'access_token_expire_minutes': 600, 'refresh_token_expire_days': 1, 'algorithm': 'HS512'}
2025-11-24 15:12:03,392 - api.auth - INFO - Loaded 1 reset tokens from storage
2025-11-24 15:12:03,448 - chat - INFO - Таблицы успешно созданы или уже существуют.
2025-11-24 15:12:03,448 - chat - INFO - Initializing user statuses for existing chats...
2025-11-24 15:12:03,463 - chat - INFO - User statuses initialized successfully
2025-11-24 15:12:03,547 - api.faqs - INFO - SQLAlchemy version: 2.0.41
2025-11-24 15:12:03,576 - api.faqs - INFO - Текущие столбцы таблицы faqs: ['id', 'question', 'answer', 'category', 'created_at', 'updated_at', 'views_count', 'helpful_count', 'not_helpful_count', 'content_html', 'department', 'is_general']
2025-11-24 15:13:19,475 - services.admin_manager - INFO - 🔧 AdminManager using database: portaladmins_db at localhost:5432
2025-11-24 15:13:19,530 - services.admin_manager - INFO - 📋 Admin table columns: ['id', 'username', 'service_id', 'is_active', 'permissions', 'created_at', 'updated_at', 'email']
2025-11-24 15:13:19,534 - services.admin_manager - WARNING - Таблица 'reset_tokens' не найдена в базе данных
2025-11-24 15:13:19,613 - services.jwt_utils - INFO - JWT Configuration: ALGORITHM=HS256, ACCESS_TOKEN_EXPIRE_MINUTES=1440
2025-11-24 15:13:19,613 - services.jwt_utils - INFO - SECRET_KEY установлена: Да
2025-11-24 15:13:19,614 - services.jwt_utils - INFO - JWTService инициализирован с настройками: {'access_token_expire_minutes': 600, 'refresh_token_expire_days': 1, 'algorithm': 'HS512'}
2025-11-24 15:13:19,686 - api.auth - INFO - Loaded 1 reset tokens from storage
2025-11-24 15:13:19,745 - chat - INFO - Таблицы успешно созданы или уже существуют.
2025-11-24 15:13:19,746 - chat - INFO - Initializing user statuses for existing chats...
2025-11-24 15:13:19,761 - chat - INFO - User statuses initialized successfully
2025-11-24 15:13:19,845 - api.faqs - INFO - SQLAlchemy version: 2.0.41
2025-11-24 15:13:19,874 - api.faqs - INFO - Текущие столбцы таблицы faqs: ['id', 'question', 'answer', 'category', 'created_at', 'updated_at', 'views_count', 'helpful_count', 'not_helpful_count', 'content_html', 'department', 'is_general']
2025-11-24 15:16:28,502 - services.admin_manager - INFO - 🔧 AdminManager using database: portaladmins_db at localhost:5432
2025-11-24 15:16:28,567 - services.admin_manager - INFO - 📋 Admin table columns: ['id', 'username', 'service_id', 'is_active', 'permissions', 'created_at', 'updated_at', 'email']
2025-11-24 15:16:28,569 - services.admin_manager - WARNING - Таблица 'reset_tokens' не найдена в базе данных
2025-11-24 15:16:28,653 - services.jwt_utils - INFO - JWT Configuration: ALGORITHM=HS256, ACCESS_TOKEN_EXPIRE_MINUTES=1440
2025-11-24 15:16:28,653 - services.jwt_utils - INFO - SECRET_KEY установлена: Да
2025-11-24 15:16:28,653 - services.jwt_utils - INFO - JWTService инициализирован с настройками: {'access_token_expire_minutes': 600, 'refresh_token_expire_days': 1, 'algorithm': 'HS512'}
2025-11-24 15:16:28,724 - api.auth - INFO - Loaded 1 reset tokens from storage
2025-11-24 15:16:28,780 - chat - INFO - Таблицы успешно созданы или уже существуют.
2025-11-24 15:16:28,780 - chat - INFO - Initializing user statuses for existing chats...
2025-11-24 15:16:28,798 - chat - INFO - User statuses initialized successfully
2025-11-24 15:16:28,879 - api.faqs - INFO - SQLAlchemy version: 2.0.41
2025-11-24 15:16:28,905 - api.faqs - INFO - Текущие столбцы таблицы faqs: ['id', 'question', 'answer', 'category', 'created_at', 'updated_at', 'views_count', 'helpful_count', 'not_helpful_count', 'content_html', 'department', 'is_general']
2025-11-24 15:18:06,366 - services.admin_manager - INFO - 🔧 AdminManager using database: portaladmins_db at localhost:5432
2025-11-24 15:18:06,423 - services.admin_manager - INFO - 📋 Admin table columns: ['id', 'username', 'service_id', 'is_active', 'permissions', 'created_at', 'updated_at', 'email']
2025-11-24 15:18:06,425 - services.admin_manager - WARNING - Таблица 'reset_tokens' не найдена в базе данных
2025-11-24 15:18:06,510 - services.jwt_utils - INFO - JWT Configuration: ALGORITHM=HS256, ACCESS_TOKEN_EXPIRE_MINUTES=1440
2025-11-24 15:18:06,510 - services.jwt_utils - INFO - SECRET_KEY установлена: Да
2025-11-24 15:18:06,511 - services.jwt_utils - INFO - JWTService инициализирован с настройками: {'access_token_expire_minutes': 600, 'refresh_token_expire_days': 1, 'algorithm': 'HS512'}
2025-11-24 15:18:06,579 - api.auth - INFO - Loaded 1 reset tokens from storage
2025-11-24 15:18:06,633 - chat - INFO - Таблицы успешно созданы или уже существуют.
2025-11-24 15:18:06,634 - chat - INFO - Initializing user statuses for existing chats...
2025-11-24 15:18:06,649 - chat - INFO - User statuses initialized successfully
2025-11-24 15:18:06,734 - api.faqs - INFO - SQLAlchemy version: 2.0.41
2025-11-24 15:18:06,764 - api.faqs - INFO - Текущие столбцы таблицы faqs: ['id', 'question', 'answer', 'category', 'created_at', 'updated_at', 'views_count', 'helpful_count', 'not_helpful_count', 'content_html', 'department', 'is_general']
2025-11-24 15:18:08,079 - services.admin_manager - INFO - 🔧 AdminManager using database: portaladmins_db at localhost:5432
2025-11-24 15:18:08,131 - services.admin_manager - INFO - 📋 Admin table columns: ['id', 'username', 'service_id', 'is_active', 'permissions', 'created_at', 'updated_at', 'email']
2025-11-24 15:18:08,134 - services.admin_manager - WARNING - Таблица 'reset_tokens' не найдена в базе данных
2025-11-24 15:18:08,214 - services.jwt_utils - INFO - JWT Configuration: ALGORITHM=HS256, ACCESS_TOKEN_EXPIRE_MINUTES=1440
2025-11-24 15:18:08,214 - services.jwt_utils - INFO - SECRET_KEY установлена: Да
2025-11-24 15:18:08,215 - services.jwt_utils - INFO - JWTService инициализирован с настройками: {'access_token_expire_minutes': 600, 'refresh_token_expire_days': 1, 'algorithm': 'HS512'}
2025-11-24 15:18:08,288 - api.auth - INFO - Loaded 1 reset tokens from storage
2025-11-24 15:18:08,349 - chat - INFO - Таблицы успешно созданы или уже существуют.
2025-11-24 15:18:08,350 - chat - INFO - Initializing user statuses for existing chats...
2025-11-24 15:18:08,366 - chat - INFO - User statuses initialized successfully
2025-11-24 15:18:08,455 - api.faqs - INFO - SQLAlchemy version: 2.0.41
2025-11-24 15:18:08,494 - api.faqs - INFO - Текущие столбцы таблицы faqs: ['id', 'question', 'answer', 'category', 'created_at', 'updated_at', 'views_count', 'helpful_count', 'not_helpful_count', 'content_html', 'department', 'is_general']
2025-11-24 15:20:40,984 - services.admin_manager - INFO - 🔧 AdminManager using database: portaladmins_db at localhost:5432
2025-11-24 15:20:41,048 - services.admin_manager - INFO - 📋 Admin table columns: ['id', 'username', 'service_id', 'is_active', 'permissions', 'created_at', 'updated_at', 'email']
2025-11-24 15:20:41,051 - services.admin_manager - WARNING - Таблица 'reset_tokens' не найдена в базе данных
2025-11-24 15:20:41,135 - services.jwt_utils - INFO - JWT Configuration: ALGORITHM=HS256, ACCESS_TOKEN_EXPIRE_MINUTES=1440
2025-11-24 15:20:41,135 - services.jwt_utils - INFO - SECRET_KEY установлена: Да
2025-11-24 15:20:41,135 - services.jwt_utils - INFO - JWTService инициализирован с настройками: {'access_token_expire_minutes': 600, 'refresh_token_expire_days': 1, 'algorithm': 'HS512'}
2025-11-24 15:20:41,206 - api.auth - INFO - Loaded 1 reset tokens from storage
2025-11-24 15:20:41,275 - chat - INFO - Таблицы успешно созданы или уже существуют.
2025-11-24 15:20:41,275 - chat - INFO - Initializing user statuses for existing chats...
2025-11-24 15:20:41,291 - chat - INFO - User statuses initialized successfully
2025-11-24 15:20:41,376 - api.faqs - INFO - SQLAlchemy version: 2.0.41
2025-11-24 15:20:41,407 - api.faqs - INFO - Текущие столбцы таблицы faqs: ['id', 'question', 'answer', 'category', 'created_at', 'updated_at', 'views_count', 'helpful_count', 'not_helpful_count', 'content_html', 'department', 'is_general']
2025-11-24 15:49:36,892 - services.admin_manager - INFO - 🔧 AdminManager using database: portaladmins_db at localhost:5432
2025-11-24 15:49:36,939 - services.admin_manager - INFO - 📋 Admin table columns: ['id', 'username', 'service_id', 'is_active', 'permissions', 'created_at', 'updated_at', 'email']
2025-11-24 15:49:36,941 - services.admin_manager - WARNING - Таблица 'reset_tokens' не найдена в базе данных
2025-11-24 15:49:37,018 - services.jwt_utils - INFO - JWT Configuration: ALGORITHM=HS256, ACCESS_TOKEN_EXPIRE_MINUTES=1440
2025-11-24 15:49:37,018 - services.jwt_utils - INFO - SECRET_KEY установлена: Да
2025-11-24 15:49:37,018 - services.jwt_utils - INFO - JWTService инициализирован с настройками: {'access_token_expire_minutes': 600, 'refresh_token_expire_days': 1, 'algorithm': 'HS512'}
2025-11-24 15:49:37,089 - api.auth - INFO - Loaded 1 reset tokens from storage
2025-11-24 15:49:37,143 - chat - INFO - Таблицы успешно созданы или уже существуют.
2025-11-24 15:49:37,143 - chat - INFO - Initializing user statuses for existing chats...
2025-11-24 15:49:37,157 - chat - INFO - User statuses initialized successfully
2025-11-24 15:49:37,233 - api.faqs - INFO - SQLAlchemy version: 2.0.41
2025-11-24 15:49:37,259 - api.faqs - INFO - Текущие столбцы таблицы faqs: ['id', 'question', 'answer', 'category', 'created_at', 'updated_at', 'views_count', 'helpful_count', 'not_helpful_count', 'content_html', 'department', 'is_general']
2025-11-24 15:52:20,000 - services.admin_manager - INFO - 🔧 AdminManager using database: portaladmins_db at localhost:5432
2025-11-24 15:52:20,056 - services.admin_manager - INFO - 📋 Admin table columns: ['id', 'username', 'service_id', 'is_active', 'permissions', 'created_at', 'updated_at', 'email']
2025-11-24 15:52:20,059 - services.admin_manager - WARNING - Таблица 'reset_tokens' не найдена в базе данных
2025-11-24 15:52:20,137 - services.jwt_utils - INFO - JWT Configuration: ALGORITHM=HS256, ACCESS_TOKEN_EXPIRE_MINUTES=1440
2025-11-24 15:52:20,137 - services.jwt_utils - INFO - SECRET_KEY установлена: Да
2025-11-24 15:52:20,138 - services.jwt_utils - INFO - JWTService инициализирован с настройками: {'access_token_expire_minutes': 600, 'refresh_token_expire_days': 1, 'algorithm': 'HS512'}
2025-11-24 15:52:20,206 - api.auth - INFO - Loaded 1 reset tokens from storage
2025-11-24 15:52:20,260 - chat - INFO - Таблицы успешно созданы или уже существуют.
2025-11-24 15:52:20,260 - chat - INFO - Initializing user statuses for existing chats...
2025-11-24 15:52:20,275 - chat - INFO - User statuses initialized successfully
2025-11-24 15:52:20,354 - api.faqs - INFO - SQLAlchemy version: 2.0.41
2025-11-24 15:52:20,378 - api.faqs - INFO - Текущие столбцы таблицы faqs: ['id', 'question', 'answer', 'category', 'created_at', 'updated_at', 'views_count', 'helpful_count', 'not_helpful_count', 'content_html', 'department', 'is_general']
2025-11-24 16:48:37,188 - services.admin_manager - INFO - 🔧 AdminManager using database: portaladmins_db at localhost:5432
2025-11-24 16:48:37,243 - services.admin_manager - INFO - 📋 Admin table columns: ['id', 'username', 'service_id', 'is_active', 'permissions', 'created_at', 'updated_at', 'email']
2025-11-24 16:48:37,245 - services.admin_manager - WARNING - Таблица 'reset_tokens' не найдена в базе данных
2025-11-24 16:48:37,322 - services.jwt_utils - INFO - JWT Configuration: ALGORITHM=HS256, ACCESS_TOKEN_EXPIRE_MINUTES=1440
2025-11-24 16:48:37,323 - services.jwt_utils - INFO - SECRET_KEY установлена: Да
2025-11-24 16:48:37,323 - services.jwt_utils - INFO - JWTService инициализирован с настройками: {'access_token_expire_minutes': 600, 'refresh_token_expire_days': 1, 'algorithm': 'HS512'}
2025-11-24 16:48:37,395 - api.auth - INFO - Loaded 1 reset tokens from storage
2025-11-24 16:48:37,459 - chat - INFO - Таблицы успешно созданы или уже существуют.
2025-11-24 16:48:37,459 - chat - INFO - Initializing user statuses for existing chats...
2025-11-24 16:48:37,476 - chat - INFO - User statuses initialized successfully
2025-11-24 16:48:37,555 - api.faqs - INFO - SQLAlchemy version: 2.0.41
2025-11-24 16:48:37,581 - api.faqs - INFO - Текущие столбцы таблицы faqs: ['id', 'question', 'answer', 'category', 'created_at', 'updated_at', 'views_count', 'helpful_count', 'not_helpful_count', 'content_html', 'department', 'is_general']
2025-11-25 06:28:08,718 - services.admin_manager - INFO - 🔧 AdminManager using database: portaladmins_db at localhost:5432
2025-11-25 06:28:08,777 - services.admin_manager - INFO - 📋 Admin table columns: ['id', 'username', 'service_id', 'is_active', 'permissions', 'created_at', 'updated_at', 'email']
2025-11-25 06:28:08,779 - services.admin_manager - WARNING - Таблица 'reset_tokens' не найдена в базе данных
2025-11-25 06:28:08,856 - services.jwt_utils - INFO - JWT Configuration: ALGORITHM=HS256, ACCESS_TOKEN_EXPIRE_MINUTES=1440
2025-11-25 06:28:08,856 - services.jwt_utils - INFO - SECRET_KEY установлена: Да
2025-11-25 06:28:08,857 - services.jwt_utils - INFO - JWTService инициализирован с настройками: {'access_token_expire_minutes': 600, 'refresh_token_expire_days': 1, 'algorithm': 'HS512'}
2025-11-25 06:28:08,923 - api.auth - INFO - Loaded 1 reset tokens from storage
2025-11-25 06:28:08,974 - chat - INFO - Таблицы успешно созданы или уже существуют.
2025-11-25 06:28:08,974 - chat - INFO - Initializing user statuses for existing chats...
2025-11-25 06:28:08,988 - chat - INFO - User statuses initialized successfully
2025-11-25 06:28:09,066 - api.faqs - INFO - SQLAlchemy version: 2.0.41
2025-11-25 06:28:09,090 - api.faqs - INFO - Текущие столбцы таблицы faqs: ['id', 'question', 'answer', 'category', 'created_at', 'updated_at', 'views_count', 'helpful_count', 'not_helpful_count', 'content_html', 'department', 'is_general']
2025-11-25 09:17:08,123 - services.admin_manager - INFO - 🔧 AdminManager using database: portaladmins_db at localhost:5432
2025-11-25 09:17:08,186 - services.admin_manager - INFO - 📋 Admin table columns: ['id', 'username', 'service_id', 'is_active', 'permissions', 'created_at', 'updated_at', 'email']
2025-11-25 09:17:08,190 - services.admin_manager - WARNING - Таблица 'reset_tokens' не найдена в базе данных
2025-11-25 09:17:08,280 - services.jwt_utils - INFO - JWT Configuration: ALGORITHM=HS256, ACCESS_TOKEN_EXPIRE_MINUTES=1440
2025-11-25 09:17:08,280 - services.jwt_utils - INFO - SECRET_KEY установлена: Да
2025-11-25 09:17:08,280 - services.jwt_utils - INFO - JWTService инициализирован с настройками: {'access_token_expire_minutes': 600, 'refresh_token_expire_days': 1, 'algorithm': 'HS512'}
2025-11-25 09:17:08,369 - api.auth - INFO - Loaded 1 reset tokens from storage
2025-11-25 09:17:08,431 - chat - INFO - Таблицы успешно созданы или уже существуют.
2025-11-25 09:17:08,432 - chat - INFO - Initializing user statuses for existing chats...
2025-11-25 09:17:08,447 - chat - INFO - User statuses initialized successfully
2025-11-25 09:17:08,541 - api.faqs - INFO - SQLAlchemy version: 2.0.41
2025-11-25 09:17:08,582 - api.faqs - INFO - Текущие столбцы таблицы faqs: ['id', 'question', 'answer', 'category', 'created_at', 'updated_at', 'views_count', 'helpful_count', 'not_helpful_count', 'content_html', 'department', 'is_general']
2025-11-25 09:24:30,499 - services.admin_manager - INFO - 🔧 AdminManager using database: portaladmins_db at localhost:5432
2025-11-25 09:24:30,573 - services.admin_manager - INFO - 📋 Admin table columns: ['id', 'username', 'service_id', 'is_active', 'permissions', 'created_at', 'updated_at', 'email']
2025-11-25 09:24:30,577 - services.admin_manager - WARNING - Таблица 'reset_tokens' не найдена в базе данных
2025-11-25 09:24:30,665 - services.jwt_utils - INFO - JWT Configuration: ALGORITHM=HS256, ACCESS_TOKEN_EXPIRE_MINUTES=1440
2025-11-25 09:24:30,665 - services.jwt_utils - INFO - SECRET_KEY установлена: Да
2025-11-25 09:24:30,665 - services.jwt_utils - INFO - JWTService инициализирован с настройками: {'access_token_expire_minutes': 600, 'refresh_token_expire_days': 1, 'algorithm': 'HS512'}
2025-11-25 09:24:30,743 - api.auth - INFO - Loaded 1 reset tokens from storage
2025-11-25 09:24:30,801 - chat - INFO - Таблицы успешно созданы или уже существуют.
2025-11-25 09:24:30,801 - chat - INFO - Initializing user statuses for existing chats...
2025-11-25 09:24:30,817 - chat - INFO - User statuses initialized successfully
2025-11-25 09:24:30,914 - api.faqs - INFO - SQLAlchemy version: 2.0.41
2025-11-25 09:24:30,945 - api.faqs - INFO - Текущие столбцы таблицы faqs: ['id', 'question', 'answer', 'category', 'created_at', 'updated_at', 'views_count', 'helpful_count', 'not_helpful_count', 'content_html', 'department', 'is_general']
2025-11-25 09:24:54,320 - services.admin_manager - INFO - 🔧 AdminManager using database: portaladmins_db at localhost:5432
2025-11-25 09:24:54,386 - services.admin_manager - INFO - 📋 Admin table columns: ['id', 'username', 'service_id', 'is_active', 'permissions', 'created_at', 'updated_at', 'email']
2025-11-25 09:24:54,390 - services.admin_manager - WARNING - Таблица 'reset_tokens' не найдена в базе данных
2025-11-25 09:24:54,480 - services.jwt_utils - INFO - JWT Configuration: ALGORITHM=HS256, ACCESS_TOKEN_EXPIRE_MINUTES=1440
2025-11-25 09:24:54,480 - services.jwt_utils - INFO - SECRET_KEY установлена: Да
2025-11-25 09:24:54,480 - services.jwt_utils - INFO - JWTService инициализирован с настройками: {'access_token_expire_minutes': 600, 'refresh_token_expire_days': 1, 'algorithm': 'HS512'}
2025-11-25 09:24:54,560 - api.auth - INFO - Loaded 1 reset tokens from storage
2025-11-25 09:24:54,625 - chat - INFO - Таблицы успешно созданы или уже существуют.
2025-11-25 09:24:54,625 - chat - INFO - Initializing user statuses for existing chats...
2025-11-25 09:24:54,642 - chat - INFO - User statuses initialized successfully
2025-11-25 09:24:54,731 - api.faqs - INFO - SQLAlchemy version: 2.0.41
2025-11-25 09:24:54,765 - api.faqs - INFO - Текущие столбцы таблицы faqs: ['id', 'question', 'answer', 'category', 'created_at', 'updated_at', 'views_count', 'helpful_count', 'not_helpful_count', 'content_html', 'department', 'is_general']
2025-11-25 09:33:48,881 - services.admin_manager - INFO - 🔧 AdminManager using database: portaladmins_db at localhost:5432
2025-11-25 09:33:48,935 - services.admin_manager - INFO - 📋 Admin table columns: ['id', 'username', 'service_id', 'is_active', 'permissions', 'created_at', 'updated_at', 'email']
2025-11-25 09:33:48,938 - services.admin_manager - WARNING - Таблица 'reset_tokens' не найдена в базе данных
2025-11-25 09:33:49,020 - services.jwt_utils - INFO - JWT Configuration: ALGORITHM=HS256, ACCESS_TOKEN_EXPIRE_MINUTES=1440
2025-11-25 09:33:49,020 - services.jwt_utils - INFO - SECRET_KEY установлена: Да
2025-11-25 09:33:49,020 - services.jwt_utils - INFO - JWTService инициализирован с настройками: {'access_token_expire_minutes': 600, 'refresh_token_expire_days': 1, 'algorithm': 'HS512'}
2025-11-25 09:33:49,088 - api.auth - INFO - Loaded 1 reset tokens from storage
2025-11-25 09:33:49,143 - chat - INFO - Таблицы успешно созданы или уже существуют.
2025-11-25 09:33:49,144 - chat - INFO - Initializing user statuses for existing chats...
2025-11-25 09:33:49,161 - chat - INFO - User statuses initialized successfully
2025-11-25 09:33:49,242 - api.faqs - INFO - SQLAlchemy version: 2.0.41
2025-11-25 09:33:49,269 - api.faqs - INFO - Текущие столбцы таблицы faqs: ['id', 'question', 'answer', 'category', 'created_at', 'updated_at', 'views_count', 'helpful_count', 'not_helpful_count', 'content_html', 'department', 'is_general']
2025-11-25 09:36:19,579 - services.admin_manager - INFO - 🔧 AdminManager using database: portaladmins_db at localhost:5432
2025-11-25 09:36:19,637 - services.admin_manager - INFO - 📋 Admin table columns: ['id', 'username', 'service_id', 'is_active', 'permissions', 'created_at', 'updated_at', 'email']
2025-11-25 09:36:19,639 - services.admin_manager - WARNING - Таблица 'reset_tokens' не найдена в базе данных
2025-11-25 09:36:19,727 - services.jwt_utils - INFO - JWT Configuration: ALGORITHM=HS256, ACCESS_TOKEN_EXPIRE_MINUTES=1440
2025-11-25 09:36:19,727 - services.jwt_utils - INFO - SECRET_KEY установлена: Да
2025-11-25 09:36:19,728 - services.jwt_utils - INFO - JWTService инициализирован с настройками: {'access_token_expire_minutes': 600, 'refresh_token_expire_days': 1, 'algorithm': 'HS512'}
2025-11-25 09:36:19,799 - api.auth - INFO - Loaded 1 reset tokens from storage
2025-11-25 09:36:19,854 - chat - INFO - Таблицы успешно созданы или уже существуют.
2025-11-25 09:36:19,854 - chat - INFO - Initializing user statuses for existing chats...
2025-11-25 09:36:19,874 - chat - INFO - User statuses initialized successfully
2025-11-25 09:36:19,968 - api.faqs - INFO - SQLAlchemy version: 2.0.41
2025-11-25 09:36:19,996 - api.faqs - INFO - Текущие столбцы таблицы faqs: ['id', 'question', 'answer', 'category', 'created_at', 'updated_at', 'views_count', 'helpful_count', 'not_helpful_count', 'content_html', 'department', 'is_general']
2025-11-25 09:37:28,020 - services.admin_manager - INFO - 🔧 AdminManager using database: portaladmins_db at localhost:5432
2025-11-25 09:37:28,076 - services.admin_manager - INFO - 📋 Admin table columns: ['id', 'username', 'service_id', 'is_active', 'permissions', 'created_at', 'updated_at', 'email']
2025-11-25 09:37:28,078 - services.admin_manager - WARNING - Таблица 'reset_tokens' не найдена в базе данных
2025-11-25 09:37:28,160 - services.jwt_utils - INFO - JWT Configuration: ALGORITHM=HS256, ACCESS_TOKEN_EXPIRE_MINUTES=1440
2025-11-25 09:37:28,160 - services.jwt_utils - INFO - SECRET_KEY установлена: Да
2025-11-25 09:37:28,160 - services.jwt_utils - INFO - JWTService инициализирован с настройками: {'access_token_expire_minutes': 600, 'refresh_token_expire_days': 1, 'algorithm': 'HS512'}
2025-11-25 09:37:28,245 - api.auth - INFO - Loaded 1 reset tokens from storage
2025-11-25 09:37:28,317 - chat - INFO - Таблицы успешно созданы или уже существуют.
2025-11-25 09:37:28,317 - chat - INFO - Initializing user statuses for existing chats...
2025-11-25 09:37:28,332 - chat - INFO - User statuses initialized successfully
2025-11-25 09:37:28,414 - api.faqs - INFO - SQLAlchemy version: 2.0.41
2025-11-25 09:37:28,447 - api.faqs - INFO - Текущие столбцы таблицы faqs: ['id', 'question', 'answer', 'category', 'created_at', 'updated_at', 'views_count', 'helpful_count', 'not_helpful_count', 'content_html', 'department', 'is_general']
2025-11-25 09:37:46,197 - services.admin_manager - INFO - 🔧 AdminManager using database: portaladmins_db at localhost:5432
2025-11-25 09:37:46,256 - services.admin_manager - INFO - 📋 Admin table columns: ['id', 'username', 'service_id', 'is_active', 'permissions', 'created_at', 'updated_at', 'email']
2025-11-25 09:37:46,259 - services.admin_manager - WARNING - Таблица 'reset_tokens' не найдена в базе данных
2025-11-25 09:37:46,347 - services.jwt_utils - INFO - JWT Configuration: ALGORITHM=HS256, ACCESS_TOKEN_EXPIRE_MINUTES=1440
2025-11-25 09:37:46,347 - services.jwt_utils - INFO - SECRET_KEY установлена: Да
2025-11-25 09:37:46,347 - services.jwt_utils - INFO - JWTService инициализирован с настройками: {'access_token_expire_minutes': 600, 'refresh_token_expire_days': 1, 'algorithm': 'HS512'}
2025-11-25 09:37:46,425 - api.auth - INFO - Loaded 1 reset tokens from storage
2025-11-25 09:37:46,485 - chat - INFO - Таблицы успешно созданы или уже существуют.
2025-11-25 09:37:46,485 - chat - INFO - Initializing user statuses for existing chats...
2025-11-25 09:37:46,502 - chat - INFO - User statuses initialized successfully
2025-11-25 09:37:46,588 - api.faqs - INFO - SQLAlchemy version: 2.0.41
2025-11-25 09:37:46,618 - api.faqs - INFO - Текущие столбцы таблицы faqs: ['id', 'question', 'answer', 'category', 'created_at', 'updated_at', 'views_count', 'helpful_count', 'not_helpful_count', 'content_html', 'department', 'is_general']
2025-11-25 09:39:32,247 - services.admin_manager - INFO - 🔧 AdminManager using database: portaladmins_db at localhost:5432
2025-11-25 09:39:32,303 - services.admin_manager - INFO - 📋 Admin table columns: ['id', 'username', 'service_id', 'is_active', 'permissions', 'created_at', 'updated_at', 'email']
2025-11-25 09:39:32,306 - services.admin_manager - WARNING - Таблица 'reset_tokens' не найдена в базе данных
2025-11-25 09:39:32,384 - services.jwt_utils - INFO - JWT Configuration: ALGORITHM=HS256, ACCESS_TOKEN_EXPIRE_MINUTES=1440
2025-11-25 09:39:32,384 - services.jwt_utils - INFO - SECRET_KEY установлена: Да
2025-11-25 09:39:32,384 - services.jwt_utils - INFO - JWTService инициализирован с настройками: {'access_token_expire_minutes': 600, 'refresh_token_expire_days': 1, 'algorithm': 'HS512'}
2025-11-25 09:39:32,453 - api.auth - INFO - Loaded 1 reset tokens from storage
2025-11-25 09:39:32,511 - chat - INFO - Таблицы успешно созданы или уже существуют.
2025-11-25 09:39:32,511 - chat - INFO - Initializing user statuses for existing chats...
2025-11-25 09:39:32,527 - chat - INFO - User statuses initialized successfully
2025-11-25 09:39:32,618 - api.faqs - INFO - SQLAlchemy version: 2.0.41
2025-11-25 09:39:32,652 - api.faqs - INFO - Текущие столбцы таблицы faqs: ['id', 'question', 'answer', 'category', 'created_at', 'updated_at', 'views_count', 'helpful_count', 'not_helpful_count', 'content_html', 'department', 'is_general']
2025-11-25 09:47:06,263 - services.admin_manager - INFO - 🔧 AdminManager using database: portaladmins_db at localhost:5432
2025-11-25 09:47:06,326 - services.admin_manager - INFO - 📋 Admin table columns: ['id', 'username', 'service_id', 'is_active', 'permissions', 'created_at', 'updated_at', 'email']
2025-11-25 09:47:06,329 - services.admin_manager - WARNING - Таблица 'reset_tokens' не найдена в базе данных
2025-11-25 09:47:06,424 - services.jwt_utils - INFO - JWT Configuration: ALGORITHM=HS256, ACCESS_TOKEN_EXPIRE_MINUTES=1440
2025-11-25 09:47:06,424 - services.jwt_utils - INFO - SECRET_KEY установлена: Да
2025-11-25 09:47:06,425 - services.jwt_utils - INFO - JWTService инициализирован с настройками: {'access_token_expire_minutes': 600, 'refresh_token_expire_days': 1, 'algorithm': 'HS512'}
2025-11-25 09:47:06,502 - api.auth - INFO - Loaded 1 reset tokens from storage
2025-11-25 09:47:06,561 - chat - INFO - Таблицы успешно созданы или уже существуют.
2025-11-25 09:47:06,562 - chat - INFO - Initializing user statuses for existing chats...
2025-11-25 09:47:06,579 - chat - INFO - User statuses initialized successfully
2025-11-25 09:47:06,671 - api.faqs - INFO - SQLAlchemy version: 2.0.41
2025-11-25 09:47:06,709 - api.faqs - INFO - Текущие столбцы таблицы faqs: ['id', 'question', 'answer', 'category', 'created_at', 'updated_at', 'views_count', 'helpful_count', 'not_helpful_count', 'content_html', 'department', 'is_general']
2025-11-25 09:51:51,982 - services.admin_manager - INFO - 🔧 AdminManager using database: portaladmins_db at localhost:5432
2025-11-25 09:51:52,043 - services.admin_manager - INFO - 📋 Admin table columns: ['id', 'username', 'service_id', 'is_active', 'permissions', 'created_at', 'updated_at', 'email']
2025-11-25 09:51:52,046 - services.admin_manager - WARNING - Таблица 'reset_tokens' не найдена в базе данных
2025-11-25 09:51:52,132 - services.jwt_utils - INFO - JWT Configuration: ALGORITHM=HS256, ACCESS_TOKEN_EXPIRE_MINUTES=1440
2025-11-25 09:51:52,133 - services.jwt_utils - INFO - SECRET_KEY установлена: Да
2025-11-25 09:51:52,133 - services.jwt_utils - INFO - JWTService инициализирован с настройками: {'access_token_expire_minutes': 600, 'refresh_token_expire_days': 1, 'algorithm': 'HS512'}
2025-11-25 09:51:52,206 - api.auth - INFO - Loaded 1 reset tokens from storage
2025-11-25 09:51:52,265 - chat - INFO - Таблицы успешно созданы или уже существуют.
2025-11-25 09:51:52,265 - chat - INFO - Initializing user statuses for existing chats...
2025-11-25 09:51:52,282 - chat - INFO - User statuses initialized successfully
2025-11-25 09:51:52,371 - api.faqs - INFO - SQLAlchemy version: 2.0.41
2025-11-25 09:51:52,400 - api.faqs - INFO - Текущие столбцы таблицы faqs: ['id', 'question', 'answer', 'category', 'created_at', 'updated_at', 'views_count', 'helpful_count', 'not_helpful_count', 'content_html', 'department', 'is_general']
2025-11-25 10:11:03,046 - services.admin_manager - INFO - 🔧 AdminManager using database: portaladmins_db at localhost:5432
2025-11-25 10:11:03,109 - services.admin_manager - INFO - 📋 Admin table columns: ['id', 'username', 'service_id', 'is_active', 'permissions', 'created_at', 'updated_at', 'email']
2025-11-25 10:11:03,112 - services.admin_manager - WARNING - Таблица 'reset_tokens' не найдена в базе данных
2025-11-25 10:11:03,205 - services.jwt_utils - INFO - JWT Configuration: ALGORITHM=HS256, ACCESS_TOKEN_EXPIRE_MINUTES=1440
2025-11-25 10:11:03,205 - services.jwt_utils - INFO - SECRET_KEY установлена: Да
2025-11-25 10:11:03,206 - services.jwt_utils - INFO - JWTService инициализирован с настройками: {'access_token_expire_minutes': 600, 'refresh_token_expire_days': 1, 'algorithm': 'HS512'}
2025-11-25 10:11:03,282 - api.auth - INFO - Loaded 1 reset tokens from storage
2025-11-25 10:11:03,340 - chat - INFO - Таблицы успешно созданы или уже существуют.
2025-11-25 10:11:03,340 - chat - INFO - Initializing user statuses for existing chats...
2025-11-25 10:11:03,355 - chat - INFO - User statuses initialized successfully
2025-11-25 10:11:03,441 - api.faqs - INFO - SQLAlchemy version: 2.0.41
2025-11-25 10:11:03,476 - api.faqs - INFO - Текущие столбцы таблицы faqs: ['id', 'question', 'answer', 'category', 'created_at', 'updated_at', 'views_count', 'helpful_count', 'not_helpful_count', 'content_html', 'department', 'is_general']
2025-11-25 10:12:31,404 - services.admin_manager - INFO - 🔧 AdminManager using database: portaladmins_db at localhost:5432
2025-11-25 10:12:31,479 - services.admin_manager - INFO - 📋 Admin table columns: ['id', 'username', 'service_id', 'is_active', 'permissions', 'created_at', 'updated_at', 'email']
2025-11-25 10:12:31,482 - services.admin_manager - WARNING - Таблица 'reset_tokens' не найдена в базе данных
2025-11-25 10:12:31,573 - services.jwt_utils - INFO - JWT Configuration: ALGORITHM=HS256, ACCESS_TOKEN_EXPIRE_MINUTES=1440
2025-11-25 10:12:31,574 - services.jwt_utils - INFO - SECRET_KEY установлена: Да
2025-11-25 10:12:31,574 - services.jwt_utils - INFO - JWTService инициализирован с настройками: {'access_token_expire_minutes': 600, 'refresh_token_expire_days': 1, 'algorithm': 'HS512'}
2025-11-25 10:12:31,649 - api.auth - INFO - Loaded 1 reset tokens from storage
2025-11-25 10:12:31,716 - chat - INFO - Таблицы успешно созданы или уже существуют.
2025-11-25 10:12:31,717 - chat - INFO - Initializing user statuses for existing chats...
2025-11-25 10:12:31,732 - chat - INFO - User statuses initialized successfully
2025-11-25 10:12:31,822 - api.faqs - INFO - SQLAlchemy version: 2.0.41
2025-11-25 10:12:31,853 - api.faqs - INFO - Текущие столбцы таблицы faqs: ['id', 'question', 'answer', 'category', 'created_at', 'updated_at', 'views_count', 'helpful_count', 'not_helpful_count', 'content_html', 'department', 'is_general']
2025-11-25 10:19:47,205 - services.admin_manager - INFO - 🔧 AdminManager using database: portaladmins_db at localhost:5432
2025-11-25 10:19:47,255 - services.admin_manager - INFO - 📋 Admin table columns: ['id', 'username', 'service_id', 'is_active', 'permissions', 'created_at', 'updated_at', 'email']
2025-11-25 10:19:47,257 - services.admin_manager - WARNING - Таблица 'reset_tokens' не найдена в базе данных
2025-11-25 10:19:47,333 - services.jwt_utils - INFO - JWT Configuration: ALGORITHM=HS256, ACCESS_TOKEN_EXPIRE_MINUTES=1440
2025-11-25 10:19:47,333 - services.jwt_utils - INFO - SECRET_KEY установлена: Да
2025-11-25 10:19:47,334 - services.jwt_utils - INFO - JWTService инициализирован с настройками: {'access_token_expire_minutes': 600, 'refresh_token_expire_days': 1, 'algorithm': 'HS512'}
2025-11-25 10:19:47,404 - api.auth - INFO - Loaded 1 reset tokens from storage
2025-11-25 10:19:47,458 - chat - INFO - Таблицы успешно созданы или уже существуют.
2025-11-25 10:19:47,458 - chat - INFO - Initializing user statuses for existing chats...
2025-11-25 10:19:47,472 - chat - INFO - User statuses initialized successfully
2025-11-25 10:19:47,551 - api.faqs - INFO - SQLAlchemy version: 2.0.41
2025-11-25 10:19:47,577 - api.faqs - INFO - Текущие столбцы таблицы faqs: ['id', 'question', 'answer', 'category', 'created_at', 'updated_at', 'views_count', 'helpful_count', 'not_helpful_count', 'content_html', 'department', 'is_general']
2025-11-25 10:26:30,093 - services.admin_manager - INFO - 🔧 AdminManager using database: portaladmins_db at localhost:5432
2025-11-25 10:26:30,154 - services.admin_manager - INFO - 📋 Admin table columns: ['id', 'username', 'service_id', 'is_active', 'permissions', 'created_at', 'updated_at', 'email']
2025-11-25 10:26:30,157 - services.admin_manager - WARNING - Таблица 'reset_tokens' не найдена в базе данных
2025-11-25 10:26:30,237 - services.jwt_utils - INFO - JWT Configuration: ALGORITHM=HS256, ACCESS_TOKEN_EXPIRE_MINUTES=1440
2025-11-25 10:26:30,238 - services.jwt_utils - INFO - SECRET_KEY установлена: Да
2025-11-25 10:26:30,238 - services.jwt_utils - INFO - JWTService инициализирован с настройками: {'access_token_expire_minutes': 600, 'refresh_token_expire_days': 1, 'algorithm': 'HS512'}
2025-11-25 10:26:30,312 - api.auth - INFO - Loaded 1 reset tokens from storage
2025-11-25 10:26:30,374 - chat - INFO - Таблицы успешно созданы или уже существуют.
2025-11-25 10:26:30,374 - chat - INFO - Initializing user statuses for existing chats...
2025-11-25 10:26:30,391 - chat - INFO - User statuses initialized successfully
2025-11-25 10:26:30,484 - api.faqs - INFO - SQLAlchemy version: 2.0.41
2025-11-25 10:26:30,515 - api.faqs - INFO - Текущие столбцы таблицы faqs: ['id', 'question', 'answer', 'category', 'created_at', 'updated_at', 'views_count', 'helpful_count', 'not_helpful_count', 'content_html', 'department', 'is_general']
2025-11-25 10:27:33,189 - services.admin_manager - INFO - 🔧 AdminManager using database: portaladmins_db at localhost:5432
2025-11-25 10:27:33,253 - services.admin_manager - INFO - 📋 Admin table columns: ['id', 'username', 'service_id', 'is_active', 'permissions', 'created_at', 'updated_at', 'email']
2025-11-25 10:27:33,256 - services.admin_manager - WARNING - Таблица 'reset_tokens' не найдена в базе данных
2025-11-25 10:27:33,348 - services.jwt_utils - INFO - JWT Configuration: ALGORITHM=HS256, ACCESS_TOKEN_EXPIRE_MINUTES=1440
2025-11-25 10:27:33,349 - services.jwt_utils - INFO - SECRET_KEY установлена: Да
2025-11-25 10:27:33,349 - services.jwt_utils - INFO - JWTService инициализирован с настройками: {'access_token_expire_minutes': 600, 'refresh_token_expire_days': 1, 'algorithm': 'HS512'}
2025-11-25 10:27:33,422 - api.auth - INFO - Loaded 1 reset tokens from storage
2025-11-25 10:27:33,480 - chat - INFO - Таблицы успешно созданы или уже существуют.
2025-11-25 10:27:33,481 - chat - INFO - Initializing user statuses for existing chats...
2025-11-25 10:27:33,496 - chat - INFO - User statuses initialized successfully
2025-11-25 10:27:33,581 - api.faqs - INFO - SQLAlchemy version: 2.0.41
2025-11-25 10:27:33,610 - api.faqs - INFO - Текущие столбцы таблицы faqs: ['id', 'question', 'answer', 'category', 'created_at', 'updated_at', 'views_count', 'helpful_count', 'not_helpful_count', 'content_html', 'department', 'is_general']
2025-11-25 11:54:11,220 - services.admin_manager - INFO - 🔧 AdminManager using database: portaladmins_db at localhost:5432
2025-11-25 11:54:11,285 - services.admin_manager - INFO - 📋 Admin table columns: ['id', 'username', 'service_id', 'is_active', 'permissions', 'created_at', 'updated_at', 'email']
2025-11-25 11:54:11,288 - services.admin_manager - WARNING - Таблица 'reset_tokens' не найдена в базе данных
2025-11-25 11:54:11,378 - services.jwt_utils - INFO - JWT Configuration: ALGORITHM=HS256, ACCESS_TOKEN_EXPIRE_MINUTES=1440
2025-11-25 11:54:11,378 - services.jwt_utils - INFO - SECRET_KEY установлена: Да
2025-11-25 11:54:11,378 - services.jwt_utils - INFO - JWTService инициализирован с настройками: {'access_token_expire_minutes': 600, 'refresh_token_expire_days': 1, 'algorithm': 'HS512'}
2025-11-25 11:54:11,451 - api.auth - INFO - Loaded 1 reset tokens from storage
2025-11-25 11:54:11,514 - chat - INFO - Таблицы успешно созданы или уже существуют.
2025-11-25 11:54:11,515 - chat - INFO - Initializing user statuses for existing chats...
2025-11-25 11:54:11,534 - chat - INFO - User statuses initialized successfully
2025-11-25 11:54:11,621 - api.faqs - INFO - SQLAlchemy version: 2.0.41
2025-11-25 11:54:11,652 - api.faqs - INFO - Текущие столбцы таблицы faqs: ['id', 'question', 'answer', 'category', 'created_at', 'updated_at', 'views_count', 'helpful_count', 'not_helpful_count', 'content_html', 'department', 'is_general']
2025-11-25 11:57:03,127 - services.admin_manager - INFO - 🔧 AdminManager using database: portaladmins_db at localhost:5432
2025-11-25 11:57:03,182 - services.admin_manager - INFO - 📋 Admin table columns: ['id', 'username', 'service_id', 'is_active', 'permissions', 'created_at', 'updated_at', 'email']
2025-11-25 11:57:03,184 - services.admin_manager - WARNING - Таблица 'reset_tokens' не найдена в базе данных
2025-11-25 11:57:03,265 - services.jwt_utils - INFO - JWT Configuration: ALGORITHM=HS256, ACCESS_TOKEN_EXPIRE_MINUTES=1440
2025-11-25 11:57:03,265 - services.jwt_utils - INFO - SECRET_KEY установлена: Да
2025-11-25 11:57:03,265 - services.jwt_utils - INFO - JWTService инициализирован с настройками: {'access_token_expire_minutes': 600, 'refresh_token_expire_days': 1, 'algorithm': 'HS512'}
2025-11-25 11:57:03,334 - api.auth - INFO - Loaded 1 reset tokens from storage
2025-11-25 11:57:03,395 - chat - INFO - Таблицы успешно созданы или уже существуют.
2025-11-25 11:57:03,396 - chat - INFO - Initializing user statuses for existing chats...
2025-11-25 11:57:03,412 - chat - INFO - User statuses initialized successfully
2025-11-25 11:57:03,504 - api.faqs - INFO - SQLAlchemy version: 2.0.41
2025-11-25 11:57:03,534 - api.faqs - INFO - Текущие столбцы таблицы faqs: ['id', 'question', 'answer', 'category', 'created_at', 'updated_at', 'views_count', 'helpful_count', 'not_helpful_count', 'content_html', 'department', 'is_general']
2025-11-25 12:03:15,789 - services.admin_manager - INFO - 🔧 AdminManager using database: portaladmins_db at localhost:5432
2025-11-25 12:03:15,840 - services.admin_manager - INFO - 📋 Admin table columns: ['id', 'username', 'service_id', 'is_active', 'permissions', 'created_at', 'updated_at', 'email']
2025-11-25 12:03:15,844 - services.admin_manager - WARNING - Таблица 'reset_tokens' не найдена в базе данных
2025-11-25 12:03:15,932 - services.jwt_utils - INFO - JWT Configuration: ALGORITHM=HS256, ACCESS_TOKEN_EXPIRE_MINUTES=1440
2025-11-25 12:03:15,932 - services.jwt_utils - INFO - SECRET_KEY установлена: Да
2025-11-25 12:03:15,932 - services.jwt_utils - INFO - JWTService инициализирован с настройками: {'access_token_expire_minutes': 600, 'refresh_token_expire_days': 1, 'algorithm': 'HS512'}
2025-11-25 12:03:16,012 - api.auth - INFO - Loaded 1 reset tokens from storage
2025-11-25 12:03:16,071 - chat - INFO - Таблицы успешно созданы или уже существуют.
2025-11-25 12:03:16,071 - chat - INFO - Initializing user statuses for existing chats...
2025-11-25 12:03:16,087 - chat - INFO - User statuses initialized successfully
2025-11-25 12:03:16,169 - api.faqs - INFO - SQLAlchemy version: 2.0.41
2025-11-25 12:03:16,200 - api.faqs - INFO - Текущие столбцы таблицы faqs: ['id', 'question', 'answer', 'category', 'created_at', 'updated_at', 'views_count', 'helpful_count', 'not_helpful_count', 'content_html', 'department', 'is_general']
2025-11-25 12:05:02,389 - services.admin_manager - INFO - 🔧 AdminManager using database: portaladmins_db at localhost:5432
2025-11-25 12:05:02,447 - services.admin_manager - INFO - 📋 Admin table columns: ['id', 'username', 'service_id', 'is_active', 'permissions', 'created_at', 'updated_at', 'email']
2025-11-25 12:05:02,449 - services.admin_manager - WARNING - Таблица 'reset_tokens' не найдена в базе данных
2025-11-25 12:05:02,532 - services.jwt_utils - INFO - JWT Configuration: ALGORITHM=HS256, ACCESS_TOKEN_EXPIRE_MINUTES=1440
2025-11-25 12:05:02,532 - services.jwt_utils - INFO - SECRET_KEY установлена: Да
2025-11-25 12:05:02,533 - services.jwt_utils - INFO - JWTService инициализирован с настройками: {'access_token_expire_minutes': 600, 'refresh_token_expire_days': 1, 'algorithm': 'HS512'}
2025-11-25 12:05:02,606 - api.auth - INFO - Loaded 1 reset tokens from storage
2025-11-25 12:05:02,664 - chat - INFO - Таблицы успешно созданы или уже существуют.
2025-11-25 12:05:02,665 - chat - INFO - Initializing user statuses for existing chats...
2025-11-25 12:05:02,679 - chat - INFO - User statuses initialized successfully
2025-11-25 12:05:02,777 - api.faqs - INFO - SQLAlchemy version: 2.0.41
2025-11-25 12:05:02,810 - api.faqs - INFO - Текущие столбцы таблицы faqs: ['id', 'question', 'answer', 'category', 'created_at', 'updated_at', 'views_count', 'helpful_count', 'not_helpful_count', 'content_html', 'department', 'is_general']
2025-11-25 12:14:44,433 - services.admin_manager - INFO - 🔧 AdminManager using database: portaladmins_db at localhost:5432
2025-11-25 12:14:44,505 - services.admin_manager - INFO - 📋 Admin table columns: ['id', 'username', 'service_id', 'is_active', 'permissions', 'created_at', 'updated_at', 'email']
2025-11-25 12:14:44,508 - services.admin_manager - WARNING - Таблица 'reset_tokens' не найдена в базе данных
2025-11-25 12:14:44,595 - services.jwt_utils - INFO - JWT Configuration: ALGORITHM=HS256, ACCESS_TOKEN_EXPIRE_MINUTES=1440
2025-11-25 12:14:44,596 - services.jwt_utils - INFO - SECRET_KEY установлена: Да
2025-11-25 12:14:44,596 - services.jwt_utils - INFO - JWTService инициализирован с настройками: {'access_token_expire_minutes': 600, 'refresh_token_expire_days': 1, 'algorithm': 'HS512'}
2025-11-25 12:14:44,678 - api.auth - INFO - Loaded 1 reset tokens from storage
2025-11-25 12:14:44,738 - chat - INFO - Таблицы успешно созданы или уже существуют.
2025-11-25 12:14:44,738 - chat - INFO - Initializing user statuses for existing chats...
2025-11-25 12:14:44,757 - chat - INFO - User statuses initialized successfully
2025-11-25 12:14:44,852 - api.faqs - INFO - SQLAlchemy version: 2.0.41
2025-11-25 12:14:44,886 - api.faqs - INFO - Текущие столбцы таблицы faqs: ['id', 'question', 'answer', 'category', 'created_at', 'updated_at', 'views_count', 'helpful_count', 'not_helpful_count', 'content_html', 'department', 'is_general']
2025-11-25 12:18:19,789 - services.admin_manager - INFO - 🔧 AdminManager using database: portaladmins_db at localhost:5432
2025-11-25 12:18:19,839 - services.admin_manager - INFO - 📋 Admin table columns: ['id', 'username', 'service_id', 'is_active', 'permissions', 'created_at', 'updated_at', 'email']
2025-11-25 12:18:19,842 - services.admin_manager - WARNING - Таблица 'reset_tokens' не найдена в базе данных
2025-11-25 12:18:19,920 - services.jwt_utils - INFO - JWT Configuration: ALGORITHM=HS256, ACCESS_TOKEN_EXPIRE_MINUTES=1440
2025-11-25 12:18:19,920 - services.jwt_utils - INFO - SECRET_KEY установлена: Да
2025-11-25 12:18:19,920 - services.jwt_utils - INFO - JWTService инициализирован с настройками: {'access_token_expire_minutes': 600, 'refresh_token_expire_days': 1, 'algorithm': 'HS512'}
2025-11-25 12:18:19,990 - api.auth - INFO - Loaded 1 reset tokens from storage
2025-11-25 12:18:20,046 - chat - INFO - Таблицы успешно созданы или уже существуют.
2025-11-25 12:18:20,047 - chat - INFO - Initializing user statuses for existing chats...
2025-11-25 12:18:20,062 - chat - INFO - User statuses initialized successfully
2025-11-25 12:18:20,145 - api.faqs - INFO - SQLAlchemy version: 2.0.41
2025-11-25 12:18:20,173 - api.faqs - INFO - Текущие столбцы таблицы faqs: ['id', 'question', 'answer', 'category', 'created_at', 'updated_at', 'views_count', 'helpful_count', 'not_helpful_count', 'content_html', 'department', 'is_general']
2025-11-25 12:18:42,570 - services.admin_manager - INFO - 🔧 AdminManager using database: portaladmins_db at localhost:5432
2025-11-25 12:18:42,626 - services.admin_manager - INFO - 📋 Admin table columns: ['id', 'username', 'service_id', 'is_active', 'permissions', 'created_at', 'updated_at', 'email']
2025-11-25 12:18:42,629 - services.admin_manager - WARNING - Таблица 'reset_tokens' не найдена в базе данных
2025-11-25 12:18:42,718 - services.jwt_utils - INFO - JWT Configuration: ALGORITHM=HS256, ACCESS_TOKEN_EXPIRE_MINUTES=1440
2025-11-25 12:18:42,718 - services.jwt_utils - INFO - SECRET_KEY установлена: Да
2025-11-25 12:18:42,719 - services.jwt_utils - INFO - JWTService инициализирован с настройками: {'access_token_expire_minutes': 600, 'refresh_token_expire_days': 1, 'algorithm': 'HS512'}
2025-11-25 12:18:42,796 - api.auth - INFO - Loaded 1 reset tokens from storage
2025-11-25 12:18:42,860 - chat - INFO - Таблицы успешно созданы или уже существуют.
2025-11-25 12:18:42,861 - chat - INFO - Initializing user statuses for existing chats...
2025-11-25 12:18:42,874 - chat - INFO - User statuses initialized successfully
2025-11-25 12:18:42,959 - api.faqs - INFO - SQLAlchemy version: 2.0.41
2025-11-25 12:18:42,986 - api.faqs - INFO - Текущие столбцы таблицы faqs: ['id', 'question', 'answer', 'category', 'created_at', 'updated_at', 'views_count', 'helpful_count', 'not_helpful_count', 'content_html', 'department', 'is_general']
2025-11-25 12:20:37,218 - services.admin_manager - INFO - 🔧 AdminManager using database: portaladmins_db at localhost:5432
2025-11-25 12:20:37,276 - services.admin_manager - INFO - 📋 Admin table columns: ['id', 'username', 'service_id', 'is_active', 'permissions', 'created_at', 'updated_at', 'email']
2025-11-25 12:20:37,278 - services.admin_manager - WARNING - Таблица 'reset_tokens' не найдена в базе данных
2025-11-25 12:20:37,359 - services.jwt_utils - INFO - JWT Configuration: ALGORITHM=HS256, ACCESS_TOKEN_EXPIRE_MINUTES=1440
2025-11-25 12:20:37,359 - services.jwt_utils - INFO - SECRET_KEY установлена: Да
2025-11-25 12:20:37,360 - services.jwt_utils - INFO - JWTService инициализирован с настройками: {'access_token_expire_minutes': 600, 'refresh_token_expire_days': 1, 'algorithm': 'HS512'}
2025-11-25 12:20:37,430 - api.auth - INFO - Loaded 1 reset tokens from storage
2025-11-25 12:20:37,492 - chat - INFO - Таблицы успешно созданы или уже существуют.
2025-11-25 12:20:37,492 - chat - INFO - Initializing user statuses for existing chats...
2025-11-25 12:20:37,512 - chat - INFO - User statuses initialized successfully
2025-11-25 12:20:37,597 - api.faqs - INFO - SQLAlchemy version: 2.0.41
2025-11-25 12:20:37,626 - api.faqs - INFO - Текущие столбцы таблицы faqs: ['id', 'question', 'answer', 'category', 'created_at', 'updated_at', 'views_count', 'helpful_count', 'not_helpful_count', 'content_html', 'department', 'is_general']
2025-11-25 12:23:59,397 - services.admin_manager - INFO - 🔧 AdminManager using database: portaladmins_db at localhost:5432
2025-11-25 12:23:59,456 - services.admin_manager - INFO - 📋 Admin table columns: ['id', 'username', 'service_id', 'is_active', 'permissions', 'created_at', 'updated_at', 'email']
2025-11-25 12:23:59,458 - services.admin_manager - WARNING - Таблица 'reset_tokens' не найдена в базе данных
2025-11-25 12:23:59,548 - services.jwt_utils - INFO - JWT Configuration: ALGORITHM=HS256, ACCESS_TOKEN_EXPIRE_MINUTES=1440
2025-11-25 12:23:59,548 - services.jwt_utils - INFO - SECRET_KEY установлена: Да
2025-11-25 12:23:59,549 - services.jwt_utils - INFO - JWTService инициализирован с настройками: {'access_token_expire_minutes': 600, 'refresh_token_expire_days': 1, 'algorithm': 'HS512'}
2025-11-25 12:23:59,631 - api.auth - INFO - Loaded 1 reset tokens from storage
2025-11-25 12:23:59,693 - chat - INFO - Таблицы успешно созданы или уже существуют.
2025-11-25 12:23:59,693 - chat - INFO - Initializing user statuses for existing chats...
2025-11-25 12:23:59,710 - chat - INFO - User statuses initialized successfully
2025-11-25 12:23:59,809 - api.faqs - INFO - SQLAlchemy version: 2.0.41
2025-11-25 12:23:59,846 - api.faqs - INFO - Текущие столбцы таблицы faqs: ['id', 'question', 'answer', 'category', 'created_at', 'updated_at', 'views_count', 'helpful_count', 'not_helpful_count', 'content_html', 'department', 'is_general']
2025-11-25 12:24:26,003 - services.admin_manager - INFO - 🔧 AdminManager using database: portaladmins_db at localhost:5432
2025-11-25 12:24:26,061 - services.admin_manager - INFO - 📋 Admin table columns: ['id', 'username', 'service_id', 'is_active', 'permissions', 'created_at', 'updated_at', 'email']
2025-11-25 12:24:26,066 - services.admin_manager - WARNING - Таблица 'reset_tokens' не найдена в базе данных
2025-11-25 12:24:26,147 - services.jwt_utils - INFO - JWT Configuration: ALGORITHM=HS256, ACCESS_TOKEN_EXPIRE_MINUTES=1440
2025-11-25 12:24:26,148 - services.jwt_utils - INFO - SECRET_KEY установлена: Да
2025-11-25 12:24:26,148 - services.jwt_utils - INFO - JWTService инициализирован с настройками: {'access_token_expire_minutes': 600, 'refresh_token_expire_days': 1, 'algorithm': 'HS512'}
2025-11-25 12:24:26,223 - api.auth - INFO - Loaded 1 reset tokens from storage
2025-11-25 12:24:26,282 - chat - INFO - Таблицы успешно созданы или уже существуют.
2025-11-25 12:24:26,282 - chat - INFO - Initializing user statuses for existing chats...
2025-11-25 12:24:26,301 - chat - INFO - User statuses initialized successfully
2025-11-25 12:24:26,392 - api.faqs - INFO - SQLAlchemy version: 2.0.41
2025-11-25 12:24:26,422 - api.faqs - INFO - Текущие столбцы таблицы faqs: ['id', 'question', 'answer', 'category', 'created_at', 'updated_at', 'views_count', 'helpful_count', 'not_helpful_count', 'content_html', 'department', 'is_general']
2025-11-25 12:26:36,919 - services.admin_manager - INFO - 🔧 AdminManager using database: portaladmins_db at localhost:5432
2025-11-25 12:26:36,980 - services.admin_manager - INFO - 📋 Admin table columns: ['id', 'username', 'service_id', 'is_active', 'permissions', 'created_at', 'updated_at', 'email']
2025-11-25 12:26:36,982 - services.admin_manager - WARNING - Таблица 'reset_tokens' не найдена в базе данных
2025-11-25 12:26:37,070 - services.jwt_utils - INFO - JWT Configuration: ALGORITHM=HS256, ACCESS_TOKEN_EXPIRE_MINUTES=1440
2025-11-25 12:26:37,070 - services.jwt_utils - INFO - SECRET_KEY установлена: Да
2025-11-25 12:26:37,071 - services.jwt_utils - INFO - JWTService инициализирован с настройками: {'access_token_expire_minutes': 600, 'refresh_token_expire_days': 1, 'algorithm': 'HS512'}
2025-11-25 12:26:37,148 - api.auth - INFO - Loaded 1 reset tokens from storage
2025-11-25 12:26:37,208 - chat - INFO - Таблицы успешно созданы или уже существуют.
2025-11-25 12:26:37,209 - chat - INFO - Initializing user statuses for existing chats...
2025-11-25 12:26:37,225 - chat - INFO - User statuses initialized successfully
2025-11-25 12:26:37,320 - api.faqs - INFO - SQLAlchemy version: 2.0.41
2025-11-25 12:26:37,351 - api.faqs - INFO - Текущие столбцы таблицы faqs: ['id', 'question', 'answer', 'category', 'created_at', 'updated_at', 'views_count', 'helpful_count', 'not_helpful_count', 'content_html', 'department', 'is_general']
2025-11-25 12:27:50,231 - services.admin_manager - INFO - 🔧 AdminManager using database: portaladmins_db at localhost:5432
2025-11-25 12:27:50,286 - services.admin_manager - INFO - 📋 Admin table columns: ['id', 'username', 'service_id', 'is_active', 'permissions', 'created_at', 'updated_at', 'email']
2025-11-25 12:27:50,288 - services.admin_manager - WARNING - Таблица 'reset_tokens' не найдена в базе данных
2025-11-25 12:27:50,372 - services.jwt_utils - INFO - JWT Configuration: ALGORITHM=HS256, ACCESS_TOKEN_EXPIRE_MINUTES=1440
2025-11-25 12:27:50,372 - services.jwt_utils - INFO - SECRET_KEY установлена: Да
2025-11-25 12:27:50,373 - services.jwt_utils - INFO - JWTService инициализирован с настройками: {'access_token_expire_minutes': 600, 'refresh_token_expire_days': 1, 'algorithm': 'HS512'}
2025-11-25 12:27:50,446 - api.auth - INFO - Loaded 1 reset tokens from storage
2025-11-25 12:27:50,509 - chat - INFO - Таблицы успешно созданы или уже существуют.
2025-11-25 12:27:50,509 - chat - INFO - Initializing user statuses for existing chats...
2025-11-25 12:27:50,524 - chat - INFO - User statuses initialized successfully
2025-11-25 12:27:50,607 - api.faqs - INFO - SQLAlchemy version: 2.0.41
2025-11-25 12:27:50,633 - api.faqs - INFO - Текущие столбцы таблицы faqs: ['id', 'question', 'answer', 'category', 'created_at', 'updated_at', 'views_count', 'helpful_count', 'not_helpful_count', 'content_html', 'department', 'is_general']
2025-11-25 12:28:53,894 - services.admin_manager - INFO - 🔧 AdminManager using database: portaladmins_db at localhost:5432
2025-11-25 12:28:53,955 - services.admin_manager - INFO - 📋 Admin table columns: ['id', 'username', 'service_id', 'is_active', 'permissions', 'created_at', 'updated_at', 'email']
2025-11-25 12:28:53,958 - services.admin_manager - WARNING - Таблица 'reset_tokens' не найдена в базе данных
2025-11-25 12:28:54,048 - services.jwt_utils - INFO - JWT Configuration: ALGORITHM=HS256, ACCESS_TOKEN_EXPIRE_MINUTES=1440
2025-11-25 12:28:54,048 - services.jwt_utils - INFO - SECRET_KEY установлена: Да
2025-11-25 12:28:54,048 - services.jwt_utils - INFO - JWTService инициализирован с настройками: {'access_token_expire_minutes': 600, 'refresh_token_expire_days': 1, 'algorithm': 'HS512'}
2025-11-25 12:28:54,122 - api.auth - INFO - Loaded 1 reset tokens from storage
2025-11-25 12:28:54,178 - chat - INFO - Таблицы успешно созданы или уже существуют.
2025-11-25 12:28:54,179 - chat - INFO - Initializing user statuses for existing chats...
2025-11-25 12:28:54,193 - chat - INFO - User statuses initialized successfully
2025-11-25 12:28:54,277 - api.faqs - INFO - SQLAlchemy version: 2.0.41
2025-11-25 12:28:54,307 - api.faqs - INFO - Текущие столбцы таблицы faqs: ['id', 'question', 'answer', 'category', 'created_at', 'updated_at', 'views_count', 'helpful_count', 'not_helpful_count', 'content_html', 'department', 'is_general']
2025-11-25 12:31:00,130 - services.admin_manager - INFO - 🔧 AdminManager using database: portaladmins_db at localhost:5432
2025-11-25 12:31:00,183 - services.admin_manager - INFO - 📋 Admin table columns: ['id', 'username', 'service_id', 'is_active', 'permissions', 'created_at', 'updated_at', 'email']
2025-11-25 12:31:00,186 - services.admin_manager - WARNING - Таблица 'reset_tokens' не найдена в базе данных
2025-11-25 12:31:00,267 - services.jwt_utils - INFO - JWT Configuration: ALGORITHM=HS256, ACCESS_TOKEN_EXPIRE_MINUTES=1440
2025-11-25 12:31:00,267 - services.jwt_utils - INFO - SECRET_KEY установлена: Да
2025-11-25 12:31:00,268 - services.jwt_utils - INFO - JWTService инициализирован с настройками: {'access_token_expire_minutes': 600, 'refresh_token_expire_days': 1, 'algorithm': 'HS512'}
2025-11-25 12:31:00,338 - api.auth - INFO - Loaded 1 reset tokens from storage
2025-11-25 12:31:00,400 - chat - INFO - Таблицы успешно созданы или уже существуют.
2025-11-25 12:31:00,400 - chat - INFO - Initializing user statuses for existing chats...
2025-11-25 12:31:00,418 - chat - INFO - User statuses initialized successfully
2025-11-25 12:31:00,502 - api.faqs - INFO - SQLAlchemy version: 2.0.41
2025-11-25 12:31:00,531 - api.faqs - INFO - Текущие столбцы таблицы faqs: ['id', 'question', 'answer', 'category', 'created_at', 'updated_at', 'views_count', 'helpful_count', 'not_helpful_count', 'content_html', 'department', 'is_general']
2025-11-25 12:32:25,366 - services.admin_manager - INFO - 🔧 AdminManager using database: portaladmins_db at localhost:5432
2025-11-25 12:32:25,414 - services.admin_manager - INFO - 📋 Admin table columns: ['id', 'username', 'service_id', 'is_active', 'permissions', 'created_at', 'updated_at', 'email']
2025-11-25 12:32:25,417 - services.admin_manager - WARNING - Таблица 'reset_tokens' не найдена в базе данных
2025-11-25 12:32:25,493 - services.jwt_utils - INFO - JWT Configuration: ALGORITHM=HS256, ACCESS_TOKEN_EXPIRE_MINUTES=1440
2025-11-25 12:32:25,493 - services.jwt_utils - INFO - SECRET_KEY установлена: Да
2025-11-25 12:32:25,494 - services.jwt_utils - INFO - JWTService инициализирован с настройками: {'access_token_expire_minutes': 600, 'refresh_token_expire_days': 1, 'algorithm': 'HS512'}
2025-11-25 12:32:25,572 - api.auth - INFO - Loaded 1 reset tokens from storage
2025-11-25 12:32:25,629 - chat - INFO - Таблицы успешно созданы или уже существуют.
2025-11-25 12:32:25,629 - chat - INFO - Initializing user statuses for existing chats...
2025-11-25 12:32:25,642 - chat - INFO - User statuses initialized successfully
2025-11-25 12:32:25,725 - api.faqs - INFO - SQLAlchemy version: 2.0.41
2025-11-25 12:32:25,752 - api.faqs - INFO - Текущие столбцы таблицы faqs: ['id', 'question', 'answer', 'category', 'created_at', 'updated_at', 'views_count', 'helpful_count', 'not_helpful_count', 'content_html', 'department', 'is_general']
2025-11-25 12:32:46,683 - services.admin_manager - INFO - 🔧 AdminManager using database: portaladmins_db at localhost:5432
2025-11-25 12:32:46,741 - services.admin_manager - INFO - 📋 Admin table columns: ['id', 'username', 'service_id', 'is_active', 'permissions', 'created_at', 'updated_at', 'email']
2025-11-25 12:32:46,744 - services.admin_manager - WARNING - Таблица 'reset_tokens' не найдена в базе данных
2025-11-25 12:32:46,824 - services.jwt_utils - INFO - JWT Configuration: ALGORITHM=HS256, ACCESS_TOKEN_EXPIRE_MINUTES=1440
2025-11-25 12:32:46,824 - services.jwt_utils - INFO - SECRET_KEY установлена: Да
2025-11-25 12:32:46,825 - services.jwt_utils - INFO - JWTService инициализирован с настройками: {'access_token_expire_minutes': 600, 'refresh_token_expire_days': 1, 'algorithm': 'HS512'}
2025-11-25 12:32:46,895 - api.auth - INFO - Loaded 1 reset tokens from storage
2025-11-25 12:32:46,954 - chat - INFO - Таблицы успешно созданы или уже существуют.
2025-11-25 12:32:46,955 - chat - INFO - Initializing user statuses for existing chats...
2025-11-25 12:32:46,971 - chat - INFO - User statuses initialized successfully
2025-11-25 12:32:47,062 - api.faqs - INFO - SQLAlchemy version: 2.0.41
2025-11-25 12:32:47,089 - api.faqs - INFO - Текущие столбцы таблицы faqs: ['id', 'question', 'answer', 'category', 'created_at', 'updated_at', 'views_count', 'helpful_count', 'not_helpful_count', 'content_html', 'department', 'is_general']
2025-11-25 12:32:58,141 - services.admin_manager - INFO - 🔧 AdminManager using database: portaladmins_db at localhost:5432
2025-11-25 12:32:58,199 - services.admin_manager - INFO - 📋 Admin table columns: ['id', 'username', 'service_id', 'is_active', 'permissions', 'created_at', 'updated_at', 'email']
2025-11-25 12:32:58,202 - services.admin_manager - WARNING - Таблица 'reset_tokens' не найдена в базе данных
2025-11-25 12:32:58,283 - services.jwt_utils - INFO - JWT Configuration: ALGORITHM=HS256, ACCESS_TOKEN_EXPIRE_MINUTES=1440
2025-11-25 12:32:58,283 - services.jwt_utils - INFO - SECRET_KEY установлена: Да
2025-11-25 12:32:58,283 - services.jwt_utils - INFO - JWTService инициализирован с настройками: {'access_token_expire_minutes': 600, 'refresh_token_expire_days': 1, 'algorithm': 'HS512'}
2025-11-25 12:32:58,352 - api.auth - INFO - Loaded 1 reset tokens from storage
2025-11-25 12:32:58,414 - chat - INFO - Таблицы успешно созданы или уже существуют.
2025-11-25 12:32:58,415 - chat - INFO - Initializing user statuses for existing chats...
2025-11-25 12:32:58,429 - chat - INFO - User statuses initialized successfully
2025-11-25 12:32:58,513 - api.faqs - INFO - SQLAlchemy version: 2.0.41
2025-11-25 12:32:58,541 - api.faqs - INFO - Текущие столбцы таблицы faqs: ['id', 'question', 'answer', 'category', 'created_at', 'updated_at', 'views_count', 'helpful_count', 'not_helpful_count', 'content_html', 'department', 'is_general']
2025-11-25 13:14:45,927 - services.admin_manager - INFO - 🔧 AdminManager using database: portaladmins_db at localhost:5432
2025-11-25 13:14:45,983 - services.admin_manager - INFO - 📋 Admin table columns: ['id', 'username', 'service_id', 'is_active', 'permissions', 'created_at', 'updated_at', 'email']
2025-11-25 13:14:45,985 - services.admin_manager - WARNING - Таблица 'reset_tokens' не найдена в базе данных
2025-11-25 13:14:46,063 - services.jwt_utils - INFO - JWT Configuration: ALGORITHM=HS256, ACCESS_TOKEN_EXPIRE_MINUTES=1440
2025-11-25 13:14:46,064 - services.jwt_utils - INFO - SECRET_KEY установлена: Да
2025-11-25 13:14:46,064 - services.jwt_utils - INFO - JWTService инициализирован с настройками: {'access_token_expire_minutes': 600, 'refresh_token_expire_days': 1, 'algorithm': 'HS512'}
2025-11-25 13:14:46,134 - api.auth - INFO - Loaded 1 reset tokens from storage
2025-11-25 13:14:46,191 - chat - INFO - Таблицы успешно созданы или уже существуют.
2025-11-25 13:14:46,192 - chat - INFO - Initializing user statuses for existing chats...
2025-11-25 13:14:46,207 - chat - INFO - User statuses initialized successfully
2025-11-25 13:14:46,288 - api.faqs - INFO - SQLAlchemy version: 2.0.41
2025-11-25 13:14:46,317 - api.faqs - INFO - Текущие столбцы таблицы faqs: ['id', 'question', 'answer', 'category', 'created_at', 'updated_at', 'views_count', 'helpful_count', 'not_helpful_count', 'content_html', 'department', 'is_general']
2025-11-25 13:24:02,622 - services.admin_manager - INFO - 🔧 AdminManager using database: portaladmins_db at localhost:5432
2025-11-25 13:24:02,676 - services.admin_manager - INFO - 📋 Admin table columns: ['id', 'username', 'service_id', 'is_active', 'permissions', 'created_at', 'updated_at', 'email']
2025-11-25 13:24:02,678 - services.admin_manager - WARNING - Таблица 'reset_tokens' не найдена в базе данных
2025-11-25 13:24:02,757 - services.jwt_utils - INFO - JWT Configuration: ALGORITHM=HS256, ACCESS_TOKEN_EXPIRE_MINUTES=1440
2025-11-25 13:24:02,757 - services.jwt_utils - INFO - SECRET_KEY установлена: Да
2025-11-25 13:24:02,758 - services.jwt_utils - INFO - JWTService инициализирован с настройками: {'access_token_expire_minutes': 600, 'refresh_token_expire_days': 1, 'algorithm': 'HS512'}
2025-11-25 13:24:02,828 - api.auth - INFO - Loaded 1 reset tokens from storage
2025-11-25 13:24:02,884 - chat - INFO - Таблицы успешно созданы или уже существуют.
2025-11-25 13:24:02,884 - chat - INFO - Initializing user statuses for existing chats...
2025-11-25 13:24:02,899 - chat - INFO - User statuses initialized successfully
2025-11-25 13:24:02,976 - api.faqs - INFO - SQLAlchemy version: 2.0.41
2025-11-25 13:24:03,006 - api.faqs - INFO - Текущие столбцы таблицы faqs: ['id', 'question', 'answer', 'category', 'created_at', 'updated_at', 'views_count', 'helpful_count', 'not_helpful_count', 'content_html', 'department', 'is_general']
2025-11-25 14:07:51,701 - services.admin_manager - INFO - 🔧 AdminManager using database: portaladmins_db at localhost:5432
2025-11-25 14:07:51,754 - services.admin_manager - INFO - 📋 Admin table columns: ['id', 'username', 'service_id', 'is_active', 'permissions', 'created_at', 'updated_at', 'email']
2025-11-25 14:07:51,756 - services.admin_manager - WARNING - Таблица 'reset_tokens' не найдена в базе данных
2025-11-25 14:07:51,838 - services.jwt_utils - INFO - JWT Configuration: ALGORITHM=HS256, ACCESS_TOKEN_EXPIRE_MINUTES=1440
2025-11-25 14:07:51,838 - services.jwt_utils - INFO - SECRET_KEY установлена: Да
2025-11-25 14:07:51,839 - services.jwt_utils - INFO - JWTService инициализирован с настройками: {'access_token_expire_minutes': 600, 'refresh_token_expire_days': 1, 'algorithm': 'HS512'}
2025-11-25 14:07:51,908 - api.auth - INFO - Loaded 1 reset tokens from storage
2025-11-25 14:07:51,964 - chat - INFO - Таблицы успешно созданы или уже существуют.
2025-11-25 14:07:51,964 - chat - INFO - Initializing user statuses for existing chats...
2025-11-25 14:07:51,981 - chat - INFO - User statuses initialized successfully
2025-11-25 14:07:52,065 - api.faqs - INFO - SQLAlchemy version: 2.0.41
2025-11-25 14:07:52,092 - api.faqs - INFO - Текущие столбцы таблицы faqs: ['id', 'question', 'answer', 'category', 'created_at', 'updated_at', 'views_count', 'helpful_count', 'not_helpful_count', 'content_html', 'department', 'is_general']
2025-11-25 14:11:47,502 - services.admin_manager - INFO - 🔧 AdminManager using database: portaladmins_db at localhost:5432
2025-11-25 14:11:47,567 - services.admin_manager - INFO - 📋 Admin table columns: ['id', 'username', 'service_id', 'is_active', 'permissions', 'created_at', 'updated_at', 'email']
2025-11-25 14:11:47,571 - services.admin_manager - WARNING - Таблица 'reset_tokens' не найдена в базе данных
2025-11-25 14:11:47,656 - services.jwt_utils - INFO - JWT Configuration: ALGORITHM=HS256, ACCESS_TOKEN_EXPIRE_MINUTES=1440
2025-11-25 14:11:47,656 - services.jwt_utils - INFO - SECRET_KEY установлена: Да
2025-11-25 14:11:47,657 - services.jwt_utils - INFO - JWTService инициализирован с настройками: {'access_token_expire_minutes': 600, 'refresh_token_expire_days': 1, 'algorithm': 'HS512'}
2025-11-25 14:11:47,738 - api.auth - INFO - Loaded 1 reset tokens from storage
2025-11-25 14:11:47,802 - chat - INFO - Таблицы успешно созданы или уже существуют.
2025-11-25 14:11:47,803 - chat - INFO - Initializing user statuses for existing chats...
2025-11-25 14:11:47,822 - chat - INFO - User statuses initialized successfully
2025-11-25 14:11:47,913 - api.faqs - INFO - SQLAlchemy version: 2.0.41
2025-11-25 14:11:47,946 - api.faqs - INFO - Текущие столбцы таблицы faqs: ['id', 'question', 'answer', 'category', 'created_at', 'updated_at', 'views_count', 'helpful_count', 'not_helpful_count', 'content_html', 'department', 'is_general']
2025-11-25 14:14:58,818 - services.admin_manager - INFO - 🔧 AdminManager using database: portaladmins_db at localhost:5432
2025-11-25 14:14:58,869 - services.admin_manager - INFO - 📋 Admin table columns: ['id', 'username', 'service_id', 'is_active', 'permissions', 'created_at', 'updated_at', 'email']
2025-11-25 14:14:58,872 - services.admin_manager - WARNING - Таблица 'reset_tokens' не найдена в базе данных
2025-11-25 14:14:58,952 - services.jwt_utils - INFO - JWT Configuration: ALGORITHM=HS256, ACCESS_TOKEN_EXPIRE_MINUTES=1440
2025-11-25 14:14:58,953 - services.jwt_utils - INFO - SECRET_KEY установлена: Да
2025-11-25 14:14:58,953 - services.jwt_utils - INFO - JWTService инициализирован с настройками: {'access_token_expire_minutes': 600, 'refresh_token_expire_days': 1, 'algorithm': 'HS512'}
2025-11-25 14:14:59,027 - api.auth - INFO - Loaded 1 reset tokens from storage
2025-11-25 14:14:59,082 - chat - INFO - Таблицы успешно созданы или уже существуют.
2025-11-25 14:14:59,082 - chat - INFO - Initializing user statuses for existing chats...
2025-11-25 14:14:59,097 - chat - INFO - User statuses initialized successfully
2025-11-25 14:14:59,176 - api.faqs - INFO - SQLAlchemy version: 2.0.41
2025-11-25 14:14:59,201 - api.faqs - INFO - Текущие столбцы таблицы faqs: ['id', 'question', 'answer', 'category', 'created_at', 'updated_at', 'views_count', 'helpful_count', 'not_helpful_count', 'content_html', 'department', 'is_general']
2025-11-25 14:18:49,903 - services.admin_manager - INFO - 🔧 AdminManager using database: portaladmins_db at localhost:5432
2025-11-25 14:18:49,958 - services.admin_manager - INFO - 📋 Admin table columns: ['id', 'username', 'service_id', 'is_active', 'permissions', 'created_at', 'updated_at', 'email']
2025-11-25 14:18:49,961 - services.admin_manager - WARNING - Таблица 'reset_tokens' не найдена в базе данных
2025-11-25 14:18:50,037 - services.jwt_utils - INFO - JWT Configuration: ALGORITHM=HS256, ACCESS_TOKEN_EXPIRE_MINUTES=1440
2025-11-25 14:18:50,038 - services.jwt_utils - INFO - SECRET_KEY установлена: Да
2025-11-25 14:18:50,038 - services.jwt_utils - INFO - JWTService инициализирован с настройками: {'access_token_expire_minutes': 600, 'refresh_token_expire_days': 1, 'algorithm': 'HS512'}
2025-11-25 14:18:50,110 - api.auth - INFO - Loaded 1 reset tokens from storage
2025-11-25 14:18:50,164 - chat - INFO - Таблицы успешно созданы или уже существуют.
2025-11-25 14:18:50,165 - chat - INFO - Initializing user statuses for existing chats...
2025-11-25 14:18:50,180 - chat - INFO - User statuses initialized successfully
2025-11-25 14:18:50,260 - api.faqs - INFO - SQLAlchemy version: 2.0.41
2025-11-25 14:18:50,289 - api.faqs - INFO - Текущие столбцы таблицы faqs: ['id', 'question', 'answer', 'category', 'created_at', 'updated_at', 'views_count', 'helpful_count', 'not_helpful_count', 'content_html', 'department', 'is_general']
2025-11-25 14:21:17,494 - services.admin_manager - INFO - 🔧 AdminManager using database: portaladmins_db at localhost:5432
2025-11-25 14:21:17,556 - services.admin_manager - INFO - 📋 Admin table columns: ['id', 'username', 'service_id', 'is_active', 'permissions', 'created_at', 'updated_at', 'email']
2025-11-25 14:21:17,558 - services.admin_manager - WARNING - Таблица 'reset_tokens' не найдена в базе данных
2025-11-25 14:21:17,641 - services.jwt_utils - INFO - JWT Configuration: ALGORITHM=HS256, ACCESS_TOKEN_EXPIRE_MINUTES=1440
2025-11-25 14:21:17,641 - services.jwt_utils - INFO - SECRET_KEY установлена: Да
2025-11-25 14:21:17,642 - services.jwt_utils - INFO - JWTService инициализирован с настройками: {'access_token_expire_minutes': 600, 'refresh_token_expire_days': 1, 'algorithm': 'HS512'}
2025-11-25 14:21:17,738 - api.auth - INFO - Loaded 1 reset tokens from storage
2025-11-25 14:21:17,815 - chat - INFO - Таблицы успешно созданы или уже существуют.
2025-11-25 14:21:17,815 - chat - INFO - Initializing user statuses for existing chats...
2025-11-25 14:21:17,831 - chat - INFO - User statuses initialized successfully
2025-11-25 14:21:17,919 - api.faqs - INFO - SQLAlchemy version: 2.0.41
2025-11-25 14:21:17,952 - api.faqs - INFO - Текущие столбцы таблицы faqs: ['id', 'question', 'answer', 'category', 'created_at', 'updated_at', 'views_count', 'helpful_count', 'not_helpful_count', 'content_html', 'department', 'is_general']
2025-11-25 14:22:30,813 - services.admin_manager - INFO - 🔧 AdminManager using database: portaladmins_db at localhost:5432
2025-11-25 14:22:30,865 - services.admin_manager - INFO - 📋 Admin table columns: ['id', 'username', 'service_id', 'is_active', 'permissions', 'created_at', 'updated_at', 'email']
2025-11-25 14:22:30,867 - services.admin_manager - WARNING - Таблица 'reset_tokens' не найдена в базе данных
2025-11-25 14:22:30,972 - services.jwt_utils - INFO - JWT Configuration: ALGORITHM=HS256, ACCESS_TOKEN_EXPIRE_MINUTES=1440
2025-11-25 14:22:30,973 - services.jwt_utils - INFO - SECRET_KEY установлена: Да
2025-11-25 14:22:30,973 - services.jwt_utils - INFO - JWTService инициализирован с настройками: {'access_token_expire_minutes': 600, 'refresh_token_expire_days': 1, 'algorithm': 'HS512'}
2025-11-25 14:22:31,068 - api.auth - INFO - Loaded 1 reset tokens from storage
2025-11-25 14:22:31,139 - chat - INFO - Таблицы успешно созданы или уже существуют.
2025-11-25 14:22:31,140 - chat - INFO - Initializing user statuses for existing chats...
2025-11-25 14:22:31,155 - chat - INFO - User statuses initialized successfully
2025-11-25 14:22:31,238 - api.faqs - INFO - SQLAlchemy version: 2.0.41
2025-11-25 14:22:31,267 - api.faqs - INFO - Текущие столбцы таблицы faqs: ['id', 'question', 'answer', 'category', 'created_at', 'updated_at', 'views_count', 'helpful_count', 'not_helpful_count', 'content_html', 'department', 'is_general']
2025-11-25 14:23:03,756 - services.admin_manager - INFO - 🔧 AdminManager using database: portaladmins_db at localhost:5432
2025-11-25 14:23:03,811 - services.admin_manager - INFO - 📋 Admin table columns: ['id', 'username', 'service_id', 'is_active', 'permissions', 'created_at', 'updated_at', 'email']
2025-11-25 14:23:03,813 - services.admin_manager - WARNING - Таблица 'reset_tokens' не найдена в базе данных
2025-11-25 14:23:03,905 - services.jwt_utils - INFO - JWT Configuration: ALGORITHM=HS256, ACCESS_TOKEN_EXPIRE_MINUTES=1440
2025-11-25 14:23:03,905 - services.jwt_utils - INFO - SECRET_KEY установлена: Да
2025-11-25 14:23:03,906 - services.jwt_utils - INFO - JWTService инициализирован с настройками: {'access_token_expire_minutes': 600, 'refresh_token_expire_days': 1, 'algorithm': 'HS512'}
2025-11-25 14:23:03,981 - api.auth - INFO - Loaded 1 reset tokens from storage
2025-11-25 14:23:04,042 - chat - INFO - Таблицы успешно созданы или уже существуют.
2025-11-25 14:23:04,042 - chat - INFO - Initializing user statuses for existing chats...
2025-11-25 14:23:04,061 - chat - INFO - User statuses initialized successfully
2025-11-25 14:23:04,146 - api.faqs - INFO - SQLAlchemy version: 2.0.41
2025-11-25 14:23:04,175 - api.faqs - INFO - Текущие столбцы таблицы faqs: ['id', 'question', 'answer', 'category', 'created_at', 'updated_at', 'views_count', 'helpful_count', 'not_helpful_count', 'content_html', 'department', 'is_general']
2025-11-25 14:23:23,301 - services.admin_manager - INFO - 🔧 AdminManager using database: portaladmins_db at localhost:5432
2025-11-25 14:23:23,354 - services.admin_manager - INFO - 📋 Admin table columns: ['id', 'username', 'service_id', 'is_active', 'permissions', 'created_at', 'updated_at', 'email']
2025-11-25 14:23:23,357 - services.admin_manager - WARNING - Таблица 'reset_tokens' не найдена в базе данных
2025-11-25 14:23:23,436 - services.jwt_utils - INFO - JWT Configuration: ALGORITHM=HS256, ACCESS_TOKEN_EXPIRE_MINUTES=1440
2025-11-25 14:23:23,436 - services.jwt_utils - INFO - SECRET_KEY установлена: Да
2025-11-25 14:23:23,437 - services.jwt_utils - INFO - JWTService инициализирован с настройками: {'access_token_expire_minutes': 600, 'refresh_token_expire_days': 1, 'algorithm': 'HS512'}
2025-11-25 14:23:23,513 - api.auth - INFO - Loaded 1 reset tokens from storage
2025-11-25 14:23:23,566 - chat - INFO - Таблицы успешно созданы или уже существуют.
2025-11-25 14:23:23,567 - chat - INFO - Initializing user statuses for existing chats...
2025-11-25 14:23:23,581 - chat - INFO - User statuses initialized successfully
2025-11-25 14:23:23,660 - api.faqs - INFO - SQLAlchemy version: 2.0.41
2025-11-25 14:23:23,687 - api.faqs - INFO - Текущие столбцы таблицы faqs: ['id', 'question', 'answer', 'category', 'created_at', 'updated_at', 'views_count', 'helpful_count', 'not_helpful_count', 'content_html', 'department', 'is_general']
2025-11-25 14:25:11,761 - services.admin_manager - INFO - 🔧 AdminManager using database: portaladmins_db at localhost:5432
2025-11-25 14:25:11,812 - services.admin_manager - INFO - 📋 Admin table columns: ['id', 'username', 'service_id', 'is_active', 'permissions', 'created_at', 'updated_at', 'email']
2025-11-25 14:25:11,814 - services.admin_manager - WARNING - Таблица 'reset_tokens' не найдена в базе данных
2025-11-25 14:25:11,893 - services.jwt_utils - INFO - JWT Configuration: ALGORITHM=HS256, ACCESS_TOKEN_EXPIRE_MINUTES=1440
2025-11-25 14:25:11,894 - services.jwt_utils - INFO - SECRET_KEY установлена: Да
2025-11-25 14:25:11,894 - services.jwt_utils - INFO - JWTService инициализирован с настройками: {'access_token_expire_minutes': 600, 'refresh_token_expire_days': 1, 'algorithm': 'HS512'}
2025-11-25 14:25:11,968 - api.auth - INFO - Loaded 1 reset tokens from storage
2025-11-25 14:25:12,028 - chat - INFO - Таблицы успешно созданы или уже существуют.
2025-11-25 14:25:12,028 - chat - INFO - Initializing user statuses for existing chats...
2025-11-25 14:25:12,047 - chat - INFO - User statuses initialized successfully
2025-11-25 14:25:12,135 - api.faqs - INFO - SQLAlchemy version: 2.0.41
2025-11-25 14:25:12,167 - api.faqs - INFO - Текущие столбцы таблицы faqs: ['id', 'question', 'answer', 'category', 'created_at', 'updated_at', 'views_count', 'helpful_count', 'not_helpful_count', 'content_html', 'department', 'is_general']
2025-11-25 14:26:11,259 - services.admin_manager - INFO - 🔧 AdminManager using database: portaladmins_db at localhost:5432
2025-11-25 14:26:11,317 - services.admin_manager - INFO - 📋 Admin table columns: ['id', 'username', 'service_id', 'is_active', 'permissions', 'created_at', 'updated_at', 'email']
2025-11-25 14:26:11,319 - services.admin_manager - WARNING - Таблица 'reset_tokens' не найдена в базе данных
2025-11-25 14:26:11,410 - services.jwt_utils - INFO - JWT Configuration: ALGORITHM=HS256, ACCESS_TOKEN_EXPIRE_MINUTES=1440
2025-11-25 14:26:11,411 - services.jwt_utils - INFO - SECRET_KEY установлена: Да
2025-11-25 14:26:11,411 - services.jwt_utils - INFO - JWTService инициализирован с настройками: {'access_token_expire_minutes': 600, 'refresh_token_expire_days': 1, 'algorithm': 'HS512'}
2025-11-25 14:26:11,487 - api.auth - INFO - Loaded 1 reset tokens from storage
2025-11-25 14:26:11,549 - chat - INFO - Таблицы успешно созданы или уже существуют.
2025-11-25 14:26:11,549 - chat - INFO - Initializing user statuses for existing chats...
2025-11-25 14:26:11,565 - chat - INFO - User statuses initialized successfully
2025-11-25 14:26:11,656 - api.faqs - INFO - SQLAlchemy version: 2.0.41
2025-11-25 14:26:11,686 - api.faqs - INFO - Текущие столбцы таблицы faqs: ['id', 'question', 'answer', 'category', 'created_at', 'updated_at', 'views_count', 'helpful_count', 'not_helpful_count', 'content_html', 'department', 'is_general']
2025-11-25 14:26:27,919 - services.admin_manager - INFO - 🔧 AdminManager using database: portaladmins_db at localhost:5432
2025-11-25 14:26:27,976 - services.admin_manager - INFO - 📋 Admin table columns: ['id', 'username', 'service_id', 'is_active', 'permissions', 'created_at', 'updated_at', 'email']
2025-11-25 14:26:27,979 - services.admin_manager - WARNING - Таблица 'reset_tokens' не найдена в базе данных
2025-11-25 14:26:28,070 - services.jwt_utils - INFO - JWT Configuration: ALGORITHM=HS256, ACCESS_TOKEN_EXPIRE_MINUTES=1440
2025-11-25 14:26:28,070 - services.jwt_utils - INFO - SECRET_KEY установлена: Да
2025-11-25 14:26:28,071 - services.jwt_utils - INFO - JWTService инициализирован с настройками: {'access_token_expire_minutes': 600, 'refresh_token_expire_days': 1, 'algorithm': 'HS512'}
2025-11-25 14:26:28,144 - api.auth - INFO - Loaded 1 reset tokens from storage
2025-11-25 14:26:28,201 - chat - INFO - Таблицы успешно созданы или уже существуют.
2025-11-25 14:26:28,201 - chat - INFO - Initializing user statuses for existing chats...
2025-11-25 14:26:28,216 - chat - INFO - User statuses initialized successfully
2025-11-25 14:26:28,304 - api.faqs - INFO - SQLAlchemy version: 2.0.41
2025-11-25 14:26:28,332 - api.faqs - INFO - Текущие столбцы таблицы faqs: ['id', 'question', 'answer', 'category', 'created_at', 'updated_at', 'views_count', 'helpful_count', 'not_helpful_count', 'content_html', 'department', 'is_general']
2025-11-25 14:27:04,633 - services.admin_manager - INFO - 🔧 AdminManager using database: portaladmins_db at localhost:5432
2025-11-25 14:27:04,693 - services.admin_manager - INFO - 📋 Admin table columns: ['id', 'username', 'service_id', 'is_active', 'permissions', 'created_at', 'updated_at', 'email']
2025-11-25 14:27:04,696 - services.admin_manager - WARNING - Таблица 'reset_tokens' не найдена в базе данных
2025-11-25 14:27:04,775 - services.jwt_utils - INFO - JWT Configuration: ALGORITHM=HS256, ACCESS_TOKEN_EXPIRE_MINUTES=1440
2025-11-25 14:27:04,776 - services.jwt_utils - INFO - SECRET_KEY установлена: Да
2025-11-25 14:27:04,776 - services.jwt_utils - INFO - JWTService инициализирован с настройками: {'access_token_expire_minutes': 600, 'refresh_token_expire_days': 1, 'algorithm': 'HS512'}
2025-11-25 14:27:04,854 - api.auth - INFO - Loaded 1 reset tokens from storage
2025-11-25 14:27:04,916 - chat - INFO - Таблицы успешно созданы или уже существуют.
2025-11-25 14:27:04,916 - chat - INFO - Initializing user statuses for existing chats...
2025-11-25 14:27:04,935 - chat - INFO - User statuses initialized successfully
2025-11-25 14:27:05,023 - api.faqs - INFO - SQLAlchemy version: 2.0.41
2025-11-25 14:27:05,051 - api.faqs - INFO - Текущие столбцы таблицы faqs: ['id', 'question', 'answer', 'category', 'created_at', 'updated_at', 'views_count', 'helpful_count', 'not_helpful_count', 'content_html', 'department', 'is_general']
2025-11-25 14:29:06,246 - services.admin_manager - INFO - 🔧 AdminManager using database: portaladmins_db at localhost:5432
2025-11-25 14:29:06,304 - services.admin_manager - INFO - 📋 Admin table columns: ['id', 'username', 'service_id', 'is_active', 'permissions', 'created_at', 'updated_at', 'email']
2025-11-25 14:29:06,307 - services.admin_manager - WARNING - Таблица 'reset_tokens' не найдена в базе данных
2025-11-25 14:29:06,392 - services.jwt_utils - INFO - JWT Configuration: ALGORITHM=HS256, ACCESS_TOKEN_EXPIRE_MINUTES=1440
2025-11-25 14:29:06,393 - services.jwt_utils - INFO - SECRET_KEY установлена: Да
2025-11-25 14:29:06,393 - services.jwt_utils - INFO - JWTService инициализирован с настройками: {'access_token_expire_minutes': 600, 'refresh_token_expire_days': 1, 'algorithm': 'HS512'}
2025-11-25 14:29:06,467 - api.auth - INFO - Loaded 1 reset tokens from storage
2025-11-25 14:29:06,529 - chat - INFO - Таблицы успешно созданы или уже существуют.
2025-11-25 14:29:06,529 - chat - INFO - Initializing user statuses for existing chats...
2025-11-25 14:29:06,545 - chat - INFO - User statuses initialized successfully
2025-11-25 14:29:06,635 - api.faqs - INFO - SQLAlchemy version: 2.0.41
2025-11-25 14:29:06,666 - api.faqs - INFO - Текущие столбцы таблицы faqs: ['id', 'question', 'answer', 'category', 'created_at', 'updated_at', 'views_count', 'helpful_count', 'not_helpful_count', 'content_html', 'department', 'is_general']
2025-11-25 14:31:52,452 - services.admin_manager - INFO - 🔧 AdminManager using database: portaladmins_db at localhost:5432
2025-11-25 14:31:52,519 - services.admin_manager - INFO - 📋 Admin table columns: ['id', 'username', 'service_id', 'is_active', 'permissions', 'created_at', 'updated_at', 'email']
2025-11-25 14:31:52,522 - services.admin_manager - WARNING - Таблица 'reset_tokens' не найдена в базе данных
2025-11-25 14:31:52,618 - services.jwt_utils - INFO - JWT Configuration: ALGORITHM=HS256, ACCESS_TOKEN_EXPIRE_MINUTES=1440
2025-11-25 14:31:52,618 - services.jwt_utils - INFO - SECRET_KEY установлена: Да
2025-11-25 14:31:52,619 - services.jwt_utils - INFO - JWTService инициализирован с настройками: {'access_token_expire_minutes': 600, 'refresh_token_expire_days': 1, 'algorithm': 'HS512'}
2025-11-25 14:31:52,697 - api.auth - INFO - Loaded 1 reset tokens from storage
2025-11-25 14:31:52,762 - chat - INFO - Таблицы успешно созданы или уже существуют.
2025-11-25 14:31:52,762 - chat - INFO - Initializing user statuses for existing chats...
2025-11-25 14:31:52,781 - chat - INFO - User statuses initialized successfully
2025-11-25 14:31:52,882 - api.faqs - INFO - SQLAlchemy version: 2.0.41
2025-11-25 14:31:52,911 - api.faqs - INFO - Текущие столбцы таблицы faqs: ['id', 'question', 'answer', 'category', 'created_at', 'updated_at', 'views_count', 'helpful_count', 'not_helpful_count', 'content_html', 'department', 'is_general']
2025-11-25 14:36:58,129 - services.admin_manager - INFO - 🔧 AdminManager using database: portaladmins_db at localhost:5432
2025-11-25 14:36:58,182 - services.admin_manager - INFO - 📋 Admin table columns: ['id', 'username', 'service_id', 'is_active', 'permissions', 'created_at', 'updated_at', 'email']
2025-11-25 14:36:58,184 - services.admin_manager - WARNING - Таблица 'reset_tokens' не найдена в базе данных
2025-11-25 14:36:58,262 - services.jwt_utils - INFO - JWT Configuration: ALGORITHM=HS256, ACCESS_TOKEN_EXPIRE_MINUTES=1440
2025-11-25 14:36:58,262 - services.jwt_utils - INFO - SECRET_KEY установлена: Да
2025-11-25 14:36:58,262 - services.jwt_utils - INFO - JWTService инициализирован с настройками: {'access_token_expire_minutes': 600, 'refresh_token_expire_days': 1, 'algorithm': 'HS512'}
2025-11-25 14:36:58,331 - api.auth - INFO - Loaded 1 reset tokens from storage
2025-11-25 14:36:58,384 - chat - INFO - Таблицы успешно созданы или уже существуют.
2025-11-25 14:36:58,384 - chat - INFO - Initializing user statuses for existing chats...
2025-11-25 14:36:58,398 - chat - INFO - User statuses initialized successfully
2025-11-25 14:36:58,476 - api.faqs - INFO - SQLAlchemy version: 2.0.41
2025-11-25 14:36:58,502 - api.faqs - INFO - Текущие столбцы таблицы faqs: ['id', 'question', 'answer', 'category', 'created_at', 'updated_at', 'views_count', 'helpful_count', 'not_helpful_count', 'content_html', 'department', 'is_general']
2025-11-25 14:37:34,306 - services.admin_manager - INFO - 🔧 AdminManager using database: portaladmins_db at localhost:5432
2025-11-25 14:37:34,356 - services.admin_manager - INFO - 📋 Admin table columns: ['id', 'username', 'service_id', 'is_active', 'permissions', 'created_at', 'updated_at', 'email']
2025-11-25 14:37:34,358 - services.admin_manager - WARNING - Таблица 'reset_tokens' не найдена в базе данных
2025-11-25 14:37:34,437 - services.jwt_utils - INFO - JWT Configuration: ALGORITHM=HS256, ACCESS_TOKEN_EXPIRE_MINUTES=1440
2025-11-25 14:37:34,437 - services.jwt_utils - INFO - SECRET_KEY установлена: Да
2025-11-25 14:37:34,437 - services.jwt_utils - INFO - JWTService инициализирован с настройками: {'access_token_expire_minutes': 600, 'refresh_token_expire_days': 1, 'algorithm': 'HS512'}
2025-11-25 14:37:34,526 - api.auth - INFO - Loaded 1 reset tokens from storage
2025-11-25 14:37:34,583 - chat - INFO - Таблицы успешно созданы или уже существуют.
2025-11-25 14:37:34,583 - chat - INFO - Initializing user statuses for existing chats...
2025-11-25 14:37:34,598 - chat - INFO - User statuses initialized successfully
2025-11-25 14:37:34,677 - api.faqs - INFO - SQLAlchemy version: 2.0.41
2025-11-25 14:37:34,702 - api.faqs - INFO - Текущие столбцы таблицы faqs: ['id', 'question', 'answer', 'category', 'created_at', 'updated_at', 'views_count', 'helpful_count', 'not_helpful_count', 'content_html', 'department', 'is_general']
2025-11-25 14:38:18,327 - services.admin_manager - INFO - 🔧 AdminManager using database: portaladmins_db at localhost:5432
2025-11-25 14:38:18,380 - services.admin_manager - INFO - 📋 Admin table columns: ['id', 'username', 'service_id', 'is_active', 'permissions', 'created_at', 'updated_at', 'email']
2025-11-25 14:38:18,383 - services.admin_manager - WARNING - Таблица 'reset_tokens' не найдена в базе данных
2025-11-25 14:38:18,460 - services.jwt_utils - INFO - JWT Configuration: ALGORITHM=HS256, ACCESS_TOKEN_EXPIRE_MINUTES=1440
2025-11-25 14:38:18,460 - services.jwt_utils - INFO - SECRET_KEY установлена: Да
2025-11-25 14:38:18,460 - services.jwt_utils - INFO - JWTService инициализирован с настройками: {'access_token_expire_minutes': 600, 'refresh_token_expire_days': 1, 'algorithm': 'HS512'}
2025-11-25 14:38:18,542 - api.auth - INFO - Loaded 1 reset tokens from storage
2025-11-25 14:38:18,599 - chat - INFO - Таблицы успешно созданы или уже существуют.
2025-11-25 14:38:18,599 - chat - INFO - Initializing user statuses for existing chats...
2025-11-25 14:38:18,615 - chat - INFO - User statuses initialized successfully
2025-11-25 14:38:18,703 - api.faqs - INFO - SQLAlchemy version: 2.0.41
2025-11-25 14:38:18,733 - api.faqs - INFO - Текущие столбцы таблицы faqs: ['id', 'question', 'answer', 'category', 'created_at', 'updated_at', 'views_count', 'helpful_count', 'not_helpful_count', 'content_html', 'department', 'is_general']
2025-11-25 14:38:53,999 - services.admin_manager - INFO - 🔧 AdminManager using database: portaladmins_db at localhost:5432
2025-11-25 14:38:54,050 - services.admin_manager - INFO - 📋 Admin table columns: ['id', 'username', 'service_id', 'is_active', 'permissions', 'created_at', 'updated_at', 'email']
2025-11-25 14:38:54,052 - services.admin_manager - WARNING - Таблица 'reset_tokens' не найдена в базе данных
2025-11-25 14:38:54,134 - services.jwt_utils - INFO - JWT Configuration: ALGORITHM=HS256, ACCESS_TOKEN_EXPIRE_MINUTES=1440
2025-11-25 14:38:54,134 - services.jwt_utils - INFO - SECRET_KEY установлена: Да
2025-11-25 14:38:54,134 - services.jwt_utils - INFO - JWTService инициализирован с настройками: {'access_token_expire_minutes': 600, 'refresh_token_expire_days': 1, 'algorithm': 'HS512'}
2025-11-25 14:38:54,204 - api.auth - INFO - Loaded 1 reset tokens from storage
2025-11-25 14:38:54,263 - chat - INFO - Таблицы успешно созданы или уже существуют.
2025-11-25 14:38:54,263 - chat - INFO - Initializing user statuses for existing chats...
2025-11-25 14:38:54,277 - chat - INFO - User statuses initialized successfully
2025-11-25 14:38:54,358 - api.faqs - INFO - SQLAlchemy version: 2.0.41
2025-11-25 14:38:54,383 - api.faqs - INFO - Текущие столбцы таблицы faqs: ['id', 'question', 'answer', 'category', 'created_at', 'updated_at', 'views_count', 'helpful_count', 'not_helpful_count', 'content_html', 'department', 'is_general']
2025-11-25 14:39:12,373 - services.admin_manager - INFO - 🔧 AdminManager using database: portaladmins_db at localhost:5432
2025-11-25 14:39:12,427 - services.admin_manager - INFO - 📋 Admin table columns: ['id', 'username', 'service_id', 'is_active', 'permissions', 'created_at', 'updated_at', 'email']
2025-11-25 14:39:12,430 - services.admin_manager - WARNING - Таблица 'reset_tokens' не найдена в базе данных
2025-11-25 14:39:12,511 - services.jwt_utils - INFO - JWT Configuration: ALGORITHM=HS256, ACCESS_TOKEN_EXPIRE_MINUTES=1440
2025-11-25 14:39:12,511 - services.jwt_utils - INFO - SECRET_KEY установлена: Да
2025-11-25 14:39:12,511 - services.jwt_utils - INFO - JWTService инициализирован с настройками: {'access_token_expire_minutes': 600, 'refresh_token_expire_days': 1, 'algorithm': 'HS512'}
2025-11-25 14:39:12,580 - api.auth - INFO - Loaded 1 reset tokens from storage
2025-11-25 14:39:12,635 - chat - INFO - Таблицы успешно созданы или уже существуют.
2025-11-25 14:39:12,635 - chat - INFO - Initializing user statuses for existing chats...
2025-11-25 14:39:12,651 - chat - INFO - User statuses initialized successfully
2025-11-25 14:39:12,736 - api.faqs - INFO - SQLAlchemy version: 2.0.41
2025-11-25 14:39:12,760 - api.faqs - INFO - Текущие столбцы таблицы faqs: ['id', 'question', 'answer', 'category', 'created_at', 'updated_at', 'views_count', 'helpful_count', 'not_helpful_count', 'content_html', 'department', 'is_general']
2025-11-25 14:40:26,040 - services.admin_manager - INFO - 🔧 AdminManager using database: portaladmins_db at localhost:5432
2025-11-25 14:40:26,093 - services.admin_manager - INFO - 📋 Admin table columns: ['id', 'username', 'service_id', 'is_active', 'permissions', 'created_at', 'updated_at', 'email']
2025-11-25 14:40:26,096 - services.admin_manager - WARNING - Таблица 'reset_tokens' не найдена в базе данных
2025-11-25 14:40:26,191 - services.jwt_utils - INFO - JWT Configuration: ALGORITHM=HS256, ACCESS_TOKEN_EXPIRE_MINUTES=1440
2025-11-25 14:40:26,191 - services.jwt_utils - INFO - SECRET_KEY установлена: Да
2025-11-25 14:40:26,192 - services.jwt_utils - INFO - JWTService инициализирован с настройками: {'access_token_expire_minutes': 600, 'refresh_token_expire_days': 1, 'algorithm': 'HS512'}
2025-11-25 14:40:26,282 - api.auth - INFO - Loaded 1 reset tokens from storage
2025-11-25 14:40:26,348 - chat - INFO - Таблицы успешно созданы или уже существуют.
2025-11-25 14:40:26,348 - chat - INFO - Initializing user statuses for existing chats...
2025-11-25 14:40:26,367 - chat - INFO - User statuses initialized successfully
2025-11-25 14:40:26,465 - api.faqs - INFO - SQLAlchemy version: 2.0.41
2025-11-25 14:40:26,502 - api.faqs - INFO - Текущие столбцы таблицы faqs: ['id', 'question', 'answer', 'category', 'created_at', 'updated_at', 'views_count', 'helpful_count', 'not_helpful_count', 'content_html', 'department', 'is_general']
2025-11-25 14:41:05,324 - services.admin_manager - INFO - 🔧 AdminManager using database: portaladmins_db at localhost:5432
2025-11-25 14:41:05,379 - services.admin_manager - INFO - 📋 Admin table columns: ['id', 'username', 'service_id', 'is_active', 'permissions', 'created_at', 'updated_at', 'email']
2025-11-25 14:41:05,382 - services.admin_manager - WARNING - Таблица 'reset_tokens' не найдена в базе данных
2025-11-25 14:41:05,465 - services.jwt_utils - INFO - JWT Configuration: ALGORITHM=HS256, ACCESS_TOKEN_EXPIRE_MINUTES=1440
2025-11-25 14:41:05,465 - services.jwt_utils - INFO - SECRET_KEY установлена: Да
2025-11-25 14:41:05,466 - services.jwt_utils - INFO - JWTService инициализирован с настройками: {'access_token_expire_minutes': 600, 'refresh_token_expire_days': 1, 'algorithm': 'HS512'}
2025-11-25 14:41:05,536 - api.auth - INFO - Loaded 1 reset tokens from storage
2025-11-25 14:41:05,595 - chat - INFO - Таблицы успешно созданы или уже существуют.
2025-11-25 14:41:05,595 - chat - INFO - Initializing user statuses for existing chats...
2025-11-25 14:41:05,610 - chat - INFO - User statuses initialized successfully
2025-11-25 14:41:05,695 - api.faqs - INFO - SQLAlchemy version: 2.0.41
2025-11-25 14:41:05,722 - api.faqs - INFO - Текущие столбцы таблицы faqs: ['id', 'question', 'answer', 'category', 'created_at', 'updated_at', 'views_count', 'helpful_count', 'not_helpful_count', 'content_html', 'department', 'is_general']
2025-11-25 14:41:29,133 - services.admin_manager - INFO - 🔧 AdminManager using database: portaladmins_db at localhost:5432
2025-11-25 14:41:29,184 - services.admin_manager - INFO - 📋 Admin table columns: ['id', 'username', 'service_id', 'is_active', 'permissions', 'created_at', 'updated_at', 'email']
2025-11-25 14:41:29,186 - services.admin_manager - WARNING - Таблица 'reset_tokens' не найдена в базе данных
2025-11-25 14:41:29,263 - services.jwt_utils - INFO - JWT Configuration: ALGORITHM=HS256, ACCESS_TOKEN_EXPIRE_MINUTES=1440
2025-11-25 14:41:29,264 - services.jwt_utils - INFO - SECRET_KEY установлена: Да
2025-11-25 14:41:29,264 - services.jwt_utils - INFO - JWTService инициализирован с настройками: {'access_token_expire_minutes': 600, 'refresh_token_expire_days': 1, 'algorithm': 'HS512'}
2025-11-25 14:41:29,333 - api.auth - INFO - Loaded 1 reset tokens from storage
2025-11-25 14:41:29,394 - chat - INFO - Таблицы успешно созданы или уже существуют.
2025-11-25 14:41:29,395 - chat - INFO - Initializing user statuses for existing chats...
2025-11-25 14:41:29,411 - chat - INFO - User statuses initialized successfully
2025-11-25 14:41:29,498 - api.faqs - INFO - SQLAlchemy version: 2.0.41
2025-11-25 14:41:29,524 - api.faqs - INFO - Текущие столбцы таблицы faqs: ['id', 'question', 'answer', 'category', 'created_at', 'updated_at', 'views_count', 'helpful_count', 'not_helpful_count', 'content_html', 'department', 'is_general']
2025-11-25 14:41:51,099 - services.admin_manager - INFO - 🔧 AdminManager using database: portaladmins_db at localhost:5432
2025-11-25 14:41:51,149 - services.admin_manager - INFO - 📋 Admin table columns: ['id', 'username', 'service_id', 'is_active', 'permissions', 'created_at', 'updated_at', 'email']
2025-11-25 14:41:51,152 - services.admin_manager - WARNING - Таблица 'reset_tokens' не найдена в базе данных
2025-11-25 14:41:51,227 - services.jwt_utils - INFO - JWT Configuration: ALGORITHM=HS256, ACCESS_TOKEN_EXPIRE_MINUTES=1440
2025-11-25 14:41:51,228 - services.jwt_utils - INFO - SECRET_KEY установлена: Да
2025-11-25 14:41:51,228 - services.jwt_utils - INFO - JWTService инициализирован с настройками: {'access_token_expire_minutes': 600, 'refresh_token_expire_days': 1, 'algorithm': 'HS512'}
2025-11-25 14:41:51,296 - api.auth - INFO - Loaded 1 reset tokens from storage
2025-11-25 14:41:51,352 - chat - INFO - Таблицы успешно созданы или уже существуют.
2025-11-25 14:41:51,352 - chat - INFO - Initializing user statuses for existing chats...
2025-11-25 14:41:51,366 - chat - INFO - User statuses initialized successfully
2025-11-25 14:41:51,449 - api.faqs - INFO - SQLAlchemy version: 2.0.41
2025-11-25 14:41:51,477 - api.faqs - INFO - Текущие столбцы таблицы faqs: ['id', 'question', 'answer', 'category', 'created_at', 'updated_at', 'views_count', 'helpful_count', 'not_helpful_count', 'content_html', 'department', 'is_general']
2025-11-25 14:43:10,350 - services.admin_manager - INFO - 🔧 AdminManager using database: portaladmins_db at localhost:5432
2025-11-25 14:43:10,404 - services.admin_manager - INFO - 📋 Admin table columns: ['id', 'username', 'service_id', 'is_active', 'permissions', 'created_at', 'updated_at', 'email']
2025-11-25 14:43:10,406 - services.admin_manager - WARNING - Таблица 'reset_tokens' не найдена в базе данных
2025-11-25 14:43:10,482 - services.jwt_utils - INFO - JWT Configuration: ALGORITHM=HS256, ACCESS_TOKEN_EXPIRE_MINUTES=1440
2025-11-25 14:43:10,482 - services.jwt_utils - INFO - SECRET_KEY установлена: Да
2025-11-25 14:43:10,483 - services.jwt_utils - INFO - JWTService инициализирован с настройками: {'access_token_expire_minutes': 600, 'refresh_token_expire_days': 1, 'algorithm': 'HS512'}
2025-11-25 14:43:10,554 - api.auth - INFO - Loaded 1 reset tokens from storage
2025-11-25 14:43:10,608 - chat - INFO - Таблицы успешно созданы или уже существуют.
2025-11-25 14:43:10,608 - chat - INFO - Initializing user statuses for existing chats...
2025-11-25 14:43:10,624 - chat - INFO - User statuses initialized successfully
2025-11-25 14:43:10,701 - api.faqs - INFO - SQLAlchemy version: 2.0.41
2025-11-25 14:43:10,728 - api.faqs - INFO - Текущие столбцы таблицы faqs: ['id', 'question', 'answer', 'category', 'created_at', 'updated_at', 'views_count', 'helpful_count', 'not_helpful_count', 'content_html', 'department', 'is_general']
2025-11-25 14:43:29,784 - services.admin_manager - INFO - 🔧 AdminManager using database: portaladmins_db at localhost:5432
2025-11-25 14:43:29,836 - services.admin_manager - INFO - 📋 Admin table columns: ['id', 'username', 'service_id', 'is_active', 'permissions', 'created_at', 'updated_at', 'email']
2025-11-25 14:43:29,839 - services.admin_manager - WARNING - Таблица 'reset_tokens' не найдена в базе данных
2025-11-25 14:43:29,916 - services.jwt_utils - INFO - JWT Configuration: ALGORITHM=HS256, ACCESS_TOKEN_EXPIRE_MINUTES=1440
2025-11-25 14:43:29,916 - services.jwt_utils - INFO - SECRET_KEY установлена: Да
2025-11-25 14:43:29,917 - services.jwt_utils - INFO - JWTService инициализирован с настройками: {'access_token_expire_minutes': 600, 'refresh_token_expire_days': 1, 'algorithm': 'HS512'}
2025-11-25 14:43:29,986 - api.auth - INFO - Loaded 1 reset tokens from storage
2025-11-25 14:43:30,041 - chat - INFO - Таблицы успешно созданы или уже существуют.
2025-11-25 14:43:30,042 - chat - INFO - Initializing user statuses for existing chats...
2025-11-25 14:43:30,058 - chat - INFO - User statuses initialized successfully
2025-11-25 14:43:30,141 - api.faqs - INFO - SQLAlchemy version: 2.0.41
2025-11-25 14:43:30,171 - api.faqs - INFO - Текущие столбцы таблицы faqs: ['id', 'question', 'answer', 'category', 'created_at', 'updated_at', 'views_count', 'helpful_count', 'not_helpful_count', 'content_html', 'department', 'is_general']
2025-11-25 14:43:50,073 - services.admin_manager - INFO - 🔧 AdminManager using database: portaladmins_db at localhost:5432
2025-11-25 14:43:50,123 - services.admin_manager - INFO - 📋 Admin table columns: ['id', 'username', 'service_id', 'is_active', 'permissions', 'created_at', 'updated_at', 'email']
2025-11-25 14:43:50,125 - services.admin_manager - WARNING - Таблица 'reset_tokens' не найдена в базе данных
2025-11-25 14:43:50,207 - services.jwt_utils - INFO - JWT Configuration: ALGORITHM=HS256, ACCESS_TOKEN_EXPIRE_MINUTES=1440
2025-11-25 14:43:50,207 - services.jwt_utils - INFO - SECRET_KEY установлена: Да
2025-11-25 14:43:50,207 - services.jwt_utils - INFO - JWTService инициализирован с настройками: {'access_token_expire_minutes': 600, 'refresh_token_expire_days': 1, 'algorithm': 'HS512'}
2025-11-25 14:43:50,279 - api.auth - INFO - Loaded 1 reset tokens from storage
2025-11-25 14:43:50,335 - chat - INFO - Таблицы успешно созданы или уже существуют.
2025-11-25 14:43:50,335 - chat - INFO - Initializing user statuses for existing chats...
2025-11-25 14:43:50,349 - chat - INFO - User statuses initialized successfully
2025-11-25 14:43:50,439 - api.faqs - INFO - SQLAlchemy version: 2.0.41
2025-11-25 14:43:50,465 - api.faqs - INFO - Текущие столбцы таблицы faqs: ['id', 'question', 'answer', 'category', 'created_at', 'updated_at', 'views_count', 'helpful_count', 'not_helpful_count', 'content_html', 'department', 'is_general']
2025-11-25 14:47:31,896 - services.admin_manager - INFO - 🔧 AdminManager using database: portaladmins_db at localhost:5432
2025-11-25 14:47:31,950 - services.admin_manager - INFO - 📋 Admin table columns: ['id', 'username', 'service_id', 'is_active', 'permissions', 'created_at', 'updated_at', 'email']
2025-11-25 14:47:31,952 - services.admin_manager - WARNING - Таблица 'reset_tokens' не найдена в базе данных
2025-11-25 14:47:32,038 - services.jwt_utils - INFO - JWT Configuration: ALGORITHM=HS256, ACCESS_TOKEN_EXPIRE_MINUTES=1440
2025-11-25 14:47:32,039 - services.jwt_utils - INFO - SECRET_KEY установлена: Да
2025-11-25 14:47:32,039 - services.jwt_utils - INFO - JWTService инициализирован с настройками: {'access_token_expire_minutes': 600, 'refresh_token_expire_days': 1, 'algorithm': 'HS512'}
2025-11-25 14:47:32,108 - api.auth - INFO - Loaded 1 reset tokens from storage
2025-11-25 14:47:32,167 - chat - INFO - Таблицы успешно созданы или уже существуют.
2025-11-25 14:47:32,167 - chat - INFO - Initializing user statuses for existing chats...
2025-11-25 14:47:32,182 - chat - INFO - User statuses initialized successfully
2025-11-25 14:47:32,261 - api.faqs - INFO - SQLAlchemy version: 2.0.41
2025-11-25 14:47:32,287 - api.faqs - INFO - Текущие столбцы таблицы faqs: ['id', 'question', 'answer', 'category', 'created_at', 'updated_at', 'views_count', 'helpful_count', 'not_helpful_count', 'content_html', 'department', 'is_general']
2025-11-25 14:48:16,365 - services.admin_manager - INFO - 🔧 AdminManager using database: portaladmins_db at localhost:5432
2025-11-25 14:48:16,421 - services.admin_manager - INFO - 📋 Admin table columns: ['id', 'username', 'service_id', 'is_active', 'permissions', 'created_at', 'updated_at', 'email']
2025-11-25 14:48:16,424 - services.admin_manager - WARNING - Таблица 'reset_tokens' не найдена в базе данных
2025-11-25 14:48:16,508 - services.jwt_utils - INFO - JWT Configuration: ALGORITHM=HS256, ACCESS_TOKEN_EXPIRE_MINUTES=1440
2025-11-25 14:48:16,508 - services.jwt_utils - INFO - SECRET_KEY установлена: Да
2025-11-25 14:48:16,509 - services.jwt_utils - INFO - JWTService инициализирован с настройками: {'access_token_expire_minutes': 600, 'refresh_token_expire_days': 1, 'algorithm': 'HS512'}
2025-11-25 14:48:16,605 - api.auth - INFO - Loaded 1 reset tokens from storage
2025-11-25 14:48:16,672 - chat - INFO - Таблицы успешно созданы или уже существуют.
2025-11-25 14:48:16,672 - chat - INFO - Initializing user statuses for existing chats...
2025-11-25 14:48:16,689 - chat - INFO - User statuses initialized successfully
2025-11-25 14:48:16,777 - api.faqs - INFO - SQLAlchemy version: 2.0.41
2025-11-25 14:48:16,808 - api.faqs - INFO - Текущие столбцы таблицы faqs: ['id', 'question', 'answer', 'category', 'created_at', 'updated_at', 'views_count', 'helpful_count', 'not_helpful_count', 'content_html', 'department', 'is_general']
2025-11-25 14:48:32,988 - services.admin_manager - INFO - 🔧 AdminManager using database: portaladmins_db at localhost:5432
2025-11-25 14:48:33,038 - services.admin_manager - INFO - 📋 Admin table columns: ['id', 'username', 'service_id', 'is_active', 'permissions', 'created_at', 'updated_at', 'email']
2025-11-25 14:48:33,041 - services.admin_manager - WARNING - Таблица 'reset_tokens' не найдена в базе данных
2025-11-25 14:48:33,118 - services.jwt_utils - INFO - JWT Configuration: ALGORITHM=HS256, ACCESS_TOKEN_EXPIRE_MINUTES=1440
2025-11-25 14:48:33,118 - services.jwt_utils - INFO - SECRET_KEY установлена: Да
2025-11-25 14:48:33,119 - services.jwt_utils - INFO - JWTService инициализирован с настройками: {'access_token_expire_minutes': 600, 'refresh_token_expire_days': 1, 'algorithm': 'HS512'}
2025-11-25 14:48:33,186 - api.auth - INFO - Loaded 1 reset tokens from storage
2025-11-25 14:48:33,239 - chat - INFO - Таблицы успешно созданы или уже существуют.
2025-11-25 14:48:33,239 - chat - INFO - Initializing user statuses for existing chats...
2025-11-25 14:48:33,253 - chat - INFO - User statuses initialized successfully
2025-11-25 14:48:33,335 - api.faqs - INFO - SQLAlchemy version: 2.0.41
2025-11-25 14:48:33,363 - api.faqs - INFO - Текущие столбцы таблицы faqs: ['id', 'question', 'answer', 'category', 'created_at', 'updated_at', 'views_count', 'helpful_count', 'not_helpful_count', 'content_html', 'department', 'is_general']
2025-11-25 14:54:15,084 - services.admin_manager - INFO - 🔧 AdminManager using database: portaladmins_db at localhost:5432
2025-11-25 14:54:15,151 - services.admin_manager - INFO - 📋 Admin table columns: ['id', 'username', 'service_id', 'is_active', 'permissions', 'created_at', 'updated_at', 'email']
2025-11-25 14:54:15,155 - services.admin_manager - WARNING - Таблица 'reset_tokens' не найдена в базе данных
2025-11-25 14:54:15,251 - services.jwt_utils - INFO - JWT Configuration: ALGORITHM=HS256, ACCESS_TOKEN_EXPIRE_MINUTES=1440
2025-11-25 14:54:15,252 - services.jwt_utils - INFO - SECRET_KEY установлена: Да
2025-11-25 14:54:15,252 - services.jwt_utils - INFO - JWTService инициализирован с настройками: {'access_token_expire_minutes': 600, 'refresh_token_expire_days': 1, 'algorithm': 'HS512'}
2025-11-25 14:54:15,329 - api.auth - INFO - Loaded 1 reset tokens from storage
2025-11-25 14:54:15,392 - chat - INFO - Таблицы успешно созданы или уже существуют.
2025-11-25 14:54:15,393 - chat - INFO - Initializing user statuses for existing chats...
2025-11-25 14:54:15,410 - chat - INFO - User statuses initialized successfully
2025-11-25 14:54:15,496 - api.faqs - INFO - SQLAlchemy version: 2.0.41
2025-11-25 14:54:15,526 - api.faqs - INFO - Текущие столбцы таблицы faqs: ['id', 'question', 'answer', 'category', 'created_at', 'updated_at', 'views_count', 'helpful_count', 'not_helpful_count', 'content_html', 'department', 'is_general']
2025-11-25 14:54:57,162 - services.admin_manager - INFO - 🔧 AdminManager using database: portaladmins_db at localhost:5432
2025-11-25 14:54:57,218 - services.admin_manager - INFO - 📋 Admin table columns: ['id', 'username', 'service_id', 'is_active', 'permissions', 'created_at', 'updated_at', 'email']
2025-11-25 14:54:57,220 - services.admin_manager - WARNING - Таблица 'reset_tokens' не найдена в базе данных
2025-11-25 14:54:57,300 - services.jwt_utils - INFO - JWT Configuration: ALGORITHM=HS256, ACCESS_TOKEN_EXPIRE_MINUTES=1440
2025-11-25 14:54:57,300 - services.jwt_utils - INFO - SECRET_KEY установлена: Да
2025-11-25 14:54:57,300 - services.jwt_utils - INFO - JWTService инициализирован с настройками: {'access_token_expire_minutes': 600, 'refresh_token_expire_days': 1, 'algorithm': 'HS512'}
2025-11-25 14:54:57,379 - api.auth - INFO - Loaded 1 reset tokens from storage
2025-11-25 14:54:57,442 - chat - INFO - Таблицы успешно созданы или уже существуют.
2025-11-25 14:54:57,442 - chat - INFO - Initializing user statuses for existing chats...
2025-11-25 14:54:57,457 - chat - INFO - User statuses initialized successfully
2025-11-25 14:54:57,541 - api.faqs - INFO - SQLAlchemy version: 2.0.41
2025-11-25 14:54:57,568 - api.faqs - INFO - Текущие столбцы таблицы faqs: ['id', 'question', 'answer', 'category', 'created_at', 'updated_at', 'views_count', 'helpful_count', 'not_helpful_count', 'content_html', 'department', 'is_general']
2025-11-25 14:55:28,825 - services.admin_manager - INFO - 🔧 AdminManager using database: portaladmins_db at localhost:5432
2025-11-25 14:55:28,880 - services.admin_manager - INFO - 📋 Admin table columns: ['id', 'username', 'service_id', 'is_active', 'permissions', 'created_at', 'updated_at', 'email']
2025-11-25 14:55:28,882 - services.admin_manager - WARNING - Таблица 'reset_tokens' не найдена в базе данных
2025-11-25 14:55:28,970 - services.jwt_utils - INFO - JWT Configuration: ALGORITHM=HS256, ACCESS_TOKEN_EXPIRE_MINUTES=1440
2025-11-25 14:55:28,970 - services.jwt_utils - INFO - SECRET_KEY установлена: Да
2025-11-25 14:55:28,971 - services.jwt_utils - INFO - JWTService инициализирован с настройками: {'access_token_expire_minutes': 600, 'refresh_token_expire_days': 1, 'algorithm': 'HS512'}
2025-11-25 14:55:29,048 - api.auth - INFO - Loaded 1 reset tokens from storage
2025-11-25 14:55:29,105 - chat - INFO - Таблицы успешно созданы или уже существуют.
2025-11-25 14:55:29,105 - chat - INFO - Initializing user statuses for existing chats...
2025-11-25 14:55:29,121 - chat - INFO - User statuses initialized successfully
2025-11-25 14:55:29,203 - api.faqs - INFO - SQLAlchemy version: 2.0.41
2025-11-25 14:55:29,234 - api.faqs - INFO - Текущие столбцы таблицы faqs: ['id', 'question', 'answer', 'category', 'created_at', 'updated_at', 'views_count', 'helpful_count', 'not_helpful_count', 'content_html', 'department', 'is_general']
2025-11-25 15:15:54,866 - services.admin_manager - INFO - 🔧 AdminManager using database: portaladmins_db at localhost:5432
2025-11-25 15:15:54,921 - services.admin_manager - INFO - 📋 Admin table columns: ['id', 'username', 'service_id', 'is_active', 'permissions', 'created_at', 'updated_at', 'email']
2025-11-25 15:15:54,924 - services.admin_manager - WARNING - Таблица 'reset_tokens' не найдена в базе данных
2025-11-25 15:15:55,010 - services.jwt_utils - INFO - JWT Configuration: ALGORITHM=HS256, ACCESS_TOKEN_EXPIRE_MINUTES=1440
2025-11-25 15:15:55,010 - services.jwt_utils - INFO - SECRET_KEY установлена: Да
2025-11-25 15:15:55,011 - services.jwt_utils - INFO - JWTService инициализирован с настройками: {'access_token_expire_minutes': 600, 'refresh_token_expire_days': 1, 'algorithm': 'HS512'}
2025-11-25 15:15:55,083 - api.auth - INFO - Loaded 1 reset tokens from storage
2025-11-25 15:15:55,137 - chat - INFO - Таблицы успешно созданы или уже существуют.
2025-11-25 15:15:55,137 - chat - INFO - Initializing user statuses for existing chats...
2025-11-25 15:15:55,151 - chat - INFO - User statuses initialized successfully
2025-11-25 15:19:45,600 - services.admin_manager - INFO - 🔧 AdminManager using database: portaladmins_db at localhost:5432
2025-11-25 15:19:45,658 - services.admin_manager - INFO - 📋 Admin table columns: ['id', 'username', 'service_id', 'is_active', 'permissions', 'created_at', 'updated_at', 'email']
2025-11-25 15:19:45,660 - services.admin_manager - WARNING - Таблица 'reset_tokens' не найдена в базе данных
2025-11-25 15:19:45,744 - services.jwt_utils - INFO - JWT Configuration: ALGORITHM=HS256, ACCESS_TOKEN_EXPIRE_MINUTES=1440
2025-11-25 15:19:45,744 - services.jwt_utils - INFO - SECRET_KEY установлена: Да
2025-11-25 15:19:45,745 - services.jwt_utils - INFO - JWTService инициализирован с настройками: {'access_token_expire_minutes': 600, 'refresh_token_expire_days': 1, 'algorithm': 'HS512'}
2025-11-25 15:19:45,816 - api.auth - INFO - Loaded 1 reset tokens from storage
2025-11-25 15:19:45,877 - chat - INFO - Таблицы успешно созданы или уже существуют.
2025-11-25 15:19:45,878 - chat - INFO - Initializing user statuses for existing chats...
2025-11-25 15:19:45,893 - chat - INFO - User statuses initialized successfully
2025-11-25 15:20:56,762 - services.admin_manager - INFO - 🔧 AdminManager using database: portaladmins_db at localhost:5432
2025-11-25 15:20:56,818 - services.admin_manager - INFO - 📋 Admin table columns: ['id', 'username', 'service_id', 'is_active', 'permissions', 'created_at', 'updated_at', 'email']
2025-11-25 15:20:56,821 - services.admin_manager - WARNING - Таблица 'reset_tokens' не найдена в базе данных
2025-11-25 15:20:56,908 - services.jwt_utils - INFO - JWT Configuration: ALGORITHM=HS256, ACCESS_TOKEN_EXPIRE_MINUTES=1440
2025-11-25 15:20:56,908 - services.jwt_utils - INFO - SECRET_KEY установлена: Да
2025-11-25 15:20:56,909 - services.jwt_utils - INFO - JWTService инициализирован с настройками: {'access_token_expire_minutes': 600, 'refresh_token_expire_days': 1, 'algorithm': 'HS512'}
2025-11-25 15:20:56,980 - api.auth - INFO - Loaded 1 reset tokens from storage
2025-11-25 15:20:57,038 - chat - INFO - Таблицы успешно созданы или уже существуют.
2025-11-25 15:20:57,038 - chat - INFO - Initializing user statuses for existing chats...
2025-11-25 15:20:57,056 - chat - INFO - User statuses initialized successfully
2025-11-25 15:28:36,538 - services.admin_manager - INFO - 🔧 AdminManager using database: portaladmins_db at localhost:5432
2025-11-25 15:28:36,587 - services.admin_manager - INFO - 📋 Admin table columns: ['id', 'username', 'service_id', 'is_active', 'permissions', 'created_at', 'updated_at', 'email']
2025-11-25 15:28:36,589 - services.admin_manager - WARNING - Таблица 'reset_tokens' не найдена в базе данных
2025-11-25 15:28:36,671 - services.jwt_utils - INFO - JWT Configuration: ALGORITHM=HS256, ACCESS_TOKEN_EXPIRE_MINUTES=1440
2025-11-25 15:28:36,672 - services.jwt_utils - INFO - SECRET_KEY установлена: Да
2025-11-25 15:28:36,672 - services.jwt_utils - INFO - JWTService инициализирован с настройками: {'access_token_expire_minutes': 600, 'refresh_token_expire_days': 1, 'algorithm': 'HS512'}
2025-11-25 15:28:36,742 - api.auth - INFO - Loaded 1 reset tokens from storage
2025-11-25 15:28:36,801 - chat - INFO - Таблицы успешно созданы или уже существуют.
2025-11-25 15:28:36,801 - chat - INFO - Initializing user statuses for existing chats...
2025-11-25 15:28:36,816 - chat - INFO - User statuses initialized successfully
2025-11-25 15:28:36,904 - api.faqs - INFO - SQLAlchemy version: 2.0.41
2025-11-25 15:28:36,929 - api.faqs - INFO - Текущие столбцы таблицы faqs: ['id', 'question', 'answer', 'category', 'created_at', 'updated_at', 'views_count', 'helpful_count', 'not_helpful_count', 'content_html', 'department', 'is_general']
2025-11-26 08:53:47,601 - services.admin_manager - INFO - 🔧 AdminManager using database: portaladmins_db at localhost:5432
2025-11-26 08:53:47,656 - services.admin_manager - INFO - 📋 Admin table columns: ['id', 'username', 'service_id', 'is_active', 'permissions', 'created_at', 'updated_at', 'email']
2025-11-26 08:53:47,658 - services.admin_manager - WARNING - Таблица 'reset_tokens' не найдена в базе данных
2025-11-26 08:53:47,740 - services.jwt_utils - INFO - JWT Configuration: ALGORITHM=HS256, ACCESS_TOKEN_EXPIRE_MINUTES=1440
2025-11-26 08:53:47,740 - services.jwt_utils - INFO - SECRET_KEY установлена: Да
2025-11-26 08:53:47,740 - services.jwt_utils - INFO - JWTService инициализирован с настройками: {'access_token_expire_minutes': 600, 'refresh_token_expire_days': 1, 'algorithm': 'HS512'}
2025-11-26 08:53:47,813 - api.auth - INFO - Loaded 1 reset tokens from storage
2025-11-26 08:53:47,869 - chat - INFO - Таблицы успешно созданы или уже существуют.
2025-11-26 08:53:47,869 - chat - INFO - Initializing user statuses for existing chats...
2025-11-26 08:53:47,885 - chat - INFO - User statuses initialized successfully
2025-11-26 08:53:47,972 - api.faqs - INFO - SQLAlchemy version: 2.0.41
2025-11-26 08:53:48,000 - api.faqs - INFO - Текущие столбцы таблицы faqs: ['id', 'question', 'answer', 'category', 'created_at', 'updated_at', 'views_count', 'helpful_count', 'not_helpful_count', 'content_html', 'department', 'is_general']
2025-11-26 08:55:01,975 - services.admin_manager - INFO - 🔧 AdminManager using database: portaladmins_db at localhost:5432
2025-11-26 08:55:02,028 - services.admin_manager - INFO - 📋 Admin table columns: ['id', 'username', 'service_id', 'is_active', 'permissions', 'created_at', 'updated_at', 'email']
2025-11-26 08:55:02,030 - services.admin_manager - WARNING - Таблица 'reset_tokens' не найдена в базе данных
2025-11-26 08:55:02,107 - services.jwt_utils - INFO - JWT Configuration: ALGORITHM=HS256, ACCESS_TOKEN_EXPIRE_MINUTES=1440
2025-11-26 08:55:02,107 - services.jwt_utils - INFO - SECRET_KEY установлена: Да
2025-11-26 08:55:02,108 - services.jwt_utils - INFO - JWTService инициализирован с настройками: {'access_token_expire_minutes': 600, 'refresh_token_expire_days': 1, 'algorithm': 'HS512'}
2025-11-26 08:55:02,180 - api.auth - INFO - Loaded 1 reset tokens from storage
2025-11-26 08:55:02,235 - chat - INFO - Таблицы успешно созданы или уже существуют.
2025-11-26 08:55:02,235 - chat - INFO - Initializing user statuses for existing chats...
2025-11-26 08:55:02,249 - chat - INFO - User statuses initialized successfully
2025-11-26 08:55:02,331 - api.faqs - INFO - SQLAlchemy version: 2.0.41
2025-11-26 08:55:02,360 - api.faqs - INFO - Текущие столбцы таблицы faqs: ['id', 'question', 'answer', 'category', 'created_at', 'updated_at', 'views_count', 'helpful_count', 'not_helpful_count', 'content_html', 'department', 'is_general']
2025-11-26 09:02:12,475 - services.admin_manager - INFO - 🔧 AdminManager using database: portaladmins_db at localhost:5432
2025-11-26 09:02:12,543 - services.admin_manager - INFO - 📋 Admin table columns: ['id', 'username', 'service_id', 'is_active', 'permissions', 'created_at', 'updated_at', 'email']
2025-11-26 09:02:12,546 - services.admin_manager - WARNING - Таблица 'reset_tokens' не найдена в базе данных
2025-11-26 09:02:12,630 - services.jwt_utils - INFO - JWT Configuration: ALGORITHM=HS256, ACCESS_TOKEN_EXPIRE_MINUTES=1440
2025-11-26 09:02:12,630 - services.jwt_utils - INFO - SECRET_KEY установлена: Да
2025-11-26 09:02:12,630 - services.jwt_utils - INFO - JWTService инициализирован с настройками: {'access_token_expire_minutes': 600, 'refresh_token_expire_days': 1, 'algorithm': 'HS512'}
2025-11-26 09:02:12,706 - api.auth - INFO - Loaded 1 reset tokens from storage
2025-11-26 09:02:12,770 - chat - INFO - Таблицы успешно созданы или уже существуют.
2025-11-26 09:02:12,770 - chat - INFO - Initializing user statuses for existing chats...
2025-11-26 09:02:12,787 - chat - INFO - User statuses initialized successfully
2025-11-26 09:02:12,878 - api.faqs - INFO - SQLAlchemy version: 2.0.41
2025-11-26 09:02:12,911 - api.faqs - INFO - Текущие столбцы таблицы faqs: ['id', 'question', 'answer', 'category', 'created_at', 'updated_at', 'views_count', 'helpful_count', 'not_helpful_count', 'content_html', 'department', 'is_general']
2025-11-26 09:02:29,354 - services.admin_manager - INFO - 🔧 AdminManager using database: portaladmins_db at localhost:5432
2025-11-26 09:02:29,416 - services.admin_manager - INFO - 📋 Admin table columns: ['id', 'username', 'service_id', 'is_active', 'permissions', 'created_at', 'updated_at', 'email']
2025-11-26 09:02:29,418 - services.admin_manager - WARNING - Таблица 'reset_tokens' не найдена в базе данных
2025-11-26 09:02:29,505 - services.jwt_utils - INFO - JWT Configuration: ALGORITHM=HS256, ACCESS_TOKEN_EXPIRE_MINUTES=1440
2025-11-26 09:02:29,505 - services.jwt_utils - INFO - SECRET_KEY установлена: Да
2025-11-26 09:02:29,505 - services.jwt_utils - INFO - JWTService инициализирован с настройками: {'access_token_expire_minutes': 600, 'refresh_token_expire_days': 1, 'algorithm': 'HS512'}
2025-11-26 09:02:29,583 - api.auth - INFO - Loaded 1 reset tokens from storage
2025-11-26 09:02:29,642 - chat - INFO - Таблицы успешно созданы или уже существуют.
2025-11-26 09:02:29,643 - chat - INFO - Initializing user statuses for existing chats...
2025-11-26 09:02:29,657 - chat - INFO - User statuses initialized successfully
2025-11-26 09:02:29,743 - api.faqs - INFO - SQLAlchemy version: 2.0.41
2025-11-26 09:02:29,775 - api.faqs - INFO - Текущие столбцы таблицы faqs: ['id', 'question', 'answer', 'category', 'created_at', 'updated_at', 'views_count', 'helpful_count', 'not_helpful_count', 'content_html', 'department', 'is_general']
2025-11-26 13:39:05,251 - services.admin_manager - INFO - 🔧 AdminManager using database: portaladmins_db at localhost:5432
2025-11-26 13:39:05,318 - services.admin_manager - INFO - 📋 Admin table columns: ['id', 'username', 'service_id', 'is_active', 'permissions', 'created_at', 'updated_at', 'email']
2025-11-26 13:39:05,322 - services.admin_manager - WARNING - Таблица 'reset_tokens' не найдена в базе данных
2025-11-26 13:39:05,413 - services.jwt_utils - INFO - JWT Configuration: ALGORITHM=HS256, ACCESS_TOKEN_EXPIRE_MINUTES=1440
2025-11-26 13:39:05,414 - services.jwt_utils - INFO - SECRET_KEY установлена: Да
2025-11-26 13:39:05,414 - services.jwt_utils - INFO - JWTService инициализирован с настройками: {'access_token_expire_minutes': 600, 'refresh_token_expire_days': 1, 'algorithm': 'HS512'}
2025-11-26 13:39:05,490 - api.auth - INFO - Loaded 1 reset tokens from storage
2025-11-26 13:39:05,551 - chat - INFO - Таблицы успешно созданы или уже существуют.
2025-11-26 13:39:05,551 - chat - INFO - Initializing user statuses for existing chats...
2025-11-26 13:39:05,567 - chat - INFO - User statuses initialized successfully
2025-11-26 13:39:05,653 - api.faqs - INFO - SQLAlchemy version: 2.0.41
2025-11-26 13:39:05,683 - api.faqs - INFO - Текущие столбцы таблицы faqs: ['id', 'question', 'answer', 'category', 'created_at', 'updated_at', 'views_count', 'helpful_count', 'not_helpful_count', 'content_html', 'department', 'is_general']
2025-11-26 13:43:40,212 - services.admin_manager - INFO - 🔧 AdminManager using database: portaladmins_db at localhost:5432
2025-11-26 13:43:40,269 - services.admin_manager - INFO - 📋 Admin table columns: ['id', 'username', 'service_id', 'is_active', 'permissions', 'created_at', 'updated_at', 'email']
2025-11-26 13:43:40,272 - services.admin_manager - WARNING - Таблица 'reset_tokens' не найдена в базе данных
2025-11-26 13:43:40,363 - services.jwt_utils - INFO - JWT Configuration: ALGORITHM=HS256, ACCESS_TOKEN_EXPIRE_MINUTES=1440
2025-11-26 13:43:40,363 - services.jwt_utils - INFO - SECRET_KEY установлена: Да
2025-11-26 13:43:40,364 - services.jwt_utils - INFO - JWTService инициализирован с настройками: {'access_token_expire_minutes': 600, 'refresh_token_expire_days': 1, 'algorithm': 'HS512'}
2025-11-26 13:43:40,449 - api.auth - INFO - Loaded 1 reset tokens from storage
2025-11-26 13:43:40,513 - chat - INFO - Таблицы успешно созданы или уже существуют.
2025-11-26 13:43:40,514 - chat - INFO - Initializing user statuses for existing chats...
2025-11-26 13:43:40,529 - chat - INFO - User statuses initialized successfully
2025-11-26 13:43:40,610 - api.faqs - INFO - SQLAlchemy version: 2.0.41
2025-11-26 13:43:40,647 - api.faqs - INFO - Текущие столбцы таблицы faqs: ['id', 'question', 'answer', 'category', 'created_at', 'updated_at', 'views_count', 'helpful_count', 'not_helpful_count', 'content_html', 'department', 'is_general']
2025-11-26 13:45:00,826 - services.admin_manager - INFO - 🔧 AdminManager using database: portaladmins_db at localhost:5432
2025-11-26 13:45:00,887 - services.admin_manager - INFO - 📋 Admin table columns: ['id', 'username', 'service_id', 'is_active', 'permissions', 'created_at', 'updated_at', 'email']
2025-11-26 13:45:00,889 - services.admin_manager - WARNING - Таблица 'reset_tokens' не найдена в базе данных
2025-11-26 13:45:00,966 - services.jwt_utils - INFO - JWT Configuration: ALGORITHM=HS256, ACCESS_TOKEN_EXPIRE_MINUTES=1440
2025-11-26 13:45:00,966 - services.jwt_utils - INFO - SECRET_KEY установлена: Да
2025-11-26 13:45:00,966 - services.jwt_utils - INFO - JWTService инициализирован с настройками: {'access_token_expire_minutes': 600, 'refresh_token_expire_days': 1, 'algorithm': 'HS512'}
2025-11-26 13:45:01,037 - api.auth - INFO - Loaded 1 reset tokens from storage
2025-11-26 13:45:01,093 - chat - INFO - Таблицы успешно созданы или уже существуют.
2025-11-26 13:45:01,094 - chat - INFO - Initializing user statuses for existing chats...
2025-11-26 13:45:01,108 - chat - INFO - User statuses initialized successfully
2025-11-26 13:45:01,193 - api.faqs - INFO - SQLAlchemy version: 2.0.41
2025-11-26 13:45:01,224 - api.faqs - INFO - Текущие столбцы таблицы faqs: ['id', 'question', 'answer', 'category', 'created_at', 'updated_at', 'views_count', 'helpful_count', 'not_helpful_count', 'content_html', 'department', 'is_general']
2025-11-26 13:45:18,481 - services.admin_manager - INFO - 🔧 AdminManager using database: portaladmins_db at localhost:5432
2025-11-26 13:45:18,533 - services.admin_manager - INFO - 📋 Admin table columns: ['id', 'username', 'service_id', 'is_active', 'permissions', 'created_at', 'updated_at', 'email']
2025-11-26 13:45:18,535 - services.admin_manager - WARNING - Таблица 'reset_tokens' не найдена в базе данных
2025-11-26 13:45:18,615 - services.jwt_utils - INFO - JWT Configuration: ALGORITHM=HS256, ACCESS_TOKEN_EXPIRE_MINUTES=1440
2025-11-26 13:45:18,615 - services.jwt_utils - INFO - SECRET_KEY установлена: Да
2025-11-26 13:45:18,615 - services.jwt_utils - INFO - JWTService инициализирован с настройками: {'access_token_expire_minutes': 600, 'refresh_token_expire_days': 1, 'algorithm': 'HS512'}
2025-11-26 13:45:18,685 - api.auth - INFO - Loaded 1 reset tokens from storage
2025-11-26 13:45:18,739 - chat - INFO - Таблицы успешно созданы или уже существуют.
2025-11-26 13:45:18,739 - chat - INFO - Initializing user statuses for existing chats...
2025-11-26 13:45:18,754 - chat - INFO - User statuses initialized successfully
2025-11-26 13:45:18,840 - api.faqs - INFO - SQLAlchemy version: 2.0.41
2025-11-26 13:45:18,872 - api.faqs - INFO - Текущие столбцы таблицы faqs: ['id', 'question', 'answer', 'category', 'created_at', 'updated_at', 'views_count', 'helpful_count', 'not_helpful_count', 'content_html', 'department', 'is_general']
2025-11-26 13:46:22,217 - services.admin_manager - INFO - 🔧 AdminManager using database: portaladmins_db at localhost:5432
2025-11-26 13:46:22,279 - services.admin_manager - INFO - 📋 Admin table columns: ['id', 'username', 'service_id', 'is_active', 'permissions', 'created_at', 'updated_at', 'email']
2025-11-26 13:46:22,281 - services.admin_manager - WARNING - Таблица 'reset_tokens' не найдена в базе данных
2025-11-26 13:46:22,362 - services.jwt_utils - INFO - JWT Configuration: ALGORITHM=HS256, ACCESS_TOKEN_EXPIRE_MINUTES=1440
2025-11-26 13:46:22,362 - services.jwt_utils - INFO - SECRET_KEY установлена: Да
2025-11-26 13:46:22,363 - services.jwt_utils - INFO - JWTService инициализирован с настройками: {'access_token_expire_minutes': 600, 'refresh_token_expire_days': 1, 'algorithm': 'HS512'}
2025-11-26 13:46:22,435 - api.auth - INFO - Loaded 1 reset tokens from storage
2025-11-26 13:46:22,494 - chat - INFO - Таблицы успешно созданы или уже существуют.
2025-11-26 13:46:22,495 - chat - INFO - Initializing user statuses for existing chats...
2025-11-26 13:46:22,513 - chat - INFO - User statuses initialized successfully
2025-11-26 13:46:22,599 - api.faqs - INFO - SQLAlchemy version: 2.0.41
2025-11-26 13:46:22,630 - api.faqs - INFO - Текущие столбцы таблицы faqs: ['id', 'question', 'answer', 'category', 'created_at', 'updated_at', 'views_count', 'helpful_count', 'not_helpful_count', 'content_html', 'department', 'is_general']
2025-11-26 13:46:24,675 - services.admin_manager - INFO - 🔧 AdminManager using database: portaladmins_db at localhost:5432
2025-11-26 13:46:24,736 - services.admin_manager - INFO - 📋 Admin table columns: ['id', 'username', 'service_id', 'is_active', 'permissions', 'created_at', 'updated_at', 'email']
2025-11-26 13:46:24,738 - services.admin_manager - WARNING - Таблица 'reset_tokens' не найдена в базе данных
2025-11-26 13:46:24,815 - services.jwt_utils - INFO - JWT Configuration: ALGORITHM=HS256, ACCESS_TOKEN_EXPIRE_MINUTES=1440
2025-11-26 13:46:24,816 - services.jwt_utils - INFO - SECRET_KEY установлена: Да
2025-11-26 13:46:24,816 - services.jwt_utils - INFO - JWTService инициализирован с настройками: {'access_token_expire_minutes': 600, 'refresh_token_expire_days': 1, 'algorithm': 'HS512'}
2025-11-26 13:46:24,889 - api.auth - INFO - Loaded 1 reset tokens from storage
2025-11-26 13:46:24,950 - chat - INFO - Таблицы успешно созданы или уже существуют.
2025-11-26 13:46:24,950 - chat - INFO - Initializing user statuses for existing chats...
2025-11-26 13:46:24,965 - chat - INFO - User statuses initialized successfully
2025-11-26 13:46:25,047 - api.faqs - INFO - SQLAlchemy version: 2.0.41
2025-11-26 13:46:25,079 - api.faqs - INFO - Текущие столбцы таблицы faqs: ['id', 'question', 'answer', 'category', 'created_at', 'updated_at', 'views_count', 'helpful_count', 'not_helpful_count', 'content_html', 'department', 'is_general']
2025-11-26 14:26:34,373 - services.admin_manager - INFO - 🔧 AdminManager using database: portaladmins_db at localhost:5432
2025-11-26 14:26:34,423 - services.admin_manager - INFO - 📋 Admin table columns: ['id', 'username', 'service_id', 'is_active', 'permissions', 'created_at', 'updated_at', 'email']
2025-11-26 14:26:34,425 - services.admin_manager - WARNING - Таблица 'reset_tokens' не найдена в базе данных
2025-11-26 14:26:34,511 - services.jwt_utils - INFO - JWT Configuration: ALGORITHM=HS256, ACCESS_TOKEN_EXPIRE_MINUTES=1440
2025-11-26 14:26:34,511 - services.jwt_utils - INFO - SECRET_KEY установлена: Да
2025-11-26 14:26:34,511 - services.jwt_utils - INFO - JWTService инициализирован с настройками: {'access_token_expire_minutes': 600, 'refresh_token_expire_days': 1, 'algorithm': 'HS512'}
2025-11-26 14:26:34,582 - api.auth - INFO - Loaded 1 reset tokens from storage
2025-11-26 14:26:34,639 - chat - INFO - Таблицы успешно созданы или уже существуют.
2025-11-26 14:26:34,639 - chat - INFO - Initializing user statuses for existing chats...
2025-11-26 14:26:34,653 - chat - INFO - User statuses initialized successfully
2025-11-26 14:26:34,754 - api.faqs - INFO - SQLAlchemy version: 2.0.41
2025-11-26 14:26:34,790 - api.faqs - INFO - Текущие столбцы таблицы faqs: ['id', 'question', 'answer', 'category', 'created_at', 'updated_at', 'views_count', 'helpful_count', 'not_helpful_count', 'content_html', 'department', 'is_general']
2025-11-26 14:29:07,782 - services.admin_manager - INFO - 🔧 AdminManager using database: portaladmins_db at localhost:5432
2025-11-26 14:29:07,841 - services.admin_manager - INFO - 📋 Admin table columns: ['id', 'username', 'service_id', 'is_active', 'permissions', 'created_at', 'updated_at', 'email']
2025-11-26 14:29:07,843 - services.admin_manager - WARNING - Таблица 'reset_tokens' не найдена в базе данных
2025-11-26 14:29:07,926 - services.jwt_utils - INFO - JWT Configuration: ALGORITHM=HS256, ACCESS_TOKEN_EXPIRE_MINUTES=1440
2025-11-26 14:29:07,927 - services.jwt_utils - INFO - SECRET_KEY установлена: Да
2025-11-26 14:29:07,927 - services.jwt_utils - INFO - JWTService инициализирован с настройками: {'access_token_expire_minutes': 600, 'refresh_token_expire_days': 1, 'algorithm': 'HS512'}
2025-11-26 14:29:08,000 - api.auth - INFO - Loaded 1 reset tokens from storage
2025-11-26 14:29:08,060 - chat - INFO - Таблицы успешно созданы или уже существуют.
2025-11-26 14:29:08,061 - chat - INFO - Initializing user statuses for existing chats...
2025-11-26 14:29:08,077 - chat - INFO - User statuses initialized successfully
2025-11-26 14:29:08,165 - api.faqs - INFO - SQLAlchemy version: 2.0.41
2025-11-26 14:29:08,192 - api.faqs - INFO - Текущие столбцы таблицы faqs: ['id', 'question', 'answer', 'category', 'created_at', 'updated_at', 'views_count', 'helpful_count', 'not_helpful_count', 'content_html', 'department', 'is_general']
2025-11-26 14:39:04,270 - services.admin_manager - INFO - 🔧 AdminManager using database: portaladmins_db at localhost:5432
2025-11-26 14:39:04,326 - services.admin_manager - INFO - 📋 Admin table columns: ['id', 'username', 'service_id', 'is_active', 'permissions', 'created_at', 'updated_at', 'email']
2025-11-26 14:39:04,329 - services.admin_manager - WARNING - Таблица 'reset_tokens' не найдена в базе данных
2025-11-26 14:39:04,405 - services.jwt_utils - INFO - JWT Configuration: ALGORITHM=HS256, ACCESS_TOKEN_EXPIRE_MINUTES=1440
2025-11-26 14:39:04,405 - services.jwt_utils - INFO - SECRET_KEY установлена: Да
2025-11-26 14:39:04,405 - services.jwt_utils - INFO - JWTService инициализирован с настройками: {'access_token_expire_minutes': 600, 'refresh_token_expire_days': 1, 'algorithm': 'HS512'}
2025-11-26 14:39:04,471 - api.auth - INFO - Loaded 1 reset tokens from storage
2025-11-26 14:39:04,524 - chat - INFO - Таблицы успешно созданы или уже существуют.
2025-11-26 14:39:04,524 - chat - INFO - Initializing user statuses for existing chats...
2025-11-26 14:39:04,538 - chat - INFO - User statuses initialized successfully
2025-11-26 14:39:04,616 - api.faqs - INFO - SQLAlchemy version: 2.0.41
2025-11-26 14:39:04,642 - api.faqs - INFO - Текущие столбцы таблицы faqs: ['id', 'question', 'answer', 'category', 'created_at', 'updated_at', 'views_count', 'helpful_count', 'not_helpful_count', 'content_html', 'department', 'is_general']
2025-11-26 14:40:05,851 - services.admin_manager - INFO - 🔧 AdminManager using database: portaladmins_db at localhost:5432
2025-11-26 14:40:05,903 - services.admin_manager - INFO - 📋 Admin table columns: ['id', 'username', 'service_id', 'is_active', 'permissions', 'created_at', 'updated_at', 'email']
2025-11-26 14:40:05,905 - services.admin_manager - WARNING - Таблица 'reset_tokens' не найдена в базе данных
2025-11-26 14:40:05,994 - services.jwt_utils - INFO - JWT Configuration: ALGORITHM=HS256, ACCESS_TOKEN_EXPIRE_MINUTES=1440
2025-11-26 14:40:05,994 - services.jwt_utils - INFO - SECRET_KEY установлена: Да
2025-11-26 14:40:05,994 - services.jwt_utils - INFO - JWTService инициализирован с настройками: {'access_token_expire_minutes': 600, 'refresh_token_expire_days': 1, 'algorithm': 'HS512'}
2025-11-26 14:40:06,062 - api.auth - INFO - Loaded 1 reset tokens from storage
2025-11-26 14:40:06,117 - chat - INFO - Таблицы успешно созданы или уже существуют.
2025-11-26 14:40:06,117 - chat - INFO - Initializing user statuses for existing chats...
2025-11-26 14:40:06,132 - chat - INFO - User statuses initialized successfully
2025-11-26 14:40:06,220 - api.faqs - INFO - SQLAlchemy version: 2.0.41
2025-11-26 14:40:06,247 - api.faqs - INFO - Текущие столбцы таблицы faqs: ['id', 'question', 'answer', 'category', 'created_at', 'updated_at', 'views_count', 'helpful_count', 'not_helpful_count', 'content_html', 'department', 'is_general']
2025-11-26 14:42:02,378 - services.admin_manager - INFO - 🔧 AdminManager using database: portaladmins_db at localhost:5432
2025-11-26 14:42:02,444 - services.admin_manager - INFO - 📋 Admin table columns: ['id', 'username', 'service_id', 'is_active', 'permissions', 'created_at', 'updated_at', 'email']
2025-11-26 14:42:02,447 - services.admin_manager - WARNING - Таблица 'reset_tokens' не найдена в базе данных
2025-11-26 14:42:02,551 - services.jwt_utils - INFO - JWT Configuration: ALGORITHM=HS256, ACCESS_TOKEN_EXPIRE_MINUTES=1440
2025-11-26 14:42:02,551 - services.jwt_utils - INFO - SECRET_KEY установлена: Да
2025-11-26 14:42:02,552 - services.jwt_utils - INFO - JWTService инициализирован с настройками: {'access_token_expire_minutes': 600, 'refresh_token_expire_days': 1, 'algorithm': 'HS512'}
2025-11-26 14:42:02,641 - api.auth - INFO - Loaded 1 reset tokens from storage
2025-11-26 14:42:02,701 - chat - INFO - Таблицы успешно созданы или уже существуют.
2025-11-26 14:42:02,702 - chat - INFO - Initializing user statuses for existing chats...
2025-11-26 14:42:02,721 - chat - INFO - User statuses initialized successfully
2025-11-26 14:42:02,810 - api.faqs - INFO - SQLAlchemy version: 2.0.41
2025-11-26 14:42:02,844 - api.faqs - INFO - Текущие столбцы таблицы faqs: ['id', 'question', 'answer', 'category', 'created_at', 'updated_at', 'views_count', 'helpful_count', 'not_helpful_count', 'content_html', 'department', 'is_general']
2025-11-26 14:43:08,317 - services.admin_manager - INFO - 🔧 AdminManager using database: portaladmins_db at localhost:5432
2025-11-26 14:43:08,377 - services.admin_manager - INFO - 📋 Admin table columns: ['id', 'username', 'service_id', 'is_active', 'permissions', 'created_at', 'updated_at', 'email']
2025-11-26 14:43:08,379 - services.admin_manager - WARNING - Таблица 'reset_tokens' не найдена в базе данных
2025-11-26 14:43:08,459 - services.jwt_utils - INFO - JWT Configuration: ALGORITHM=HS256, ACCESS_TOKEN_EXPIRE_MINUTES=1440
2025-11-26 14:43:08,459 - services.jwt_utils - INFO - SECRET_KEY установлена: Да
2025-11-26 14:43:08,459 - services.jwt_utils - INFO - JWTService инициализирован с настройками: {'access_token_expire_minutes': 600, 'refresh_token_expire_days': 1, 'algorithm': 'HS512'}
2025-11-26 14:43:08,537 - api.auth - INFO - Loaded 1 reset tokens from storage
2025-11-26 14:43:08,594 - chat - INFO - Таблицы успешно созданы или уже существуют.
2025-11-26 14:43:08,594 - chat - INFO - Initializing user statuses for existing chats...
2025-11-26 14:43:08,608 - chat - INFO - User statuses initialized successfully
2025-11-26 14:43:08,689 - api.faqs - INFO - SQLAlchemy version: 2.0.41
2025-11-26 14:43:08,720 - api.faqs - INFO - Текущие столбцы таблицы faqs: ['id', 'question', 'answer', 'category', 'created_at', 'updated_at', 'views_count', 'helpful_count', 'not_helpful_count', 'content_html', 'department', 'is_general']
2025-11-26 14:45:25,000 - services.admin_manager - INFO - 🔧 AdminManager using database: portaladmins_db at localhost:5432
2025-11-26 14:45:25,051 - services.admin_manager - INFO - 📋 Admin table columns: ['id', 'username', 'service_id', 'is_active', 'permissions', 'created_at', 'updated_at', 'email']
2025-11-26 14:45:25,053 - services.admin_manager - WARNING - Таблица 'reset_tokens' не найдена в базе данных
2025-11-26 14:45:25,130 - services.jwt_utils - INFO - JWT Configuration: ALGORITHM=HS256, ACCESS_TOKEN_EXPIRE_MINUTES=1440
2025-11-26 14:45:25,130 - services.jwt_utils - INFO - SECRET_KEY установлена: Да
2025-11-26 14:45:25,130 - services.jwt_utils - INFO - JWTService инициализирован с настройками: {'access_token_expire_minutes': 600, 'refresh_token_expire_days': 1, 'algorithm': 'HS512'}
2025-11-26 14:45:25,198 - api.auth - INFO - Loaded 1 reset tokens from storage
2025-11-26 14:45:25,252 - chat - INFO - Таблицы успешно созданы или уже существуют.
2025-11-26 14:45:25,252 - chat - INFO - Initializing user statuses for existing chats...
2025-11-26 14:45:25,267 - chat - INFO - User statuses initialized successfully
2025-11-26 14:45:25,345 - api.faqs - INFO - SQLAlchemy version: 2.0.41
2025-11-26 14:45:25,373 - api.faqs - INFO - Текущие столбцы таблицы faqs: ['id', 'question', 'answer', 'category', 'created_at', 'updated_at', 'views_count', 'helpful_count', 'not_helpful_count', 'content_html', 'department', 'is_general']
2025-11-26 14:45:53,048 - services.admin_manager - INFO - 🔧 AdminManager using database: portaladmins_db at localhost:5432
2025-11-26 14:45:53,101 - services.admin_manager - INFO - 📋 Admin table columns: ['id', 'username', 'service_id', 'is_active', 'permissions', 'created_at', 'updated_at', 'email']
2025-11-26 14:45:53,103 - services.admin_manager - WARNING - Таблица 'reset_tokens' не найдена в базе данных
2025-11-26 14:45:53,184 - services.jwt_utils - INFO - JWT Configuration: ALGORITHM=HS256, ACCESS_TOKEN_EXPIRE_MINUTES=1440
2025-11-26 14:45:53,184 - services.jwt_utils - INFO - SECRET_KEY установлена: Да
2025-11-26 14:45:53,185 - services.jwt_utils - INFO - JWTService инициализирован с настройками: {'access_token_expire_minutes': 600, 'refresh_token_expire_days': 1, 'algorithm': 'HS512'}
2025-11-26 14:45:53,259 - api.auth - INFO - Loaded 1 reset tokens from storage
2025-11-26 14:45:53,318 - chat - INFO - Таблицы успешно созданы или уже существуют.
2025-11-26 14:45:53,318 - chat - INFO - Initializing user statuses for existing chats...
2025-11-26 14:45:53,333 - chat - INFO - User statuses initialized successfully
2025-11-26 14:45:53,413 - api.faqs - INFO - SQLAlchemy version: 2.0.41
2025-11-26 14:45:53,443 - api.faqs - INFO - Текущие столбцы таблицы faqs: ['id', 'question', 'answer', 'category', 'created_at', 'updated_at', 'views_count', 'helpful_count', 'not_helpful_count', 'content_html', 'department', 'is_general']
2025-11-26 14:53:27,564 - services.admin_manager - INFO - 🔧 AdminManager using database: portaladmins_db at localhost:5432
2025-11-26 14:53:27,619 - services.admin_manager - INFO - 📋 Admin table columns: ['id', 'username', 'service_id', 'is_active', 'permissions', 'created_at', 'updated_at', 'email']
2025-11-26 14:53:27,622 - services.admin_manager - WARNING - Таблица 'reset_tokens' не найдена в базе данных
2025-11-26 14:53:27,704 - services.jwt_utils - INFO - JWT Configuration: ALGORITHM=HS256, ACCESS_TOKEN_EXPIRE_MINUTES=1440
2025-11-26 14:53:27,704 - services.jwt_utils - INFO - SECRET_KEY установлена: Да
2025-11-26 14:53:27,705 - services.jwt_utils - INFO - JWTService инициализирован с настройками: {'access_token_expire_minutes': 600, 'refresh_token_expire_days': 1, 'algorithm': 'HS512'}
2025-11-26 14:53:27,776 - api.auth - INFO - Loaded 1 reset tokens from storage
2025-11-26 14:53:27,832 - chat - INFO - Таблицы успешно созданы или уже существуют.
2025-11-26 14:53:27,832 - chat - INFO - Initializing user statuses for existing chats...
2025-11-26 14:53:27,846 - chat - INFO - User statuses initialized successfully
2025-11-26 14:53:27,928 - api.faqs - INFO - SQLAlchemy version: 2.0.41
2025-11-26 14:53:27,956 - api.faqs - INFO - Текущие столбцы таблицы faqs: ['id', 'question', 'answer', 'category', 'created_at', 'updated_at', 'views_count', 'helpful_count', 'not_helpful_count', 'content_html', 'department', 'is_general']
2025-11-26 16:18:28,252 - services.admin_manager - INFO - 🔧 AdminManager using database: portaladmins_db at localhost:5432
2025-11-26 16:18:28,320 - services.admin_manager - INFO - 📋 Admin table columns: ['id', 'username', 'service_id', 'is_active', 'permissions', 'created_at', 'updated_at', 'email']
2025-11-26 16:18:28,323 - services.admin_manager - WARNING - Таблица 'reset_tokens' не найдена в базе данных
2025-11-26 16:18:28,409 - services.jwt_utils - INFO - JWT Configuration: ALGORITHM=HS256, ACCESS_TOKEN_EXPIRE_MINUTES=1440
2025-11-26 16:18:28,410 - services.jwt_utils - INFO - SECRET_KEY установлена: Да
2025-11-26 16:18:28,410 - services.jwt_utils - INFO - JWTService инициализирован с настройками: {'access_token_expire_minutes': 600, 'refresh_token_expire_days': 1, 'algorithm': 'HS512'}
2025-11-26 16:18:28,479 - api.auth - INFO - Loaded 1 reset tokens from storage
2025-11-26 16:18:28,542 - chat - INFO - Таблицы успешно созданы или уже существуют.
2025-11-26 16:18:28,542 - chat - INFO - Initializing user statuses for existing chats...
2025-11-26 16:18:28,556 - chat - INFO - User statuses initialized successfully
2025-11-26 16:18:28,644 - api.faqs - INFO - SQLAlchemy version: 2.0.41
2025-11-26 16:18:28,671 - api.faqs - INFO - Текущие столбцы таблицы faqs: ['id', 'question', 'answer', 'category', 'created_at', 'updated_at', 'views_count', 'helpful_count', 'not_helpful_count', 'content_html', 'department', 'is_general']
2025-11-27 09:30:57,548 - services.admin_manager - INFO - 🔧 AdminManager using database: portaladmins_db at localhost:5432
2025-11-27 09:30:57,609 - services.admin_manager - INFO - 📋 Admin table columns: ['id', 'username', 'service_id', 'is_active', 'permissions', 'created_at', 'updated_at', 'email']
2025-11-27 09:30:57,613 - services.admin_manager - WARNING - Таблица 'reset_tokens' не найдена в базе данных
2025-11-27 09:30:57,709 - services.jwt_utils - INFO - JWT Configuration: ALGORITHM=HS256, ACCESS_TOKEN_EXPIRE_MINUTES=1440
2025-11-27 09:30:57,709 - services.jwt_utils - INFO - SECRET_KEY установлена: Да
2025-11-27 09:30:57,710 - services.jwt_utils - INFO - JWTService инициализирован с настройками: {'access_token_expire_minutes': 600, 'refresh_token_expire_days': 1, 'algorithm': 'HS512'}
2025-11-27 09:30:57,783 - api.auth - INFO - Loaded 1 reset tokens from storage
2025-11-27 09:30:57,844 - chat - INFO - Таблицы успешно созданы или уже существуют.
2025-11-27 09:30:57,844 - chat - INFO - Initializing user statuses for existing chats...
2025-11-27 09:30:57,861 - chat - INFO - User statuses initialized successfully
2025-11-27 09:30:57,941 - api.faqs - INFO - SQLAlchemy version: 2.0.41
2025-11-27 09:30:57,971 - api.faqs - INFO - Текущие столбцы таблицы faqs: ['id', 'question', 'answer', 'category', 'created_at', 'updated_at', 'views_count', 'helpful_count', 'not_helpful_count', 'content_html', 'department', 'is_general']
2025-11-27 09:33:48,099 - services.admin_manager - INFO - 🔧 AdminManager using database: portaladmins_db at localhost:5432
2025-11-27 09:33:48,158 - services.admin_manager - INFO - 📋 Admin table columns: ['id', 'username', 'service_id', 'is_active', 'permissions', 'created_at', 'updated_at', 'email']
2025-11-27 09:33:48,161 - services.admin_manager - WARNING - Таблица 'reset_tokens' не найдена в базе данных
2025-11-27 09:33:48,244 - services.jwt_utils - INFO - JWT Configuration: ALGORITHM=HS256, ACCESS_TOKEN_EXPIRE_MINUTES=1440
2025-11-27 09:33:48,244 - services.jwt_utils - INFO - SECRET_KEY установлена: Да
2025-11-27 09:33:48,245 - services.jwt_utils - INFO - JWTService инициализирован с настройками: {'access_token_expire_minutes': 600, 'refresh_token_expire_days': 1, 'algorithm': 'HS512'}
2025-11-27 09:33:48,315 - api.auth - INFO - Loaded 1 reset tokens from storage
2025-11-27 09:33:48,371 - chat - INFO - Таблицы успешно созданы или уже существуют.
2025-11-27 09:33:48,372 - chat - INFO - Initializing user statuses for existing chats...
2025-11-27 09:33:48,388 - chat - INFO - User statuses initialized successfully
2025-11-27 09:33:48,469 - api.faqs - INFO - SQLAlchemy version: 2.0.41
2025-11-27 09:33:48,497 - api.faqs - INFO - Текущие столбцы таблицы faqs: ['id', 'question', 'answer', 'category', 'created_at', 'updated_at', 'views_count', 'helpful_count', 'not_helpful_count', 'content_html', 'department', 'is_general']
2025-11-27 09:51:47,367 - services.admin_manager - INFO - 🔧 AdminManager using database: portaladmins_db at localhost:5432
2025-11-27 09:51:47,422 - services.admin_manager - INFO - 📋 Admin table columns: ['id', 'username', 'service_id', 'is_active', 'permissions', 'created_at', 'updated_at', 'email']
2025-11-27 09:51:47,425 - services.admin_manager - WARNING - Таблица 'reset_tokens' не найдена в базе данных
2025-11-27 09:51:47,510 - services.jwt_utils - INFO - JWT Configuration: ALGORITHM=HS256, ACCESS_TOKEN_EXPIRE_MINUTES=1440
2025-11-27 09:51:47,510 - services.jwt_utils - INFO - SECRET_KEY установлена: Да
2025-11-27 09:51:47,510 - services.jwt_utils - INFO - JWTService инициализирован с настройками: {'access_token_expire_minutes': 600, 'refresh_token_expire_days': 1, 'algorithm': 'HS512'}
2025-11-27 09:51:47,580 - api.auth - INFO - Loaded 1 reset tokens from storage
2025-11-27 09:51:47,632 - chat - INFO - Таблицы успешно созданы или уже существуют.
2025-11-27 09:51:47,633 - chat - INFO - Initializing user statuses for existing chats...
2025-11-27 09:51:47,648 - chat - INFO - User statuses initialized successfully
2025-11-27 09:51:47,733 - api.faqs - INFO - SQLAlchemy version: 2.0.41
2025-11-27 09:51:47,760 - api.faqs - INFO - Текущие столбцы таблицы faqs: ['id', 'question', 'answer', 'category', 'created_at', 'updated_at', 'views_count', 'helpful_count', 'not_helpful_count', 'content_html', 'department', 'is_general']
2025-11-27 09:52:10,178 - services.admin_manager - INFO - 🔧 AdminManager using database: portaladmins_db at localhost:5432
2025-11-27 09:52:10,239 - services.admin_manager - INFO - 📋 Admin table columns: ['id', 'username', 'service_id', 'is_active', 'permissions', 'created_at', 'updated_at', 'email']
2025-11-27 09:52:10,241 - services.admin_manager - WARNING - Таблица 'reset_tokens' не найдена в базе данных
2025-11-27 09:52:10,319 - services.jwt_utils - INFO - JWT Configuration: ALGORITHM=HS256, ACCESS_TOKEN_EXPIRE_MINUTES=1440
2025-11-27 09:52:10,320 - services.jwt_utils - INFO - SECRET_KEY установлена: Да
2025-11-27 09:52:10,320 - services.jwt_utils - INFO - JWTService инициализирован с настройками: {'access_token_expire_minutes': 600, 'refresh_token_expire_days': 1, 'algorithm': 'HS512'}
2025-11-27 09:52:10,390 - api.auth - INFO - Loaded 1 reset tokens from storage
2025-11-27 09:52:10,454 - chat - INFO - Таблицы успешно созданы или уже существуют.
2025-11-27 09:52:10,454 - chat - INFO - Initializing user statuses for existing chats...
2025-11-27 09:52:10,471 - chat - INFO - User statuses initialized successfully
2025-11-27 09:52:10,562 - api.faqs - INFO - SQLAlchemy version: 2.0.41
2025-11-27 09:52:10,595 - api.faqs - INFO - Текущие столбцы таблицы faqs: ['id', 'question', 'answer', 'category', 'created_at', 'updated_at', 'views_count', 'helpful_count', 'not_helpful_count', 'content_html', 'department', 'is_general']
2025-11-27 11:06:52,372 - services.admin_manager - INFO - 🔧 AdminManager using database: portaladmins_db at localhost:5432
2025-11-27 11:06:52,437 - services.admin_manager - INFO - 📋 Admin table columns: ['id', 'username', 'service_id', 'is_active', 'permissions', 'created_at', 'updated_at', 'email']
2025-11-27 11:06:52,441 - services.admin_manager - WARNING - Таблица 'reset_tokens' не найдена в базе данных
2025-11-27 11:06:52,538 - services.jwt_utils - INFO - JWT Configuration: ALGORITHM=HS256, ACCESS_TOKEN_EXPIRE_MINUTES=1440
2025-11-27 11:06:52,538 - services.jwt_utils - INFO - SECRET_KEY установлена: Да
2025-11-27 11:06:52,539 - services.jwt_utils - INFO - JWTService инициализирован с настройками: {'access_token_expire_minutes': 600, 'refresh_token_expire_days': 1, 'algorithm': 'HS512'}
2025-11-27 11:06:52,615 - api.auth - INFO - Loaded 1 reset tokens from storage
2025-11-27 11:06:52,677 - chat - INFO - Таблицы успешно созданы или уже существуют.
2025-11-27 11:06:52,677 - chat - INFO - Initializing user statuses for existing chats...
2025-11-27 11:06:52,695 - chat - INFO - User statuses initialized successfully
2025-11-27 11:06:52,781 - api.faqs - INFO - SQLAlchemy version: 2.0.41
2025-11-27 11:06:52,813 - api.faqs - INFO - Текущие столбцы таблицы faqs: ['id', 'question', 'answer', 'category', 'created_at', 'updated_at', 'views_count', 'helpful_count', 'not_helpful_count', 'content_html', 'department', 'is_general']
2025-11-27 11:50:29,973 - services.admin_manager - INFO - 🔧 AdminManager using database: portaladmins_db at localhost:5432
2025-11-27 11:50:30,027 - services.admin_manager - INFO - 📋 Admin table columns: ['id', 'username', 'service_id', 'is_active', 'permissions', 'created_at', 'updated_at', 'email']
2025-11-27 11:50:30,030 - services.admin_manager - WARNING - Таблица 'reset_tokens' не найдена в базе данных
2025-11-27 11:50:30,123 - services.jwt_utils - INFO - JWT Configuration: ALGORITHM=HS256, ACCESS_TOKEN_EXPIRE_MINUTES=1440
2025-11-27 11:50:30,123 - services.jwt_utils - INFO - SECRET_KEY установлена: Да
2025-11-27 11:50:30,123 - services.jwt_utils - INFO - JWTService инициализирован с настройками: {'access_token_expire_minutes': 600, 'refresh_token_expire_days': 1, 'algorithm': 'HS512'}
2025-11-27 11:50:30,193 - api.auth - INFO - Loaded 1 reset tokens from storage
2025-11-27 11:50:30,250 - chat - INFO - Таблицы успешно созданы или уже существуют.
2025-11-27 11:50:30,250 - chat - INFO - Initializing user statuses for existing chats...
2025-11-27 11:50:30,264 - chat - INFO - User statuses initialized successfully
2025-11-27 11:50:30,349 - api.faqs - INFO - SQLAlchemy version: 2.0.41
2025-11-27 11:50:30,376 - api.faqs - INFO - Текущие столбцы таблицы faqs: ['id', 'question', 'answer', 'category', 'created_at', 'updated_at', 'views_count', 'helpful_count', 'not_helpful_count', 'content_html', 'department', 'is_general']
2025-11-27 15:46:31,322 - services.admin_manager - INFO - 🔧 AdminManager using database: portaladmins_db at localhost:5432
2025-11-27 15:46:31,381 - services.admin_manager - INFO - 📋 Admin table columns: ['id', 'username', 'service_id', 'is_active', 'permissions', 'created_at', 'updated_at', 'email']
2025-11-27 15:46:31,384 - services.admin_manager - WARNING - Таблица 'reset_tokens' не найдена в базе данных
2025-11-27 15:46:31,475 - services.jwt_utils - INFO - JWT Configuration: ALGORITHM=HS256, ACCESS_TOKEN_EXPIRE_MINUTES=1440
2025-11-27 15:46:31,476 - services.jwt_utils - INFO - SECRET_KEY установлена: Да
2025-11-27 15:46:31,476 - services.jwt_utils - INFO - JWTService инициализирован с настройками: {'access_token_expire_minutes': 600, 'refresh_token_expire_days': 1, 'algorithm': 'HS512'}
2025-11-27 15:46:31,565 - api.auth - INFO - Loaded 1 reset tokens from storage
2025-11-27 15:46:31,641 - chat - INFO - Таблицы успешно созданы или уже существуют.
2025-11-27 15:46:31,641 - chat - INFO - Initializing user statuses for existing chats...
2025-11-27 15:46:31,659 - chat - INFO - User statuses initialized successfully
2025-11-27 15:46:31,754 - api.faqs - INFO - SQLAlchemy version: 2.0.41
2025-11-27 15:46:31,782 - api.faqs - INFO - Текущие столбцы таблицы faqs: ['id', 'question', 'answer', 'category', 'created_at', 'updated_at', 'views_count', 'helpful_count', 'not_helpful_count', 'content_html', 'department', 'is_general']
2025-11-27 16:02:03,515 - services.admin_manager - INFO - 🔧 AdminManager using database: portaladmins_db at localhost:5432
2025-11-27 16:02:03,575 - services.admin_manager - INFO - 📋 Admin table columns: ['id', 'username', 'service_id', 'is_active', 'permissions', 'created_at', 'updated_at', 'email']
2025-11-27 16:02:03,578 - services.admin_manager - WARNING - Таблица 'reset_tokens' не найдена в базе данных
2025-11-27 16:02:03,660 - services.jwt_utils - INFO - JWT Configuration: ALGORITHM=HS256, ACCESS_TOKEN_EXPIRE_MINUTES=1440
2025-11-27 16:02:03,660 - services.jwt_utils - INFO - SECRET_KEY установлена: Да
2025-11-27 16:02:03,660 - services.jwt_utils - INFO - JWTService инициализирован с настройками: {'access_token_expire_minutes': 600, 'refresh_token_expire_days': 1, 'algorithm': 'HS512'}
2025-11-27 16:02:03,738 - api.auth - INFO - Loaded 1 reset tokens from storage
2025-11-27 16:02:03,803 - chat - INFO - Таблицы успешно созданы или уже существуют.
2025-11-27 16:02:03,803 - chat - INFO - Initializing user statuses for existing chats...
2025-11-27 16:02:03,822 - chat - INFO - User statuses initialized successfully
2025-11-27 16:02:03,913 - api.faqs - INFO - SQLAlchemy version: 2.0.41
2025-11-27 16:02:03,942 - api.faqs - INFO - Текущие столбцы таблицы faqs: ['id', 'question', 'answer', 'category', 'created_at', 'updated_at', 'views_count', 'helpful_count', 'not_helpful_count', 'content_html', 'department', 'is_general']
2025-11-27 16:11:38,193 - services.admin_manager - INFO - 🔧 AdminManager using database: portaladmins_db at localhost:5432
2025-11-27 16:11:38,251 - services.admin_manager - INFO - 📋 Admin table columns: ['id', 'username', 'service_id', 'is_active', 'permissions', 'created_at', 'updated_at', 'email']
2025-11-27 16:11:38,253 - services.admin_manager - WARNING - Таблица 'reset_tokens' не найдена в базе данных
2025-11-27 16:11:38,335 - services.jwt_utils - INFO - JWT Configuration: ALGORITHM=HS256, ACCESS_TOKEN_EXPIRE_MINUTES=1440
2025-11-27 16:11:38,336 - services.jwt_utils - INFO - SECRET_KEY установлена: Да
2025-11-27 16:11:38,336 - services.jwt_utils - INFO - JWTService инициализирован с настройками: {'access_token_expire_minutes': 600, 'refresh_token_expire_days': 1, 'algorithm': 'HS512'}
2025-11-27 16:11:38,410 - api.auth - INFO - Loaded 1 reset tokens from storage
2025-11-27 16:11:38,471 - chat - INFO - Таблицы успешно созданы или уже существуют.
2025-11-27 16:11:38,472 - chat - INFO - Initializing user statuses for existing chats...
2025-11-27 16:11:38,489 - chat - INFO - User statuses initialized successfully
2025-11-27 16:11:38,581 - api.faqs - INFO - SQLAlchemy version: 2.0.41
2025-11-27 16:11:38,609 - api.faqs - INFO - Текущие столбцы таблицы faqs: ['id', 'question', 'answer', 'category', 'created_at', 'updated_at', 'views_count', 'helpful_count', 'not_helpful_count', 'content_html', 'department', 'is_general']
2025-11-27 16:22:04,026 - services.admin_manager - INFO - 🔧 AdminManager using database: portaladmins_db at localhost:5432
2025-11-27 16:22:04,087 - services.admin_manager - INFO - 📋 Admin table columns: ['id', 'username', 'service_id', 'is_active', 'permissions', 'created_at', 'updated_at', 'email']
2025-11-27 16:22:04,090 - services.admin_manager - WARNING - Таблица 'reset_tokens' не найдена в базе данных
2025-11-27 16:22:04,193 - services.jwt_utils - INFO - JWT Configuration: ALGORITHM=HS256, ACCESS_TOKEN_EXPIRE_MINUTES=1440
2025-11-27 16:22:04,193 - services.jwt_utils - INFO - SECRET_KEY установлена: Да
2025-11-27 16:22:04,194 - services.jwt_utils - INFO - JWTService инициализирован с настройками: {'access_token_expire_minutes': 600, 'refresh_token_expire_days': 1, 'algorithm': 'HS512'}
2025-11-27 16:22:04,289 - api.auth - INFO - Loaded 1 reset tokens from storage
2025-11-27 16:22:04,354 - chat - INFO - Таблицы успешно созданы или уже существуют.
2025-11-27 16:22:04,354 - chat - INFO - Initializing user statuses for existing chats...
2025-11-27 16:22:04,373 - chat - INFO - User statuses initialized successfully
2025-11-27 16:22:04,469 - api.faqs - INFO - SQLAlchemy version: 2.0.41
2025-11-27 16:22:04,501 - api.faqs - INFO - Текущие столбцы таблицы faqs: ['id', 'question', 'answer', 'category', 'created_at', 'updated_at', 'views_count', 'helpful_count', 'not_helpful_count', 'content_html', 'department', 'is_general']
2025-11-27 16:22:43,480 - services.admin_manager - INFO - 🔧 AdminManager using database: portaladmins_db at localhost:5432
2025-11-27 16:22:43,548 - services.admin_manager - INFO - 📋 Admin table columns: ['id', 'username', 'service_id', 'is_active', 'permissions', 'created_at', 'updated_at', 'email']
2025-11-27 16:22:43,553 - services.admin_manager - WARNING - Таблица 'reset_tokens' не найдена в базе данных
2025-11-27 16:22:43,653 - services.jwt_utils - INFO - JWT Configuration: ALGORITHM=HS256, ACCESS_TOKEN_EXPIRE_MINUTES=1440
2025-11-27 16:22:43,653 - services.jwt_utils - INFO - SECRET_KEY установлена: Да
2025-11-27 16:22:43,653 - services.jwt_utils - INFO - JWTService инициализирован с настройками: {'access_token_expire_minutes': 600, 'refresh_token_expire_days': 1, 'algorithm': 'HS512'}
2025-11-27 16:22:43,742 - api.auth - INFO - Loaded 1 reset tokens from storage
2025-11-27 16:22:43,815 - chat - INFO - Таблицы успешно созданы или уже существуют.
2025-11-27 16:22:43,816 - chat - INFO - Initializing user statuses for existing chats...
2025-11-27 16:22:43,832 - chat - INFO - User statuses initialized successfully
2025-11-27 16:22:43,935 - api.faqs - INFO - SQLAlchemy version: 2.0.41
2025-11-27 16:22:43,965 - api.faqs - INFO - Текущие столбцы таблицы faqs: ['id', 'question', 'answer', 'category', 'created_at', 'updated_at', 'views_count', 'helpful_count', 'not_helpful_count', 'content_html', 'department', 'is_general']
2025-11-27 16:33:40,521 - services.admin_manager - INFO - 🔧 AdminManager using database: portaladmins_db at localhost:5432
2025-11-27 16:33:40,582 - services.admin_manager - INFO - 📋 Admin table columns: ['id', 'username', 'service_id', 'is_active', 'permissions', 'created_at', 'updated_at', 'email']
2025-11-27 16:33:40,585 - services.admin_manager - WARNING - Таблица 'reset_tokens' не найдена в базе данных
2025-11-27 16:33:40,681 - services.jwt_utils - INFO - JWT Configuration: ALGORITHM=HS256, ACCESS_TOKEN_EXPIRE_MINUTES=1440
2025-11-27 16:33:40,681 - services.jwt_utils - INFO - SECRET_KEY установлена: Да
2025-11-27 16:33:40,681 - services.jwt_utils - INFO - JWTService инициализирован с настройками: {'access_token_expire_minutes': 600, 'refresh_token_expire_days': 1, 'algorithm': 'HS512'}
2025-11-27 16:33:40,764 - api.auth - INFO - Loaded 1 reset tokens from storage
2025-11-27 16:33:40,837 - chat - INFO - Таблицы успешно созданы или уже существуют.
2025-11-27 16:33:40,837 - chat - INFO - Initializing user statuses for existing chats...
2025-11-27 16:33:40,854 - chat - INFO - User statuses initialized successfully
2025-11-27 16:33:40,952 - api.faqs - INFO - SQLAlchemy version: 2.0.41
2025-11-27 16:33:40,983 - api.faqs - INFO - Текущие столбцы таблицы faqs: ['id', 'question', 'answer', 'category', 'created_at', 'updated_at', 'views_count', 'helpful_count', 'not_helpful_count', 'content_html', 'department', 'is_general']
2025-11-27 16:34:55,906 - services.admin_manager - INFO - 🔧 AdminManager using database: portaladmins_db at localhost:5432
2025-11-27 16:34:55,964 - services.admin_manager - INFO - 📋 Admin table columns: ['id', 'username', 'service_id', 'is_active', 'permissions', 'created_at', 'updated_at', 'email']
2025-11-27 16:34:55,967 - services.admin_manager - WARNING - Таблица 'reset_tokens' не найдена в базе данных
2025-11-27 16:34:56,055 - services.jwt_utils - INFO - JWT Configuration: ALGORITHM=HS256, ACCESS_TOKEN_EXPIRE_MINUTES=1440
2025-11-27 16:34:56,055 - services.jwt_utils - INFO - SECRET_KEY установлена: Да
2025-11-27 16:34:56,055 - services.jwt_utils - INFO - JWTService инициализирован с настройками: {'access_token_expire_minutes': 600, 'refresh_token_expire_days': 1, 'algorithm': 'HS512'}
2025-11-27 16:34:56,127 - api.auth - INFO - Loaded 1 reset tokens from storage
2025-11-27 16:34:56,186 - chat - INFO - Таблицы успешно созданы или уже существуют.
2025-11-27 16:34:56,186 - chat - INFO - Initializing user statuses for existing chats...
2025-11-27 16:34:56,202 - chat - INFO - User statuses initialized successfully
2025-11-27 16:34:56,287 - api.faqs - INFO - SQLAlchemy version: 2.0.41
2025-11-27 16:34:56,320 - api.faqs - INFO - Текущие столбцы таблицы faqs: ['id', 'question', 'answer', 'category', 'created_at', 'updated_at', 'views_count', 'helpful_count', 'not_helpful_count', 'content_html', 'department', 'is_general']
2025-11-28 15:17:30,034 - services.admin_manager - INFO - 🔧 AdminManager using database: portaladmins_db at localhost:5432
2025-11-28 15:17:30,094 - services.admin_manager - INFO - 📋 Admin table columns: ['id', 'username', 'service_id', 'is_active', 'permissions', 'created_at', 'updated_at', 'email']
2025-11-28 15:17:30,097 - services.admin_manager - WARNING - Таблица 'reset_tokens' не найдена в базе данных
2025-11-28 15:17:30,181 - services.jwt_utils - INFO - JWT Configuration: ALGORITHM=HS256, ACCESS_TOKEN_EXPIRE_MINUTES=1440
2025-11-28 15:17:30,181 - services.jwt_utils - INFO - SECRET_KEY установлена: Да
2025-11-28 15:17:30,181 - services.jwt_utils - INFO - JWTService инициализирован с настройками: {'access_token_expire_minutes': 600, 'refresh_token_expire_days': 1, 'algorithm': 'HS512'}
2025-11-28 15:17:30,254 - api.auth - INFO - Loaded 1 reset tokens from storage
2025-11-28 15:17:30,337 - chat - INFO - Таблицы успешно созданы или уже существуют.
2025-11-28 15:17:30,337 - chat - INFO - Initializing user statuses for existing chats...
2025-11-28 15:17:30,353 - chat - INFO - User statuses initialized successfully
2025-11-28 15:17:30,439 - api.faqs - INFO - SQLAlchemy version: 2.0.41
2025-11-28 15:17:30,466 - api.faqs - INFO - Текущие столбцы таблицы faqs: ['id', 'question', 'answer', 'category', 'created_at', 'updated_at', 'views_count', 'helpful_count', 'not_helpful_count', 'content_html', 'department', 'is_general']
2025-12-01 11:37:23,374 - services.admin_manager - INFO - 🔧 AdminManager using database: portaladmins_db at localhost:5432
2025-12-01 11:37:23,434 - services.admin_manager - INFO - 📋 Admin table columns: ['id', 'username', 'service_id', 'is_active', 'permissions', 'created_at', 'updated_at', 'email']
2025-12-01 11:37:23,437 - services.admin_manager - WARNING - Таблица 'reset_tokens' не найдена в базе данных
2025-12-01 11:37:23,538 - services.jwt_utils - INFO - JWT Configuration: ALGORITHM=HS256, ACCESS_TOKEN_EXPIRE_MINUTES=1440
2025-12-01 11:37:23,539 - services.jwt_utils - INFO - SECRET_KEY установлена: Да
2025-12-01 11:37:23,539 - services.jwt_utils - INFO - JWTService инициализирован с настройками: {'access_token_expire_minutes': 600, 'refresh_token_expire_days': 1, 'algorithm': 'HS512'}
2025-12-01 11:37:23,616 - api.auth - INFO - Loaded 1 reset tokens from storage
2025-12-01 11:37:23,679 - chat - INFO - Таблицы успешно созданы или уже существуют.
2025-12-01 11:37:23,680 - chat - INFO - Initializing user statuses for existing chats...
2025-12-01 11:37:23,729 - chat - INFO - User statuses initialized successfully
2025-12-01 11:37:23,821 - api.faqs - INFO - SQLAlchemy version: 2.0.41
2025-12-01 11:37:23,855 - api.faqs - INFO - Текущие столбцы таблицы faqs: ['id', 'question', 'answer', 'category', 'created_at', 'updated_at', 'views_count', 'helpful_count', 'not_helpful_count', 'content_html', 'department', 'is_general']
2025-12-01 11:40:12,179 - services.admin_manager - INFO - 🔧 AdminManager using database: portaladmins_db at localhost:5432
2025-12-01 11:40:12,232 - services.admin_manager - INFO - 📋 Admin table columns: ['id', 'username', 'service_id', 'is_active', 'permissions', 'created_at', 'updated_at', 'email']
2025-12-01 11:40:12,235 - services.admin_manager - WARNING - Таблица 'reset_tokens' не найдена в базе данных
2025-12-01 11:40:12,319 - services.jwt_utils - INFO - JWT Configuration: ALGORITHM=HS256, ACCESS_TOKEN_EXPIRE_MINUTES=1440
2025-12-01 11:40:12,320 - services.jwt_utils - INFO - SECRET_KEY установлена: Да
2025-12-01 11:40:12,320 - services.jwt_utils - INFO - JWTService инициализирован с настройками: {'access_token_expire_minutes': 600, 'refresh_token_expire_days': 1, 'algorithm': 'HS512'}
2025-12-01 11:40:12,390 - api.auth - INFO - Loaded 1 reset tokens from storage
2025-12-01 11:40:12,703 - chat - INFO - Таблицы успешно созданы или уже существуют.
2025-12-01 11:40:12,703 - chat - INFO - Initializing user statuses for existing chats...
2025-12-01 11:40:12,724 - chat - INFO - User statuses initialized successfully
2025-12-01 11:40:12,764 - api.faqs - INFO - SQLAlchemy version: 2.0.41
2025-12-01 11:40:12,792 - api.faqs - INFO - Текущие столбцы таблицы faqs: ['id', 'question', 'answer', 'category', 'created_at', 'updated_at', 'views_count', 'helpful_count', 'not_helpful_count', 'content_html', 'department', 'is_general']
2025-12-01 11:50:47,702 - services.admin_manager - INFO - 🔧 AdminManager using database: portaladmins_db at localhost:5432
2025-12-01 11:50:47,759 - services.admin_manager - INFO - 📋 Admin table columns: ['id', 'username', 'service_id', 'is_active', 'permissions', 'created_at', 'updated_at', 'email']
2025-12-01 11:50:47,762 - services.admin_manager - WARNING - Таблица 'reset_tokens' не найдена в базе данных
2025-12-01 11:50:47,845 - services.jwt_utils - INFO - JWT Configuration: ALGORITHM=HS256, ACCESS_TOKEN_EXPIRE_MINUTES=1440
2025-12-01 11:50:47,845 - services.jwt_utils - INFO - SECRET_KEY установлена: Да
2025-12-01 11:50:47,846 - services.jwt_utils - INFO - JWTService инициализирован с настройками: {'access_token_expire_minutes': 600, 'refresh_token_expire_days': 1, 'algorithm': 'HS512'}
2025-12-01 11:50:47,926 - api.auth - INFO - Loaded 1 reset tokens from storage
2025-12-01 11:50:48,262 - chat - INFO - Таблицы успешно созданы или уже существуют.
2025-12-01 11:50:48,262 - chat - INFO - Initializing user statuses for existing chats...
2025-12-01 11:50:48,285 - chat - INFO - User statuses initialized successfully
2025-12-01 11:50:48,326 - api.faqs - INFO - SQLAlchemy version: 2.0.41
2025-12-01 11:50:48,354 - api.faqs - INFO - Текущие столбцы таблицы faqs: ['id', 'question', 'answer', 'category', 'created_at', 'updated_at', 'views_count', 'helpful_count', 'not_helpful_count', 'content_html', 'department', 'is_general']
2025-12-01 13:06:48,888 - services.admin_manager - INFO - 🔧 AdminManager using database: portaladmins_db at localhost:5432
2025-12-01 13:06:48,946 - services.admin_manager - INFO - 📋 Admin table columns: ['id', 'username', 'service_id', 'is_active', 'permissions', 'created_at', 'updated_at', 'email']
2025-12-01 13:06:48,949 - services.admin_manager - WARNING - Таблица 'reset_tokens' не найдена в базе данных
2025-12-01 13:06:49,028 - services.jwt_utils - INFO - JWT Configuration: ALGORITHM=HS256, ACCESS_TOKEN_EXPIRE_MINUTES=1440
2025-12-01 13:06:49,028 - services.jwt_utils - INFO - SECRET_KEY установлена: Да
2025-12-01 13:06:49,029 - services.jwt_utils - INFO - JWTService инициализирован с настройками: {'access_token_expire_minutes': 600, 'refresh_token_expire_days': 1, 'algorithm': 'HS512'}
2025-12-01 13:06:49,112 - api.auth - INFO - Loaded 1 reset tokens from storage
2025-12-01 13:06:49,404 - chat - INFO - Таблицы успешно созданы или уже существуют.
2025-12-01 13:06:49,404 - chat - INFO - Initializing user statuses for existing chats...
2025-12-01 13:06:49,428 - chat - INFO - User statuses initialized successfully
2025-12-01 13:06:49,472 - api.faqs - INFO - SQLAlchemy version: 2.0.41
2025-12-01 13:06:49,507 - api.faqs - INFO - Текущие столбцы таблицы faqs: ['id', 'question', 'answer', 'category', 'created_at', 'updated_at', 'views_count', 'helpful_count', 'not_helpful_count', 'content_html', 'department', 'is_general']
2025-12-01 13:07:42,879 - services.admin_manager - INFO - 🔧 AdminManager using database: portaladmins_db at localhost:5432
2025-12-01 13:07:42,936 - services.admin_manager - INFO - 📋 Admin table columns: ['id', 'username', 'service_id', 'is_active', 'permissions', 'created_at', 'updated_at', 'email']
2025-12-01 13:07:42,938 - services.admin_manager - WARNING - Таблица 'reset_tokens' не найдена в базе данных
2025-12-01 13:07:43,021 - services.jwt_utils - INFO - JWT Configuration: ALGORITHM=HS256, ACCESS_TOKEN_EXPIRE_MINUTES=1440
2025-12-01 13:07:43,021 - services.jwt_utils - INFO - SECRET_KEY установлена: Да
2025-12-01 13:07:43,021 - services.jwt_utils - INFO - JWTService инициализирован с настройками: {'access_token_expire_minutes': 600, 'refresh_token_expire_days': 1, 'algorithm': 'HS512'}
2025-12-01 13:07:43,093 - api.auth - INFO - Loaded 1 reset tokens from storage
2025-12-01 13:07:43,398 - chat - INFO - Таблицы успешно созданы или уже существуют.
2025-12-01 13:07:43,398 - chat - INFO - Initializing user statuses for existing chats...
2025-12-01 13:07:43,422 - chat - INFO - User statuses initialized successfully
2025-12-01 13:07:43,461 - api.faqs - INFO - SQLAlchemy version: 2.0.41
2025-12-01 13:07:43,488 - api.faqs - INFO - Текущие столбцы таблицы faqs: ['id', 'question', 'answer', 'category', 'created_at', 'updated_at', 'views_count', 'helpful_count', 'not_helpful_count', 'content_html', 'department', 'is_general']
2025-12-01 13:07:59,403 - services.admin_manager - INFO - 🔧 AdminManager using database: portaladmins_db at localhost:5432
2025-12-01 13:07:59,456 - services.admin_manager - INFO - 📋 Admin table columns: ['id', 'username', 'service_id', 'is_active', 'permissions', 'created_at', 'updated_at', 'email']
2025-12-01 13:07:59,459 - services.admin_manager - WARNING - Таблица 'reset_tokens' не найдена в базе данных
2025-12-01 13:07:59,538 - services.jwt_utils - INFO - JWT Configuration: ALGORITHM=HS256, ACCESS_TOKEN_EXPIRE_MINUTES=1440
2025-12-01 13:07:59,538 - services.jwt_utils - INFO - SECRET_KEY установлена: Да
2025-12-01 13:07:59,538 - services.jwt_utils - INFO - JWTService инициализирован с настройками: {'access_token_expire_minutes': 600, 'refresh_token_expire_days': 1, 'algorithm': 'HS512'}
2025-12-01 13:07:59,610 - api.auth - INFO - Loaded 1 reset tokens from storage
2025-12-01 13:07:59,910 - chat - INFO - Таблицы успешно созданы или уже существуют.
2025-12-01 13:07:59,910 - chat - INFO - Initializing user statuses for existing chats...
2025-12-01 13:07:59,930 - chat - INFO - User statuses initialized successfully
2025-12-01 13:07:59,971 - api.faqs - INFO - SQLAlchemy version: 2.0.41
2025-12-01 13:08:00,003 - api.faqs - INFO - Текущие столбцы таблицы faqs: ['id', 'question', 'answer', 'category', 'created_at', 'updated_at', 'views_count', 'helpful_count', 'not_helpful_count', 'content_html', 'department', 'is_general']
2025-12-01 13:09:37,335 - services.admin_manager - INFO - 🔧 AdminManager using database: portaladmins_db at localhost:5432
2025-12-01 13:09:37,392 - services.admin_manager - INFO - 📋 Admin table columns: ['id', 'username', 'service_id', 'is_active', 'permissions', 'created_at', 'updated_at', 'email']
2025-12-01 13:09:37,395 - services.admin_manager - WARNING - Таблица 'reset_tokens' не найдена в базе данных
2025-12-01 13:09:37,481 - services.jwt_utils - INFO - JWT Configuration: ALGORITHM=HS256, ACCESS_TOKEN_EXPIRE_MINUTES=1440
2025-12-01 13:09:37,481 - services.jwt_utils - INFO - SECRET_KEY установлена: Да
2025-12-01 13:09:37,482 - services.jwt_utils - INFO - JWTService инициализирован с настройками: {'access_token_expire_minutes': 600, 'refresh_token_expire_days': 1, 'algorithm': 'HS512'}
2025-12-01 13:09:37,551 - api.auth - INFO - Loaded 1 reset tokens from storage
2025-12-01 13:09:37,865 - chat - INFO - Таблицы успешно созданы или уже существуют.
2025-12-01 13:09:37,865 - chat - INFO - Initializing user statuses for existing chats...
2025-12-01 13:09:37,888 - chat - INFO - User statuses initialized successfully
2025-12-01 13:09:37,929 - api.faqs - INFO - SQLAlchemy version: 2.0.41
2025-12-01 13:09:37,958 - api.faqs - INFO - Текущие столбцы таблицы faqs: ['id', 'question', 'answer', 'category', 'created_at', 'updated_at', 'views_count', 'helpful_count', 'not_helpful_count', 'content_html', 'department', 'is_general']
2025-12-01 13:14:06,454 - services.admin_manager - INFO - 🔧 AdminManager using database: portaladmins_db at localhost:5432
2025-12-01 13:14:06,505 - services.admin_manager - INFO - 📋 Admin table columns: ['id', 'username', 'service_id', 'is_active', 'permissions', 'created_at', 'updated_at', 'email']
2025-12-01 13:14:06,508 - services.admin_manager - WARNING - Таблица 'reset_tokens' не найдена в базе данных
2025-12-01 13:14:06,593 - services.jwt_utils - INFO - JWT Configuration: ALGORITHM=HS256, ACCESS_TOKEN_EXPIRE_MINUTES=1440
2025-12-01 13:14:06,593 - services.jwt_utils - INFO - SECRET_KEY установлена: Да
2025-12-01 13:14:06,593 - services.jwt_utils - INFO - JWTService инициализирован с настройками: {'access_token_expire_minutes': 600, 'refresh_token_expire_days': 1, 'algorithm': 'HS512'}
2025-12-01 13:14:06,665 - api.auth - INFO - Loaded 1 reset tokens from storage
2025-12-01 13:14:06,996 - chat - INFO - Таблицы успешно созданы или уже существуют.
2025-12-01 13:14:06,997 - chat - INFO - Initializing user statuses for existing chats...
2025-12-01 13:14:07,024 - chat - INFO - User statuses initialized successfully
2025-12-01 13:14:07,067 - api.faqs - INFO - SQLAlchemy version: 2.0.41
2025-12-01 13:14:07,106 - api.faqs - INFO - Текущие столбцы таблицы faqs: ['id', 'question', 'answer', 'category', 'created_at', 'updated_at', 'views_count', 'helpful_count', 'not_helpful_count', 'content_html', 'department', 'is_general']
2025-12-01 13:14:35,885 - services.admin_manager - INFO - 🔧 AdminManager using database: portaladmins_db at localhost:5432
2025-12-01 13:14:35,940 - services.admin_manager - INFO - 📋 Admin table columns: ['id', 'username', 'service_id', 'is_active', 'permissions', 'created_at', 'updated_at', 'email']
2025-12-01 13:14:35,943 - services.admin_manager - WARNING - Таблица 'reset_tokens' не найдена в базе данных
2025-12-01 13:14:36,030 - services.jwt_utils - INFO - JWT Configuration: ALGORITHM=HS256, ACCESS_TOKEN_EXPIRE_MINUTES=1440
2025-12-01 13:14:36,030 - services.jwt_utils - INFO - SECRET_KEY установлена: Да
2025-12-01 13:14:36,031 - services.jwt_utils - INFO - JWTService инициализирован с настройками: {'access_token_expire_minutes': 600, 'refresh_token_expire_days': 1, 'algorithm': 'HS512'}
2025-12-01 13:14:36,113 - api.auth - INFO - Loaded 1 reset tokens from storage
2025-12-01 13:14:36,455 - chat - INFO - Таблицы успешно созданы или уже существуют.
2025-12-01 13:14:36,456 - chat - INFO - Initializing user statuses for existing chats...
2025-12-01 13:14:36,486 - chat - INFO - User statuses initialized successfully
2025-12-01 13:14:36,529 - api.faqs - INFO - SQLAlchemy version: 2.0.41
2025-12-01 13:14:36,566 - api.faqs - INFO - Текущие столбцы таблицы faqs: ['id', 'question', 'answer', 'category', 'created_at', 'updated_at', 'views_count', 'helpful_count', 'not_helpful_count', 'content_html', 'department', 'is_general']
2025-12-01 13:19:14,193 - services.admin_manager - INFO - 🔧 AdminManager using database: portaladmins_db at localhost:5432
2025-12-01 13:19:14,253 - services.admin_manager - INFO - 📋 Admin table columns: ['id', 'username', 'service_id', 'is_active', 'permissions', 'created_at', 'updated_at', 'email']
2025-12-01 13:19:14,255 - services.admin_manager - WARNING - Таблица 'reset_tokens' не найдена в базе данных
2025-12-01 13:19:14,352 - services.jwt_utils - INFO - JWT Configuration: ALGORITHM=HS256, ACCESS_TOKEN_EXPIRE_MINUTES=1440
2025-12-01 13:19:14,352 - services.jwt_utils - INFO - SECRET_KEY установлена: Да
2025-12-01 13:19:14,352 - services.jwt_utils - INFO - JWTService инициализирован с настройками: {'access_token_expire_minutes': 600, 'refresh_token_expire_days': 1, 'algorithm': 'HS512'}
2025-12-01 13:19:14,447 - api.auth - INFO - Loaded 1 reset tokens from storage
2025-12-01 13:19:14,797 - chat - INFO - Таблицы успешно созданы или уже существуют.
2025-12-01 13:19:14,797 - chat - INFO - Initializing user statuses for existing chats...
2025-12-01 13:19:14,825 - chat - INFO - User statuses initialized successfully
2025-12-01 13:19:14,871 - api.faqs - INFO - SQLAlchemy version: 2.0.41
2025-12-01 13:19:14,906 - api.faqs - INFO - Текущие столбцы таблицы faqs: ['id', 'question', 'answer', 'category', 'created_at', 'updated_at', 'views_count', 'helpful_count', 'not_helpful_count', 'content_html', 'department', 'is_general']
2025-12-01 13:28:04,175 - services.admin_manager - INFO - 🔧 AdminManager using database: portaladmins_db at localhost:5432
2025-12-01 13:28:04,244 - services.admin_manager - INFO - 📋 Admin table columns: ['id', 'username', 'service_id', 'is_active', 'permissions', 'created_at', 'updated_at', 'email']
2025-12-01 13:28:04,246 - services.admin_manager - WARNING - Таблица 'reset_tokens' не найдена в базе данных
2025-12-01 13:28:04,342 - services.jwt_utils - INFO - JWT Configuration: ALGORITHM=HS256, ACCESS_TOKEN_EXPIRE_MINUTES=1440
2025-12-01 13:28:04,342 - services.jwt_utils - INFO - SECRET_KEY установлена: Да
2025-12-01 13:28:04,343 - services.jwt_utils - INFO - JWTService инициализирован с настройками: {'access_token_expire_minutes': 600, 'refresh_token_expire_days': 1, 'algorithm': 'HS512'}
2025-12-01 13:28:04,435 - api.auth - INFO - Loaded 1 reset tokens from storage
2025-12-01 13:28:04,803 - chat - INFO - Таблицы успешно созданы или уже существуют.
2025-12-01 13:28:04,804 - chat - INFO - Initializing user statuses for existing chats...
2025-12-01 13:28:04,838 - chat - INFO - User statuses initialized successfully
2025-12-01 13:28:04,893 - api.faqs - INFO - SQLAlchemy version: 2.0.41
2025-12-01 13:28:04,940 - api.faqs - INFO - Текущие столбцы таблицы faqs: ['id', 'question', 'answer', 'category', 'created_at', 'updated_at', 'views_count', 'helpful_count', 'not_helpful_count', 'content_html', 'department', 'is_general']
2025-12-01 13:28:37,746 - services.admin_manager - INFO - 🔧 AdminManager using database: portaladmins_db at localhost:5432
2025-12-01 13:28:37,801 - services.admin_manager - INFO - 📋 Admin table columns: ['id', 'username', 'service_id', 'is_active', 'permissions', 'created_at', 'updated_at', 'email']
2025-12-01 13:28:37,804 - services.admin_manager - WARNING - Таблица 'reset_tokens' не найдена в базе данных
2025-12-01 13:28:37,887 - services.jwt_utils - INFO - JWT Configuration: ALGORITHM=HS256, ACCESS_TOKEN_EXPIRE_MINUTES=1440
2025-12-01 13:28:37,887 - services.jwt_utils - INFO - SECRET_KEY установлена: Да
2025-12-01 13:28:37,888 - services.jwt_utils - INFO - JWTService инициализирован с настройками: {'access_token_expire_minutes': 600, 'refresh_token_expire_days': 1, 'algorithm': 'HS512'}
2025-12-01 13:28:37,968 - api.auth - INFO - Loaded 1 reset tokens from storage
2025-12-01 13:28:38,576 - chat - INFO - Таблицы успешно созданы или уже существуют.
2025-12-01 13:28:38,576 - chat - INFO - Initializing user statuses for existing chats...
2025-12-01 13:28:38,597 - chat - INFO - User statuses initialized successfully
2025-12-01 13:28:38,638 - api.faqs - INFO - SQLAlchemy version: 2.0.41
2025-12-01 13:28:38,666 - api.faqs - INFO - Текущие столбцы таблицы faqs: ['id', 'question', 'answer', 'category', 'created_at', 'updated_at', 'views_count', 'helpful_count', 'not_helpful_count', 'content_html', 'department', 'is_general']
2025-12-01 13:29:01,902 - services.admin_manager - INFO - 🔧 AdminManager using database: portaladmins_db at localhost:5432
2025-12-01 13:29:01,960 - services.admin_manager - INFO - 📋 Admin table columns: ['id', 'username', 'service_id', 'is_active', 'permissions', 'created_at', 'updated_at', 'email']
2025-12-01 13:29:01,963 - services.admin_manager - WARNING - Таблица 'reset_tokens' не найдена в базе данных
2025-12-01 13:29:02,051 - services.jwt_utils - INFO - JWT Configuration: ALGORITHM=HS256, ACCESS_TOKEN_EXPIRE_MINUTES=1440
2025-12-01 13:29:02,051 - services.jwt_utils - INFO - SECRET_KEY установлена: Да
2025-12-01 13:29:02,051 - services.jwt_utils - INFO - JWTService инициализирован с настройками: {'access_token_expire_minutes': 600, 'refresh_token_expire_days': 1, 'algorithm': 'HS512'}
2025-12-01 13:29:02,136 - api.auth - INFO - Loaded 1 reset tokens from storage
2025-12-01 13:29:02,741 - chat - INFO - Таблицы успешно созданы или уже существуют.
2025-12-01 13:29:02,741 - chat - INFO - Initializing user statuses for existing chats...
2025-12-01 13:29:02,762 - chat - INFO - User statuses initialized successfully
2025-12-01 13:29:02,807 - api.faqs - INFO - SQLAlchemy version: 2.0.41
2025-12-01 13:29:02,834 - api.faqs - INFO - Текущие столбцы таблицы faqs: ['id', 'question', 'answer', 'category', 'created_at', 'updated_at', 'views_count', 'helpful_count', 'not_helpful_count', 'content_html', 'department', 'is_general']
2025-12-01 13:29:11,078 - services.admin_manager - INFO - 🔧 AdminManager using database: portaladmins_db at localhost:5432
2025-12-01 13:29:11,139 - services.admin_manager - INFO - 📋 Admin table columns: ['id', 'username', 'service_id', 'is_active', 'permissions', 'created_at', 'updated_at', 'email']
2025-12-01 13:29:11,141 - services.admin_manager - WARNING - Таблица 'reset_tokens' не найдена в базе данных
2025-12-01 13:29:11,224 - services.jwt_utils - INFO - JWT Configuration: ALGORITHM=HS256, ACCESS_TOKEN_EXPIRE_MINUTES=1440
2025-12-01 13:29:11,224 - services.jwt_utils - INFO - SECRET_KEY установлена: Да
2025-12-01 13:29:11,224 - services.jwt_utils - INFO - JWTService инициализирован с настройками: {'access_token_expire_minutes': 600, 'refresh_token_expire_days': 1, 'algorithm': 'HS512'}
2025-12-01 13:29:11,296 - api.auth - INFO - Loaded 1 reset tokens from storage
2025-12-01 13:29:11,903 - chat - INFO - Таблицы успешно созданы или уже существуют.
2025-12-01 13:29:11,903 - chat - INFO - Initializing user statuses for existing chats...
2025-12-01 13:29:11,925 - chat - INFO - User statuses initialized successfully
2025-12-01 13:29:11,964 - api.faqs - INFO - SQLAlchemy version: 2.0.41
2025-12-01 13:29:11,995 - api.faqs - INFO - Текущие столбцы таблицы faqs: ['id', 'question', 'answer', 'category', 'created_at', 'updated_at', 'views_count', 'helpful_count', 'not_helpful_count', 'content_html', 'department', 'is_general']
2025-12-01 13:29:52,999 - services.admin_manager - INFO - 🔧 AdminManager using database: portaladmins_db at localhost:5432
2025-12-01 13:29:53,068 - services.admin_manager - INFO - 📋 Admin table columns: ['id', 'username', 'service_id', 'is_active', 'permissions', 'created_at', 'updated_at', 'email']
2025-12-01 13:29:53,071 - services.admin_manager - WARNING - Таблица 'reset_tokens' не найдена в базе данных
2025-12-01 13:29:53,171 - services.jwt_utils - INFO - JWT Configuration: ALGORITHM=HS256, ACCESS_TOKEN_EXPIRE_MINUTES=1440
2025-12-01 13:29:53,171 - services.jwt_utils - INFO - SECRET_KEY установлена: Да
2025-12-01 13:29:53,171 - services.jwt_utils - INFO - JWTService инициализирован с настройками: {'access_token_expire_minutes': 600, 'refresh_token_expire_days': 1, 'algorithm': 'HS512'}
2025-12-01 13:29:53,242 - api.auth - INFO - Loaded 1 reset tokens from storage
2025-12-01 13:29:53,877 - chat - INFO - Таблицы успешно созданы или уже существуют.
2025-12-01 13:29:53,877 - chat - INFO - Initializing user statuses for existing chats...
2025-12-01 13:29:53,902 - chat - INFO - User statuses initialized successfully
2025-12-01 13:29:53,945 - api.faqs - INFO - SQLAlchemy version: 2.0.41
2025-12-01 13:29:53,974 - api.faqs - INFO - Текущие столбцы таблицы faqs: ['id', 'question', 'answer', 'category', 'created_at', 'updated_at', 'views_count', 'helpful_count', 'not_helpful_count', 'content_html', 'department', 'is_general']
2025-12-01 13:32:14,994 - services.admin_manager - INFO - 🔧 AdminManager using database: portaladmins_db at localhost:5432
2025-12-01 13:32:15,053 - services.admin_manager - INFO - 📋 Admin table columns: ['id', 'username', 'service_id', 'is_active', 'permissions', 'created_at', 'updated_at', 'email']
2025-12-01 13:32:15,055 - services.admin_manager - WARNING - Таблица 'reset_tokens' не найдена в базе данных
2025-12-01 13:32:15,138 - services.jwt_utils - INFO - JWT Configuration: ALGORITHM=HS256, ACCESS_TOKEN_EXPIRE_MINUTES=1440
2025-12-01 13:32:15,139 - services.jwt_utils - INFO - SECRET_KEY установлена: Да
2025-12-01 13:32:15,139 - services.jwt_utils - INFO - JWTService инициализирован с настройками: {'access_token_expire_minutes': 600, 'refresh_token_expire_days': 1, 'algorithm': 'HS512'}
2025-12-01 13:32:15,229 - api.auth - INFO - Loaded 1 reset tokens from storage
2025-12-01 13:32:15,865 - chat - INFO - Таблицы успешно созданы или уже существуют.
2025-12-01 13:32:15,865 - chat - INFO - Initializing user statuses for existing chats...
2025-12-01 13:32:15,889 - chat - INFO - User statuses initialized successfully
2025-12-01 13:32:15,933 - api.faqs - INFO - SQLAlchemy version: 2.0.41
2025-12-01 13:32:15,962 - api.faqs - INFO - Текущие столбцы таблицы faqs: ['id', 'question', 'answer', 'category', 'created_at', 'updated_at', 'views_count', 'helpful_count', 'not_helpful_count', 'content_html', 'department', 'is_general']
2025-12-01 13:32:49,479 - services.admin_manager - INFO - 🔧 AdminManager using database: portaladmins_db at localhost:5432
2025-12-01 13:32:49,540 - services.admin_manager - INFO - 📋 Admin table columns: ['id', 'username', 'service_id', 'is_active', 'permissions', 'created_at', 'updated_at', 'email']
2025-12-01 13:32:49,543 - services.admin_manager - WARNING - Таблица 'reset_tokens' не найдена в базе данных
2025-12-01 13:32:49,647 - services.jwt_utils - INFO - JWT Configuration: ALGORITHM=HS256, ACCESS_TOKEN_EXPIRE_MINUTES=1440
2025-12-01 13:32:49,648 - services.jwt_utils - INFO - SECRET_KEY установлена: Да
2025-12-01 13:32:49,648 - services.jwt_utils - INFO - JWTService инициализирован с настройками: {'access_token_expire_minutes': 600, 'refresh_token_expire_days': 1, 'algorithm': 'HS512'}
2025-12-01 13:32:49,734 - api.auth - INFO - Loaded 1 reset tokens from storage
2025-12-01 13:32:50,370 - chat - INFO - Таблицы успешно созданы или уже существуют.
2025-12-01 13:32:50,370 - chat - INFO - Initializing user statuses for existing chats...
2025-12-01 13:32:50,395 - chat - INFO - User statuses initialized successfully
2025-12-01 13:32:50,438 - api.faqs - INFO - SQLAlchemy version: 2.0.41
2025-12-01 13:32:50,468 - api.faqs - INFO - Текущие столбцы таблицы faqs: ['id', 'question', 'answer', 'category', 'created_at', 'updated_at', 'views_count', 'helpful_count', 'not_helpful_count', 'content_html', 'department', 'is_general']
2025-12-01 13:33:26,126 - services.admin_manager - INFO - 🔧 AdminManager using database: portaladmins_db at localhost:5432
2025-12-01 13:33:26,179 - services.admin_manager - INFO - 📋 Admin table columns: ['id', 'username', 'service_id', 'is_active', 'permissions', 'created_at', 'updated_at', 'email']
2025-12-01 13:33:26,181 - services.admin_manager - WARNING - Таблица 'reset_tokens' не найдена в базе данных
2025-12-01 13:33:26,268 - services.jwt_utils - INFO - JWT Configuration: ALGORITHM=HS256, ACCESS_TOKEN_EXPIRE_MINUTES=1440
2025-12-01 13:33:26,268 - services.jwt_utils - INFO - SECRET_KEY установлена: Да
2025-12-01 13:33:26,269 - services.jwt_utils - INFO - JWTService инициализирован с настройками: {'access_token_expire_minutes': 600, 'refresh_token_expire_days': 1, 'algorithm': 'HS512'}
2025-12-01 13:33:26,347 - api.auth - INFO - Loaded 1 reset tokens from storage
2025-12-01 13:33:27,031 - chat - INFO - Таблицы успешно созданы или уже существуют.
2025-12-01 13:33:27,032 - chat - INFO - Initializing user statuses for existing chats...
2025-12-01 13:33:27,057 - chat - INFO - User statuses initialized successfully
2025-12-01 13:33:27,100 - api.faqs - INFO - SQLAlchemy version: 2.0.41
2025-12-01 13:33:27,137 - api.faqs - INFO - Текущие столбцы таблицы faqs: ['id', 'question', 'answer', 'category', 'created_at', 'updated_at', 'views_count', 'helpful_count', 'not_helpful_count', 'content_html', 'department', 'is_general']
2025-12-01 13:33:51,532 - services.admin_manager - INFO - 🔧 AdminManager using database: portaladmins_db at localhost:5432
2025-12-01 13:33:51,595 - services.admin_manager - INFO - 📋 Admin table columns: ['id', 'username', 'service_id', 'is_active', 'permissions', 'created_at', 'updated_at', 'email']
2025-12-01 13:33:51,597 - services.admin_manager - WARNING - Таблица 'reset_tokens' не найдена в базе данных
2025-12-01 13:33:51,676 - services.jwt_utils - INFO - JWT Configuration: ALGORITHM=HS256, ACCESS_TOKEN_EXPIRE_MINUTES=1440
2025-12-01 13:33:51,676 - services.jwt_utils - INFO - SECRET_KEY установлена: Да
2025-12-01 13:33:51,677 - services.jwt_utils - INFO - JWTService инициализирован с настройками: {'access_token_expire_minutes': 600, 'refresh_token_expire_days': 1, 'algorithm': 'HS512'}
2025-12-01 13:33:51,751 - api.auth - INFO - Loaded 1 reset tokens from storage
2025-12-01 13:33:52,396 - chat - INFO - Таблицы успешно созданы или уже существуют.
2025-12-01 13:33:52,397 - chat - INFO - Initializing user statuses for existing chats...
2025-12-01 13:33:52,424 - chat - INFO - User statuses initialized successfully
2025-12-01 13:33:52,470 - api.faqs - INFO - SQLAlchemy version: 2.0.41
2025-12-01 13:33:52,503 - api.faqs - INFO - Текущие столбцы таблицы faqs: ['id', 'question', 'answer', 'category', 'created_at', 'updated_at', 'views_count', 'helpful_count', 'not_helpful_count', 'content_html', 'department', 'is_general']
2025-12-01 13:35:50,086 - services.admin_manager - INFO - 🔧 AdminManager using database: portaladmins_db at localhost:5432
2025-12-01 13:35:50,141 - services.admin_manager - INFO - 📋 Admin table columns: ['id', 'username', 'service_id', 'is_active', 'permissions', 'created_at', 'updated_at', 'email']
2025-12-01 13:35:50,144 - services.admin_manager - WARNING - Таблица 'reset_tokens' не найдена в базе данных
2025-12-01 13:35:50,231 - services.jwt_utils - INFO - JWT Configuration: ALGORITHM=HS256, ACCESS_TOKEN_EXPIRE_MINUTES=1440
2025-12-01 13:35:50,231 - services.jwt_utils - INFO - SECRET_KEY установлена: Да
2025-12-01 13:35:50,232 - services.jwt_utils - INFO - JWTService инициализирован с настройками: {'access_token_expire_minutes': 600, 'refresh_token_expire_days': 1, 'algorithm': 'HS512'}
2025-12-01 13:35:50,310 - api.auth - INFO - Loaded 1 reset tokens from storage
2025-12-01 13:35:50,963 - chat - INFO - Таблицы успешно созданы или уже существуют.
2025-12-01 13:35:50,963 - chat - INFO - Initializing user statuses for existing chats...
2025-12-01 13:35:50,992 - chat - INFO - User statuses initialized successfully
2025-12-01 13:35:51,034 - api.faqs - INFO - SQLAlchemy version: 2.0.41
2025-12-01 13:35:51,066 - api.faqs - INFO - Текущие столбцы таблицы faqs: ['id', 'question', 'answer', 'category', 'created_at', 'updated_at', 'views_count', 'helpful_count', 'not_helpful_count', 'content_html', 'department', 'is_general']
2025-12-01 13:36:35,053 - services.admin_manager - INFO - 🔧 AdminManager using database: portaladmins_db at localhost:5432
2025-12-01 13:36:35,113 - services.admin_manager - INFO - 📋 Admin table columns: ['id', 'username', 'service_id', 'is_active', 'permissions', 'created_at', 'updated_at', 'email']
2025-12-01 13:36:35,116 - services.admin_manager - WARNING - Таблица 'reset_tokens' не найдена в базе данных
2025-12-01 13:36:35,200 - services.jwt_utils - INFO - JWT Configuration: ALGORITHM=HS256, ACCESS_TOKEN_EXPIRE_MINUTES=1440
2025-12-01 13:36:35,201 - services.jwt_utils - INFO - SECRET_KEY установлена: Да
2025-12-01 13:36:35,201 - services.jwt_utils - INFO - JWTService инициализирован с настройками: {'access_token_expire_minutes': 600, 'refresh_token_expire_days': 1, 'algorithm': 'HS512'}
2025-12-01 13:36:35,282 - api.auth - INFO - Loaded 1 reset tokens from storage
2025-12-01 13:36:35,920 - chat - INFO - Таблицы успешно созданы или уже существуют.
2025-12-01 13:36:35,920 - chat - INFO - Initializing user statuses for existing chats...
2025-12-01 13:36:35,944 - chat - INFO - User statuses initialized successfully
2025-12-01 13:36:35,992 - api.faqs - INFO - SQLAlchemy version: 2.0.41
2025-12-01 13:36:36,023 - api.faqs - INFO - Текущие столбцы таблицы faqs: ['id', 'question', 'answer', 'category', 'created_at', 'updated_at', 'views_count', 'helpful_count', 'not_helpful_count', 'content_html', 'department', 'is_general']
2025-12-01 13:37:26,773 - services.admin_manager - INFO - 🔧 AdminManager using database: portaladmins_db at localhost:5432
2025-12-01 13:37:26,828 - services.admin_manager - INFO - 📋 Admin table columns: ['id', 'username', 'service_id', 'is_active', 'permissions', 'created_at', 'updated_at', 'email']
2025-12-01 13:37:26,830 - services.admin_manager - WARNING - Таблица 'reset_tokens' не найдена в базе данных
2025-12-01 13:37:26,914 - services.jwt_utils - INFO - JWT Configuration: ALGORITHM=HS256, ACCESS_TOKEN_EXPIRE_MINUTES=1440
2025-12-01 13:37:26,914 - services.jwt_utils - INFO - SECRET_KEY установлена: Да
2025-12-01 13:37:26,915 - services.jwt_utils - INFO - JWTService инициализирован с настройками: {'access_token_expire_minutes': 600, 'refresh_token_expire_days': 1, 'algorithm': 'HS512'}
2025-12-01 13:37:26,988 - api.auth - INFO - Loaded 1 reset tokens from storage
2025-12-01 13:37:27,587 - chat - INFO - Таблицы успешно созданы или уже существуют.
2025-12-01 13:37:27,587 - chat - INFO - Initializing user statuses for existing chats...
2025-12-01 13:37:27,609 - chat - INFO - User statuses initialized successfully
2025-12-01 13:37:27,648 - api.faqs - INFO - SQLAlchemy version: 2.0.41
2025-12-01 13:37:27,679 - api.faqs - INFO - Текущие столбцы таблицы faqs: ['id', 'question', 'answer', 'category', 'created_at', 'updated_at', 'views_count', 'helpful_count', 'not_helpful_count', 'content_html', 'department', 'is_general']
2025-12-01 13:38:23,995 - services.admin_manager - INFO - 🔧 AdminManager using database: portaladmins_db at localhost:5432
2025-12-01 13:38:24,058 - services.admin_manager - INFO - 📋 Admin table columns: ['id', 'username', 'service_id', 'is_active', 'permissions', 'created_at', 'updated_at', 'email']
2025-12-01 13:38:24,062 - services.admin_manager - WARNING - Таблица 'reset_tokens' не найдена в базе данных
2025-12-01 13:38:24,150 - services.jwt_utils - INFO - JWT Configuration: ALGORITHM=HS256, ACCESS_TOKEN_EXPIRE_MINUTES=1440
2025-12-01 13:38:24,150 - services.jwt_utils - INFO - SECRET_KEY установлена: Да
2025-12-01 13:38:24,150 - services.jwt_utils - INFO - JWTService инициализирован с настройками: {'access_token_expire_minutes': 600, 'refresh_token_expire_days': 1, 'algorithm': 'HS512'}
2025-12-01 13:38:24,224 - api.auth - INFO - Loaded 1 reset tokens from storage
2025-12-01 13:38:24,842 - chat - INFO - Таблицы успешно созданы или уже существуют.
2025-12-01 13:38:24,842 - chat - INFO - Initializing user statuses for existing chats...
2025-12-01 13:38:24,864 - chat - INFO - User statuses initialized successfully
2025-12-01 13:38:24,905 - api.faqs - INFO - SQLAlchemy version: 2.0.41
2025-12-01 13:38:24,936 - api.faqs - INFO - Текущие столбцы таблицы faqs: ['id', 'question', 'answer', 'category', 'created_at', 'updated_at', 'views_count', 'helpful_count', 'not_helpful_count', 'content_html', 'department', 'is_general']
2025-12-01 13:38:56,979 - services.admin_manager - INFO - 🔧 AdminManager using database: portaladmins_db at localhost:5432
2025-12-01 13:38:57,040 - services.admin_manager - INFO - 📋 Admin table columns: ['id', 'username', 'service_id', 'is_active', 'permissions', 'created_at', 'updated_at', 'email']
2025-12-01 13:38:57,042 - services.admin_manager - WARNING - Таблица 'reset_tokens' не найдена в базе данных
2025-12-01 13:38:57,127 - services.jwt_utils - INFO - JWT Configuration: ALGORITHM=HS256, ACCESS_TOKEN_EXPIRE_MINUTES=1440
2025-12-01 13:38:57,127 - services.jwt_utils - INFO - SECRET_KEY установлена: Да
2025-12-01 13:38:57,127 - services.jwt_utils - INFO - JWTService инициализирован с настройками: {'access_token_expire_minutes': 600, 'refresh_token_expire_days': 1, 'algorithm': 'HS512'}
2025-12-01 13:38:57,204 - api.auth - INFO - Loaded 1 reset tokens from storage
2025-12-01 13:38:57,829 - chat - INFO - Таблицы успешно созданы или уже существуют.
2025-12-01 13:38:57,830 - chat - INFO - Initializing user statuses for existing chats...
2025-12-01 13:38:57,852 - chat - INFO - User statuses initialized successfully
2025-12-01 13:38:57,893 - api.faqs - INFO - SQLAlchemy version: 2.0.41
2025-12-01 13:38:57,923 - api.faqs - INFO - Текущие столбцы таблицы faqs: ['id', 'question', 'answer', 'category', 'created_at', 'updated_at', 'views_count', 'helpful_count', 'not_helpful_count', 'content_html', 'department', 'is_general']
2025-12-01 15:33:58,990 - services.admin_manager - INFO - 🔧 AdminManager using database: portaladmins_db at localhost:5432
2025-12-01 15:33:59,055 - services.admin_manager - INFO - 📋 Admin table columns: ['id', 'username', 'service_id', 'is_active', 'permissions', 'created_at', 'updated_at', 'email']
2025-12-01 15:33:59,059 - services.admin_manager - WARNING - Таблица 'reset_tokens' не найдена в базе данных
2025-12-01 15:33:59,157 - services.jwt_utils - INFO - JWT Configuration: ALGORITHM=HS256, ACCESS_TOKEN_EXPIRE_MINUTES=1440
2025-12-01 15:33:59,158 - services.jwt_utils - INFO - SECRET_KEY установлена: Да
2025-12-01 15:33:59,158 - services.jwt_utils - INFO - JWTService инициализирован с настройками: {'access_token_expire_minutes': 600, 'refresh_token_expire_days': 1, 'algorithm': 'HS512'}
2025-12-01 15:33:59,253 - api.auth - INFO - Loaded 1 reset tokens from storage
2025-12-01 15:33:59,951 - chat - INFO - Таблицы успешно созданы или уже существуют.
2025-12-01 15:33:59,951 - chat - INFO - Initializing user statuses for existing chats...
2025-12-01 15:34:00,002 - chat - INFO - User statuses initialized successfully
2025-12-01 15:34:00,043 - api.faqs - INFO - SQLAlchemy version: 2.0.41
2025-12-01 15:34:00,081 - api.faqs - INFO - Текущие столбцы таблицы faqs: ['id', 'question', 'answer', 'category', 'created_at', 'updated_at', 'views_count', 'helpful_count', 'not_helpful_count', 'content_html', 'department', 'is_general']
2025-12-01 15:36:09,827 - services.admin_manager - INFO - 🔧 AdminManager using database: portaladmins_db at localhost:5432
2025-12-01 15:36:09,894 - services.admin_manager - INFO - 📋 Admin table columns: ['id', 'username', 'service_id', 'is_active', 'permissions', 'created_at', 'updated_at', 'email']
2025-12-01 15:36:09,897 - services.admin_manager - WARNING - Таблица 'reset_tokens' не найдена в базе данных
2025-12-01 15:36:09,992 - services.jwt_utils - INFO - JWT Configuration: ALGORITHM=HS256, ACCESS_TOKEN_EXPIRE_MINUTES=1440
2025-12-01 15:36:09,992 - services.jwt_utils - INFO - SECRET_KEY установлена: Да
2025-12-01 15:36:09,993 - services.jwt_utils - INFO - JWTService инициализирован с настройками: {'access_token_expire_minutes': 600, 'refresh_token_expire_days': 1, 'algorithm': 'HS512'}
2025-12-01 15:36:10,079 - api.auth - INFO - Loaded 1 reset tokens from storage
2025-12-01 15:36:10,754 - chat - INFO - Таблицы успешно созданы или уже существуют.
2025-12-01 15:36:10,754 - chat - INFO - Initializing user statuses for existing chats...
2025-12-01 15:36:10,782 - chat - INFO - User statuses initialized successfully
2025-12-01 15:36:10,821 - api.faqs - INFO - SQLAlchemy version: 2.0.41
2025-12-01 15:36:10,858 - api.faqs - INFO - Текущие столбцы таблицы faqs: ['id', 'question', 'answer', 'category', 'created_at', 'updated_at', 'views_count', 'helpful_count', 'not_helpful_count', 'content_html', 'department', 'is_general']
2025-12-01 15:36:33,393 - services.admin_manager - INFO - 🔧 AdminManager using database: portaladmins_db at localhost:5432
2025-12-01 15:36:33,468 - services.admin_manager - INFO - 📋 Admin table columns: ['id', 'username', 'service_id', 'is_active', 'permissions', 'created_at', 'updated_at', 'email']
2025-12-01 15:36:33,471 - services.admin_manager - WARNING - Таблица 'reset_tokens' не найдена в базе данных
2025-12-01 15:36:33,565 - services.jwt_utils - INFO - JWT Configuration: ALGORITHM=HS256, ACCESS_TOKEN_EXPIRE_MINUTES=1440
2025-12-01 15:36:33,565 - services.jwt_utils - INFO - SECRET_KEY установлена: Да
2025-12-01 15:36:33,565 - services.jwt_utils - INFO - JWTService инициализирован с настройками: {'access_token_expire_minutes': 600, 'refresh_token_expire_days': 1, 'algorithm': 'HS512'}
2025-12-01 15:36:33,656 - api.auth - INFO - Loaded 1 reset tokens from storage
2025-12-01 15:36:34,333 - chat - INFO - Таблицы успешно созданы или уже существуют.
2025-12-01 15:36:34,333 - chat - INFO - Initializing user statuses for existing chats...
2025-12-01 15:36:34,360 - chat - INFO - User statuses initialized successfully
2025-12-01 15:36:34,401 - api.faqs - INFO - SQLAlchemy version: 2.0.41
2025-12-01 15:36:34,436 - api.faqs - INFO - Текущие столбцы таблицы faqs: ['id', 'question', 'answer', 'category', 'created_at', 'updated_at', 'views_count', 'helpful_count', 'not_helpful_count', 'content_html', 'department', 'is_general']
2025-12-01 15:37:57,294 - services.admin_manager - INFO - 🔧 AdminManager using database: portaladmins_db at localhost:5432
2025-12-01 15:37:57,355 - services.admin_manager - INFO - 📋 Admin table columns: ['id', 'username', 'service_id', 'is_active', 'permissions', 'created_at', 'updated_at', 'email']
2025-12-01 15:37:57,358 - services.admin_manager - WARNING - Таблица 'reset_tokens' не найдена в базе данных
2025-12-01 15:37:57,449 - services.jwt_utils - INFO - JWT Configuration: ALGORITHM=HS256, ACCESS_TOKEN_EXPIRE_MINUTES=1440
2025-12-01 15:37:57,449 - services.jwt_utils - INFO - SECRET_KEY установлена: Да
2025-12-01 15:37:57,450 - services.jwt_utils - INFO - JWTService инициализирован с настройками: {'access_token_expire_minutes': 600, 'refresh_token_expire_days': 1, 'algorithm': 'HS512'}
2025-12-01 15:37:57,539 - api.auth - INFO - Loaded 1 reset tokens from storage
2025-12-01 15:37:58,202 - chat - INFO - Таблицы успешно созданы или уже существуют.
2025-12-01 15:37:58,203 - chat - INFO - Initializing user statuses for existing chats...
2025-12-01 15:37:58,227 - chat - INFO - User statuses initialized successfully
2025-12-01 15:37:58,275 - api.faqs - INFO - SQLAlchemy version: 2.0.41
2025-12-01 15:37:58,308 - api.faqs - INFO - Текущие столбцы таблицы faqs: ['id', 'question', 'answer', 'category', 'created_at', 'updated_at', 'views_count', 'helpful_count', 'not_helpful_count', 'content_html', 'department', 'is_general']
2025-12-01 15:41:51,177 - services.admin_manager - INFO - 🔧 AdminManager using database: portaladmins_db at localhost:5432
2025-12-01 15:41:51,236 - services.admin_manager - INFO - 📋 Admin table columns: ['id', 'username', 'service_id', 'is_active', 'permissions', 'created_at', 'updated_at', 'email']
2025-12-01 15:41:51,240 - services.admin_manager - WARNING - Таблица 'reset_tokens' не найдена в базе данных
2025-12-01 15:41:51,346 - services.jwt_utils - INFO - JWT Configuration: ALGORITHM=HS256, ACCESS_TOKEN_EXPIRE_MINUTES=1440
2025-12-01 15:41:51,347 - services.jwt_utils - INFO - SECRET_KEY установлена: Да
2025-12-01 15:41:51,347 - services.jwt_utils - INFO - JWTService инициализирован с настройками: {'access_token_expire_minutes': 600, 'refresh_token_expire_days': 1, 'algorithm': 'HS512'}
2025-12-01 15:41:51,434 - api.auth - INFO - Loaded 1 reset tokens from storage
2025-12-01 15:41:52,108 - chat - INFO - Таблицы успешно созданы или уже существуют.
2025-12-01 15:41:52,109 - chat - INFO - Initializing user statuses for existing chats...
2025-12-01 15:41:52,140 - chat - INFO - User statuses initialized successfully
2025-12-01 15:41:52,182 - api.faqs - INFO - SQLAlchemy version: 2.0.41
2025-12-01 15:41:52,218 - api.faqs - INFO - Текущие столбцы таблицы faqs: ['id', 'question', 'answer', 'category', 'created_at', 'updated_at', 'views_count', 'helpful_count', 'not_helpful_count', 'content_html', 'department', 'is_general']
2025-12-01 15:42:29,960 - services.admin_manager - INFO - 🔧 AdminManager using database: portaladmins_db at localhost:5432
2025-12-01 15:42:30,022 - services.admin_manager - INFO - 📋 Admin table columns: ['id', 'username', 'service_id', 'is_active', 'permissions', 'created_at', 'updated_at', 'email']
2025-12-01 15:42:30,025 - services.admin_manager - WARNING - Таблица 'reset_tokens' не найдена в базе данных
2025-12-01 15:42:30,117 - services.jwt_utils - INFO - JWT Configuration: ALGORITHM=HS256, ACCESS_TOKEN_EXPIRE_MINUTES=1440
2025-12-01 15:42:30,117 - services.jwt_utils - INFO - SECRET_KEY установлена: Да
2025-12-01 15:42:30,118 - services.jwt_utils - INFO - JWTService инициализирован с настройками: {'access_token_expire_minutes': 600, 'refresh_token_expire_days': 1, 'algorithm': 'HS512'}
2025-12-01 15:42:30,197 - api.auth - INFO - Loaded 1 reset tokens from storage
2025-12-01 15:42:30,817 - chat - INFO - Таблицы успешно созданы или уже существуют.
2025-12-01 15:42:30,817 - chat - INFO - Initializing user statuses for existing chats...
2025-12-01 15:42:30,843 - chat - INFO - User statuses initialized successfully
2025-12-01 15:42:30,880 - api.faqs - INFO - SQLAlchemy version: 2.0.41
2025-12-01 15:42:30,913 - api.faqs - INFO - Текущие столбцы таблицы faqs: ['id', 'question', 'answer', 'category', 'created_at', 'updated_at', 'views_count', 'helpful_count', 'not_helpful_count', 'content_html', 'department', 'is_general']
2025-12-01 15:42:50,043 - services.admin_manager - INFO - 🔧 AdminManager using database: portaladmins_db at localhost:5432
2025-12-01 15:42:50,105 - services.admin_manager - INFO - 📋 Admin table columns: ['id', 'username', 'service_id', 'is_active', 'permissions', 'created_at', 'updated_at', 'email']
2025-12-01 15:42:50,108 - services.admin_manager - WARNING - Таблица 'reset_tokens' не найдена в базе данных
2025-12-01 15:42:50,195 - services.jwt_utils - INFO - JWT Configuration: ALGORITHM=HS256, ACCESS_TOKEN_EXPIRE_MINUTES=1440
2025-12-01 15:42:50,195 - services.jwt_utils - INFO - SECRET_KEY установлена: Да
2025-12-01 15:42:50,195 - services.jwt_utils - INFO - JWTService инициализирован с настройками: {'access_token_expire_minutes': 600, 'refresh_token_expire_days': 1, 'algorithm': 'HS512'}
2025-12-01 15:42:50,268 - api.auth - INFO - Loaded 1 reset tokens from storage
2025-12-01 15:42:50,872 - chat - INFO - Таблицы успешно созданы или уже существуют.
2025-12-01 15:42:50,872 - chat - INFO - Initializing user statuses for existing chats...
2025-12-01 15:42:50,895 - chat - INFO - User statuses initialized successfully
2025-12-01 15:42:50,927 - api.faqs - INFO - SQLAlchemy version: 2.0.41
2025-12-01 15:42:50,961 - api.faqs - INFO - Текущие столбцы таблицы faqs: ['id', 'question', 'answer', 'category', 'created_at', 'updated_at', 'views_count', 'helpful_count', 'not_helpful_count', 'content_html', 'department', 'is_general']
2025-12-01 15:43:19,507 - services.admin_manager - INFO - 🔧 AdminManager using database: portaladmins_db at localhost:5432
2025-12-01 15:43:19,568 - services.admin_manager - INFO - 📋 Admin table columns: ['id', 'username', 'service_id', 'is_active', 'permissions', 'created_at', 'updated_at', 'email']
2025-12-01 15:43:19,571 - services.admin_manager - WARNING - Таблица 'reset_tokens' не найдена в базе данных
2025-12-01 15:43:19,663 - services.jwt_utils - INFO - JWT Configuration: ALGORITHM=HS256, ACCESS_TOKEN_EXPIRE_MINUTES=1440
2025-12-01 15:43:19,663 - services.jwt_utils - INFO - SECRET_KEY установлена: Да
2025-12-01 15:43:19,663 - services.jwt_utils - INFO - JWTService инициализирован с настройками: {'access_token_expire_minutes': 600, 'refresh_token_expire_days': 1, 'algorithm': 'HS512'}
2025-12-01 15:43:19,758 - api.auth - INFO - Loaded 1 reset tokens from storage
2025-12-01 15:43:20,400 - chat - INFO - Таблицы успешно созданы или уже существуют.
2025-12-01 15:43:20,401 - chat - INFO - Initializing user statuses for existing chats...
2025-12-01 15:43:20,432 - chat - INFO - User statuses initialized successfully
2025-12-01 15:43:20,468 - api.faqs - INFO - SQLAlchemy version: 2.0.41
2025-12-01 15:43:20,501 - api.faqs - INFO - Текущие столбцы таблицы faqs: ['id', 'question', 'answer', 'category', 'created_at', 'updated_at', 'views_count', 'helpful_count', 'not_helpful_count', 'content_html', 'department', 'is_general']
2025-12-01 15:43:31,266 - services.admin_manager - INFO - 🔧 AdminManager using database: portaladmins_db at localhost:5432
2025-12-01 15:43:31,326 - services.admin_manager - INFO - 📋 Admin table columns: ['id', 'username', 'service_id', 'is_active', 'permissions', 'created_at', 'updated_at', 'email']
2025-12-01 15:43:31,328 - services.admin_manager - WARNING - Таблица 'reset_tokens' не найдена в базе данных
2025-12-01 15:43:31,408 - services.jwt_utils - INFO - JWT Configuration: ALGORITHM=HS256, ACCESS_TOKEN_EXPIRE_MINUTES=1440
2025-12-01 15:43:31,408 - services.jwt_utils - INFO - SECRET_KEY установлена: Да
2025-12-01 15:43:31,408 - services.jwt_utils - INFO - JWTService инициализирован с настройками: {'access_token_expire_minutes': 600, 'refresh_token_expire_days': 1, 'algorithm': 'HS512'}
2025-12-01 15:43:31,484 - api.auth - INFO - Loaded 1 reset tokens from storage
2025-12-01 15:43:32,101 - chat - INFO - Таблицы успешно созданы или уже существуют.
2025-12-01 15:43:32,101 - chat - INFO - Initializing user statuses for existing chats...
2025-12-01 15:43:32,125 - chat - INFO - User statuses initialized successfully
2025-12-01 15:43:32,159 - api.faqs - INFO - SQLAlchemy version: 2.0.41
2025-12-01 15:43:32,194 - api.faqs - INFO - Текущие столбцы таблицы faqs: ['id', 'question', 'answer', 'category', 'created_at', 'updated_at', 'views_count', 'helpful_count', 'not_helpful_count', 'content_html', 'department', 'is_general']
2025-12-01 15:45:19,935 - services.admin_manager - INFO - 🔧 AdminManager using database: portaladmins_db at localhost:5432
2025-12-01 15:45:19,996 - services.admin_manager - INFO - 📋 Admin table columns: ['id', 'username', 'service_id', 'is_active', 'permissions', 'created_at', 'updated_at', 'email']
2025-12-01 15:45:19,999 - services.admin_manager - WARNING - Таблица 'reset_tokens' не найдена в базе данных
2025-12-01 15:45:20,091 - services.jwt_utils - INFO - JWT Configuration: ALGORITHM=HS256, ACCESS_TOKEN_EXPIRE_MINUTES=1440
2025-12-01 15:45:20,092 - services.jwt_utils - INFO - SECRET_KEY установлена: Да
2025-12-01 15:45:20,092 - services.jwt_utils - INFO - JWTService инициализирован с настройками: {'access_token_expire_minutes': 600, 'refresh_token_expire_days': 1, 'algorithm': 'HS512'}
2025-12-01 15:45:20,174 - api.auth - INFO - Loaded 1 reset tokens from storage
2025-12-01 15:45:20,825 - chat - INFO - Таблицы успешно созданы или уже существуют.
2025-12-01 15:45:20,826 - chat - INFO - Initializing user statuses for existing chats...
2025-12-01 15:45:20,852 - chat - INFO - User statuses initialized successfully
2025-12-01 15:46:21,159 - services.admin_manager - INFO - 🔧 AdminManager using database: portaladmins_db at localhost:5432
2025-12-01 15:46:21,237 - services.admin_manager - INFO - 📋 Admin table columns: ['id', 'username', 'service_id', 'is_active', 'permissions', 'created_at', 'updated_at', 'email']
2025-12-01 15:46:21,240 - services.admin_manager - WARNING - Таблица 'reset_tokens' не найдена в базе данных
2025-12-01 15:46:21,355 - services.jwt_utils - INFO - JWT Configuration: ALGORITHM=HS256, ACCESS_TOKEN_EXPIRE_MINUTES=1440
2025-12-01 15:46:21,355 - services.jwt_utils - INFO - SECRET_KEY установлена: Да
2025-12-01 15:46:21,356 - services.jwt_utils - INFO - JWTService инициализирован с настройками: {'access_token_expire_minutes': 600, 'refresh_token_expire_days': 1, 'algorithm': 'HS512'}
2025-12-01 15:46:21,452 - api.auth - INFO - Loaded 1 reset tokens from storage
2025-12-01 15:46:22,199 - chat - INFO - Таблицы успешно созданы или уже существуют.
2025-12-01 15:46:22,200 - chat - INFO - Initializing user statuses for existing chats...
2025-12-01 15:46:22,239 - chat - INFO - User statuses initialized successfully
2025-12-01 15:46:22,287 - api.faqs - INFO - SQLAlchemy version: 2.0.41
2025-12-01 15:46:22,337 - api.faqs - INFO - Текущие столбцы таблицы faqs: ['id', 'question', 'answer', 'category', 'created_at', 'updated_at', 'views_count', 'helpful_count', 'not_helpful_count', 'content_html', 'department', 'is_general']
2025-12-01 15:47:36,987 - services.admin_manager - INFO - 🔧 AdminManager using database: portaladmins_db at localhost:5432
2025-12-01 15:47:37,066 - services.admin_manager - INFO - 📋 Admin table columns: ['id', 'username', 'service_id', 'is_active', 'permissions', 'created_at', 'updated_at', 'email']
2025-12-01 15:47:37,069 - services.admin_manager - WARNING - Таблица 'reset_tokens' не найдена в базе данных
2025-12-01 15:47:37,170 - services.jwt_utils - INFO - JWT Configuration: ALGORITHM=HS256, ACCESS_TOKEN_EXPIRE_MINUTES=1440
2025-12-01 15:47:37,170 - services.jwt_utils - INFO - SECRET_KEY установлена: Да
2025-12-01 15:47:37,171 - services.jwt_utils - INFO - JWTService инициализирован с настройками: {'access_token_expire_minutes': 600, 'refresh_token_expire_days': 1, 'algorithm': 'HS512'}
2025-12-01 15:47:37,258 - api.auth - INFO - Loaded 1 reset tokens from storage
2025-12-01 15:47:37,971 - chat - INFO - Таблицы успешно созданы или уже существуют.
2025-12-01 15:47:37,972 - chat - INFO - Initializing user statuses for existing chats...
2025-12-01 15:47:38,016 - chat - INFO - User statuses initialized successfully
2025-12-01 15:47:38,057 - api.faqs - INFO - SQLAlchemy version: 2.0.41
2025-12-01 15:47:38,109 - api.faqs - INFO - Текущие столбцы таблицы faqs: ['id', 'question', 'answer', 'category', 'created_at', 'updated_at', 'views_count', 'helpful_count', 'not_helpful_count', 'content_html', 'department', 'is_general']
2025-12-01 15:48:29,124 - services.admin_manager - INFO - 🔧 AdminManager using database: portaladmins_db at localhost:5432
2025-12-01 15:48:29,188 - services.admin_manager - INFO - 📋 Admin table columns: ['id', 'username', 'service_id', 'is_active', 'permissions', 'created_at', 'updated_at', 'email']
2025-12-01 15:48:29,192 - services.admin_manager - WARNING - Таблица 'reset_tokens' не найдена в базе данных
2025-12-01 15:48:29,287 - services.jwt_utils - INFO - JWT Configuration: ALGORITHM=HS256, ACCESS_TOKEN_EXPIRE_MINUTES=1440
2025-12-01 15:48:29,287 - services.jwt_utils - INFO - SECRET_KEY установлена: Да
2025-12-01 15:48:29,288 - services.jwt_utils - INFO - JWTService инициализирован с настройками: {'access_token_expire_minutes': 600, 'refresh_token_expire_days': 1, 'algorithm': 'HS512'}
2025-12-01 15:48:29,373 - api.auth - INFO - Loaded 1 reset tokens from storage
2025-12-01 15:48:30,020 - chat - INFO - Таблицы успешно созданы или уже существуют.
2025-12-01 15:48:30,020 - chat - INFO - Initializing user statuses for existing chats...
2025-12-01 15:48:30,048 - chat - INFO - User statuses initialized successfully
2025-12-01 15:48:30,086 - api.faqs - INFO - SQLAlchemy version: 2.0.41
2025-12-01 15:48:30,121 - api.faqs - INFO - Текущие столбцы таблицы faqs: ['id', 'question', 'answer', 'category', 'created_at', 'updated_at', 'views_count', 'helpful_count', 'not_helpful_count', 'content_html', 'department', 'is_general']
2025-12-01 15:51:23,846 - services.admin_manager - INFO - 🔧 AdminManager using database: portaladmins_db at localhost:5432
2025-12-01 15:51:23,923 - services.admin_manager - INFO - 📋 Admin table columns: ['id', 'username', 'service_id', 'is_active', 'permissions', 'created_at', 'updated_at', 'email']
2025-12-01 15:51:23,925 - services.admin_manager - WARNING - Таблица 'reset_tokens' не найдена в базе данных
2025-12-01 15:51:24,035 - services.jwt_utils - INFO - JWT Configuration: ALGORITHM=HS256, ACCESS_TOKEN_EXPIRE_MINUTES=1440
2025-12-01 15:51:24,035 - services.jwt_utils - INFO - SECRET_KEY установлена: Да
2025-12-01 15:51:24,036 - services.jwt_utils - INFO - JWTService инициализирован с настройками: {'access_token_expire_minutes': 600, 'refresh_token_expire_days': 1, 'algorithm': 'HS512'}
2025-12-01 15:51:24,132 - api.auth - INFO - Loaded 1 reset tokens from storage
2025-12-01 15:51:24,850 - chat - INFO - Таблицы успешно созданы или уже существуют.
2025-12-01 15:51:24,850 - chat - INFO - Initializing user statuses for existing chats...
2025-12-01 15:51:24,875 - chat - INFO - User statuses initialized successfully
2025-12-01 15:51:24,915 - api.faqs - INFO - SQLAlchemy version: 2.0.41
2025-12-01 15:51:24,951 - api.faqs - INFO - Текущие столбцы таблицы faqs: ['id', 'question', 'answer', 'category', 'created_at', 'updated_at', 'views_count', 'helpful_count', 'not_helpful_count', 'content_html', 'department', 'is_general']
2025-12-01 15:52:28,344 - services.admin_manager - INFO - 🔧 AdminManager using database: portaladmins_db at localhost:5432
2025-12-01 15:52:28,408 - services.admin_manager - INFO - 📋 Admin table columns: ['id', 'username', 'service_id', 'is_active', 'permissions', 'created_at', 'updated_at', 'email']
2025-12-01 15:52:28,411 - services.admin_manager - WARNING - Таблица 'reset_tokens' не найдена в базе данных
2025-12-01 15:52:28,506 - services.jwt_utils - INFO - JWT Configuration: ALGORITHM=HS256, ACCESS_TOKEN_EXPIRE_MINUTES=1440
2025-12-01 15:52:28,506 - services.jwt_utils - INFO - SECRET_KEY установлена: Да
2025-12-01 15:52:28,507 - services.jwt_utils - INFO - JWTService инициализирован с настройками: {'access_token_expire_minutes': 600, 'refresh_token_expire_days': 1, 'algorithm': 'HS512'}
2025-12-01 15:52:28,583 - api.auth - INFO - Loaded 1 reset tokens from storage
2025-12-01 15:52:29,236 - chat - INFO - Таблицы успешно созданы или уже существуют.
2025-12-01 15:52:29,236 - chat - INFO - Initializing user statuses for existing chats...
2025-12-01 15:52:29,262 - chat - INFO - User statuses initialized successfully
2025-12-01 15:52:29,304 - api.faqs - INFO - SQLAlchemy version: 2.0.41
2025-12-01 15:52:29,333 - api.faqs - INFO - Текущие столбцы таблицы faqs: ['id', 'question', 'answer', 'category', 'created_at', 'updated_at', 'views_count', 'helpful_count', 'not_helpful_count', 'content_html', 'department', 'is_general']
2025-12-01 15:52:30,278 - services.admin_manager - INFO - 🔧 AdminManager using database: portaladmins_db at localhost:5432
2025-12-01 15:52:30,340 - services.admin_manager - INFO - 📋 Admin table columns: ['id', 'username', 'service_id', 'is_active', 'permissions', 'created_at', 'updated_at', 'email']
2025-12-01 15:52:30,343 - services.admin_manager - WARNING - Таблица 'reset_tokens' не найдена в базе данных
2025-12-01 15:52:30,435 - services.jwt_utils - INFO - JWT Configuration: ALGORITHM=HS256, ACCESS_TOKEN_EXPIRE_MINUTES=1440
2025-12-01 15:52:30,435 - services.jwt_utils - INFO - SECRET_KEY установлена: Да
2025-12-01 15:52:30,435 - services.jwt_utils - INFO - JWTService инициализирован с настройками: {'access_token_expire_minutes': 600, 'refresh_token_expire_days': 1, 'algorithm': 'HS512'}
2025-12-01 15:52:30,516 - api.auth - INFO - Loaded 1 reset tokens from storage
2025-12-01 15:52:31,140 - chat - INFO - Таблицы успешно созданы или уже существуют.
2025-12-01 15:52:31,140 - chat - INFO - Initializing user statuses for existing chats...
2025-12-01 15:52:31,163 - chat - INFO - User statuses initialized successfully
2025-12-01 15:52:31,195 - api.faqs - INFO - SQLAlchemy version: 2.0.41
2025-12-01 15:52:31,225 - api.faqs - INFO - Текущие столбцы таблицы faqs: ['id', 'question', 'answer', 'category', 'created_at', 'updated_at', 'views_count', 'helpful_count', 'not_helpful_count', 'content_html', 'department', 'is_general']
2025-12-01 15:52:54,797 - services.admin_manager - INFO - 🔧 AdminManager using database: portaladmins_db at localhost:5432
2025-12-01 15:52:54,853 - services.admin_manager - INFO - 📋 Admin table columns: ['id', 'username', 'service_id', 'is_active', 'permissions', 'created_at', 'updated_at', 'email']
2025-12-01 15:52:54,855 - services.admin_manager - WARNING - Таблица 'reset_tokens' не найдена в базе данных
2025-12-01 15:52:54,946 - services.jwt_utils - INFO - JWT Configuration: ALGORITHM=HS256, ACCESS_TOKEN_EXPIRE_MINUTES=1440
2025-12-01 15:52:54,946 - services.jwt_utils - INFO - SECRET_KEY установлена: Да
2025-12-01 15:52:54,947 - services.jwt_utils - INFO - JWTService инициализирован с настройками: {'access_token_expire_minutes': 600, 'refresh_token_expire_days': 1, 'algorithm': 'HS512'}
2025-12-01 15:52:55,029 - api.auth - INFO - Loaded 1 reset tokens from storage
2025-12-01 15:52:55,681 - chat - INFO - Таблицы успешно созданы или уже существуют.
2025-12-01 15:52:55,681 - chat - INFO - Initializing user statuses for existing chats...
2025-12-01 15:52:55,705 - chat - INFO - User statuses initialized successfully
2025-12-01 15:52:55,738 - api.faqs - INFO - SQLAlchemy version: 2.0.41
2025-12-01 15:52:55,770 - api.faqs - INFO - Текущие столбцы таблицы faqs: ['id', 'question', 'answer', 'category', 'created_at', 'updated_at', 'views_count', 'helpful_count', 'not_helpful_count', 'content_html', 'department', 'is_general']
2025-12-01 15:53:06,532 - services.admin_manager - INFO - 🔧 AdminManager using database: portaladmins_db at localhost:5432
2025-12-01 15:53:06,592 - services.admin_manager - INFO - 📋 Admin table columns: ['id', 'username', 'service_id', 'is_active', 'permissions', 'created_at', 'updated_at', 'email']
2025-12-01 15:53:06,596 - services.admin_manager - WARNING - Таблица 'reset_tokens' не найдена в базе данных
2025-12-01 15:53:06,686 - services.jwt_utils - INFO - JWT Configuration: ALGORITHM=HS256, ACCESS_TOKEN_EXPIRE_MINUTES=1440
2025-12-01 15:53:06,686 - services.jwt_utils - INFO - SECRET_KEY установлена: Да
2025-12-01 15:53:06,687 - services.jwt_utils - INFO - JWTService инициализирован с настройками: {'access_token_expire_minutes': 600, 'refresh_token_expire_days': 1, 'algorithm': 'HS512'}
2025-12-01 15:53:06,767 - api.auth - INFO - Loaded 1 reset tokens from storage
2025-12-01 15:53:07,379 - chat - INFO - Таблицы успешно созданы или уже существуют.
2025-12-01 15:53:07,379 - chat - INFO - Initializing user statuses for existing chats...
2025-12-01 15:53:07,407 - chat - INFO - User statuses initialized successfully
2025-12-01 15:53:07,453 - api.faqs - INFO - SQLAlchemy version: 2.0.41
2025-12-01 15:53:07,487 - api.faqs - INFO - Текущие столбцы таблицы faqs: ['id', 'question', 'answer', 'category', 'created_at', 'updated_at', 'views_count', 'helpful_count', 'not_helpful_count', 'content_html', 'department', 'is_general']
2025-12-01 15:53:08,422 - services.admin_manager - INFO - 🔧 AdminManager using database: portaladmins_db at localhost:5432
2025-12-01 15:53:08,478 - services.admin_manager - INFO - 📋 Admin table columns: ['id', 'username', 'service_id', 'is_active', 'permissions', 'created_at', 'updated_at', 'email']
2025-12-01 15:53:08,482 - services.admin_manager - WARNING - Таблица 'reset_tokens' не найдена в базе данных
2025-12-01 15:53:08,570 - services.jwt_utils - INFO - JWT Configuration: ALGORITHM=HS256, ACCESS_TOKEN_EXPIRE_MINUTES=1440
2025-12-01 15:53:08,570 - services.jwt_utils - INFO - SECRET_KEY установлена: Да
2025-12-01 15:53:08,571 - services.jwt_utils - INFO - JWTService инициализирован с настройками: {'access_token_expire_minutes': 600, 'refresh_token_expire_days': 1, 'algorithm': 'HS512'}
2025-12-01 15:53:08,642 - api.auth - INFO - Loaded 1 reset tokens from storage
2025-12-01 15:53:09,252 - chat - INFO - Таблицы успешно созданы или уже существуют.
2025-12-01 15:53:09,253 - chat - INFO - Initializing user statuses for existing chats...
2025-12-01 15:53:09,275 - chat - INFO - User statuses initialized successfully
2025-12-01 15:53:09,315 - api.faqs - INFO - SQLAlchemy version: 2.0.41
2025-12-01 15:53:09,349 - api.faqs - INFO - Текущие столбцы таблицы faqs: ['id', 'question', 'answer', 'category', 'created_at', 'updated_at', 'views_count', 'helpful_count', 'not_helpful_count', 'content_html', 'department', 'is_general']
2025-12-01 15:55:50,742 - services.admin_manager - INFO - 🔧 AdminManager using database: portaladmins_db at localhost:5432
2025-12-01 15:55:50,810 - services.admin_manager - INFO - 📋 Admin table columns: ['id', 'username', 'service_id', 'is_active', 'permissions', 'created_at', 'updated_at', 'email']
2025-12-01 15:55:50,813 - services.admin_manager - WARNING - Таблица 'reset_tokens' не найдена в базе данных
2025-12-01 15:55:50,905 - services.jwt_utils - INFO - JWT Configuration: ALGORITHM=HS256, ACCESS_TOKEN_EXPIRE_MINUTES=1440
2025-12-01 15:55:50,905 - services.jwt_utils - INFO - SECRET_KEY установлена: Да
2025-12-01 15:55:50,905 - services.jwt_utils - INFO - JWTService инициализирован с настройками: {'access_token_expire_minutes': 600, 'refresh_token_expire_days': 1, 'algorithm': 'HS512'}
2025-12-01 15:55:50,985 - api.auth - INFO - Loaded 1 reset tokens from storage
2025-12-01 15:55:51,588 - chat - INFO - Таблицы успешно созданы или уже существуют.
2025-12-01 15:55:51,589 - chat - INFO - Initializing user statuses for existing chats...
2025-12-01 15:55:51,608 - chat - INFO - User statuses initialized successfully
2025-12-01 15:55:51,640 - api.faqs - INFO - SQLAlchemy version: 2.0.41
2025-12-01 15:55:51,666 - api.faqs - INFO - Текущие столбцы таблицы faqs: ['id', 'question', 'answer', 'category', 'created_at', 'updated_at', 'views_count', 'helpful_count', 'not_helpful_count', 'content_html', 'department', 'is_general']
2025-12-01 15:56:09,324 - services.admin_manager - INFO - 🔧 AdminManager using database: portaladmins_db at localhost:5432
2025-12-01 15:56:09,386 - services.admin_manager - INFO - 📋 Admin table columns: ['id', 'username', 'service_id', 'is_active', 'permissions', 'created_at', 'updated_at', 'email']
2025-12-01 15:56:09,389 - services.admin_manager - WARNING - Таблица 'reset_tokens' не найдена в базе данных
2025-12-01 15:56:09,479 - services.jwt_utils - INFO - JWT Configuration: ALGORITHM=HS256, ACCESS_TOKEN_EXPIRE_MINUTES=1440
2025-12-01 15:56:09,479 - services.jwt_utils - INFO - SECRET_KEY установлена: Да
2025-12-01 15:56:09,479 - services.jwt_utils - INFO - JWTService инициализирован с настройками: {'access_token_expire_minutes': 600, 'refresh_token_expire_days': 1, 'algorithm': 'HS512'}
2025-12-01 15:56:09,562 - api.auth - INFO - Loaded 1 reset tokens from storage
2025-12-01 15:56:10,181 - chat - INFO - Таблицы успешно созданы или уже существуют.
2025-12-01 15:56:10,181 - chat - INFO - Initializing user statuses for existing chats...
2025-12-01 15:56:10,209 - chat - INFO - User statuses initialized successfully
2025-12-01 15:56:10,243 - api.faqs - INFO - SQLAlchemy version: 2.0.41
2025-12-01 15:56:10,274 - api.faqs - INFO - Текущие столбцы таблицы faqs: ['id', 'question', 'answer', 'category', 'created_at', 'updated_at', 'views_count', 'helpful_count', 'not_helpful_count', 'content_html', 'department', 'is_general']
2025-12-01 15:58:31,382 - services.admin_manager - INFO - 🔧 AdminManager using database: portaladmins_db at localhost:5432
2025-12-01 15:58:31,447 - services.admin_manager - INFO - 📋 Admin table columns: ['id', 'username', 'service_id', 'is_active', 'permissions', 'created_at', 'updated_at', 'email']
2025-12-01 15:58:31,451 - services.admin_manager - WARNING - Таблица 'reset_tokens' не найдена в базе данных
2025-12-01 15:58:31,546 - services.jwt_utils - INFO - JWT Configuration: ALGORITHM=HS256, ACCESS_TOKEN_EXPIRE_MINUTES=1440
2025-12-01 15:58:31,547 - services.jwt_utils - INFO - SECRET_KEY установлена: Да
2025-12-01 15:58:31,547 - services.jwt_utils - INFO - JWTService инициализирован с настройками: {'access_token_expire_minutes': 600, 'refresh_token_expire_days': 1, 'algorithm': 'HS512'}
2025-12-01 15:58:31,633 - api.auth - INFO - Loaded 1 reset tokens from storage
2025-12-01 15:58:32,277 - chat - INFO - Таблицы успешно созданы или уже существуют.
2025-12-01 15:58:32,277 - chat - INFO - Initializing user statuses for existing chats...
2025-12-01 15:58:32,304 - chat - INFO - User statuses initialized successfully
2025-12-01 15:58:32,345 - api.faqs - INFO - SQLAlchemy version: 2.0.41
2025-12-01 15:58:32,378 - api.faqs - INFO - Текущие столбцы таблицы faqs: ['id', 'question', 'answer', 'category', 'created_at', 'updated_at', 'views_count', 'helpful_count', 'not_helpful_count', 'content_html', 'department', 'is_general']
2025-12-01 15:58:48,526 - services.admin_manager - INFO - 🔧 AdminManager using database: portaladmins_db at localhost:5432
2025-12-01 15:58:48,588 - services.admin_manager - INFO - 📋 Admin table columns: ['id', 'username', 'service_id', 'is_active', 'permissions', 'created_at', 'updated_at', 'email']
2025-12-01 15:58:48,591 - services.admin_manager - WARNING - Таблица 'reset_tokens' не найдена в базе данных
2025-12-01 15:58:48,707 - services.jwt_utils - INFO - JWT Configuration: ALGORITHM=HS256, ACCESS_TOKEN_EXPIRE_MINUTES=1440
2025-12-01 15:58:48,708 - services.jwt_utils - INFO - SECRET_KEY установлена: Да
2025-12-01 15:58:48,708 - services.jwt_utils - INFO - JWTService инициализирован с настройками: {'access_token_expire_minutes': 600, 'refresh_token_expire_days': 1, 'algorithm': 'HS512'}
2025-12-01 15:58:48,796 - api.auth - INFO - Loaded 1 reset tokens from storage
2025-12-01 15:58:49,458 - chat - INFO - Таблицы успешно созданы или уже существуют.
2025-12-01 15:58:49,458 - chat - INFO - Initializing user statuses for existing chats...
2025-12-01 15:58:49,486 - chat - INFO - User statuses initialized successfully
2025-12-01 15:58:49,526 - api.faqs - INFO - SQLAlchemy version: 2.0.41
2025-12-01 15:58:49,563 - api.faqs - INFO - Текущие столбцы таблицы faqs: ['id', 'question', 'answer', 'category', 'created_at', 'updated_at', 'views_count', 'helpful_count', 'not_helpful_count', 'content_html', 'department', 'is_general']
2025-12-01 16:02:31,484 - services.admin_manager - INFO - 🔧 AdminManager using database: portaladmins_db at localhost:5432
2025-12-01 16:02:31,545 - services.admin_manager - INFO - 📋 Admin table columns: ['id', 'username', 'service_id', 'is_active', 'permissions', 'created_at', 'updated_at', 'email']
2025-12-01 16:02:31,548 - services.admin_manager - WARNING - Таблица 'reset_tokens' не найдена в базе данных
2025-12-01 16:02:31,652 - services.jwt_utils - INFO - JWT Configuration: ALGORITHM=HS256, ACCESS_TOKEN_EXPIRE_MINUTES=1440
2025-12-01 16:02:31,652 - services.jwt_utils - INFO - SECRET_KEY установлена: Да
2025-12-01 16:02:31,653 - services.jwt_utils - INFO - JWTService инициализирован с настройками: {'access_token_expire_minutes': 600, 'refresh_token_expire_days': 1, 'algorithm': 'HS512'}
2025-12-01 16:02:31,730 - api.auth - INFO - Loaded 1 reset tokens from storage
2025-12-01 16:02:32,352 - chat - INFO - Таблицы успешно созданы или уже существуют.
2025-12-01 16:02:32,352 - chat - INFO - Initializing user statuses for existing chats...
2025-12-01 16:02:32,378 - chat - INFO - User statuses initialized successfully
2025-12-01 16:02:32,417 - api.faqs - INFO - SQLAlchemy version: 2.0.41
2025-12-01 16:02:32,448 - api.faqs - INFO - Текущие столбцы таблицы faqs: ['id', 'question', 'answer', 'category', 'created_at', 'updated_at', 'views_count', 'helpful_count', 'not_helpful_count', 'content_html', 'department', 'is_general']
2025-12-01 16:03:08,232 - services.admin_manager - INFO - 🔧 AdminManager using database: portaladmins_db at localhost:5432
2025-12-01 16:03:08,295 - services.admin_manager - INFO - 📋 Admin table columns: ['id', 'username', 'service_id', 'is_active', 'permissions', 'created_at', 'updated_at', 'email']
2025-12-01 16:03:08,298 - services.admin_manager - WARNING - Таблица 'reset_tokens' не найдена в базе данных
2025-12-01 16:03:08,379 - services.jwt_utils - INFO - JWT Configuration: ALGORITHM=HS256, ACCESS_TOKEN_EXPIRE_MINUTES=1440
2025-12-01 16:03:08,379 - services.jwt_utils - INFO - SECRET_KEY установлена: Да
2025-12-01 16:03:08,379 - services.jwt_utils - INFO - JWTService инициализирован с настройками: {'access_token_expire_minutes': 600, 'refresh_token_expire_days': 1, 'algorithm': 'HS512'}
2025-12-01 16:03:08,454 - api.auth - INFO - Loaded 1 reset tokens from storage
2025-12-01 16:03:09,082 - chat - INFO - Таблицы успешно созданы или уже существуют.
2025-12-01 16:03:09,082 - chat - INFO - Initializing user statuses for existing chats...
2025-12-01 16:03:09,105 - chat - INFO - User statuses initialized successfully
2025-12-01 16:03:09,140 - api.faqs - INFO - SQLAlchemy version: 2.0.41
2025-12-01 16:03:09,173 - api.faqs - INFO - Текущие столбцы таблицы faqs: ['id', 'question', 'answer', 'category', 'created_at', 'updated_at', 'views_count', 'helpful_count', 'not_helpful_count', 'content_html', 'department', 'is_general']
2025-12-01 16:03:33,046 - services.admin_manager - INFO - 🔧 AdminManager using database: portaladmins_db at localhost:5432
2025-12-01 16:03:33,109 - services.admin_manager - INFO - 📋 Admin table columns: ['id', 'username', 'service_id', 'is_active', 'permissions', 'created_at', 'updated_at', 'email']
2025-12-01 16:03:33,112 - services.admin_manager - WARNING - Таблица 'reset_tokens' не найдена в базе данных
2025-12-01 16:03:33,197 - services.jwt_utils - INFO - JWT Configuration: ALGORITHM=HS256, ACCESS_TOKEN_EXPIRE_MINUTES=1440
2025-12-01 16:03:33,197 - services.jwt_utils - INFO - SECRET_KEY установлена: Да
2025-12-01 16:03:33,197 - services.jwt_utils - INFO - JWTService инициализирован с настройками: {'access_token_expire_minutes': 600, 'refresh_token_expire_days': 1, 'algorithm': 'HS512'}
2025-12-01 16:03:33,279 - api.auth - INFO - Loaded 1 reset tokens from storage
2025-12-01 16:03:33,956 - chat - INFO - Таблицы успешно созданы или уже существуют.
2025-12-01 16:03:33,957 - chat - INFO - Initializing user statuses for existing chats...
2025-12-01 16:03:33,979 - chat - INFO - User statuses initialized successfully
2025-12-01 16:03:34,015 - api.faqs - INFO - SQLAlchemy version: 2.0.41
2025-12-01 16:03:34,047 - api.faqs - INFO - Текущие столбцы таблицы faqs: ['id', 'question', 'answer', 'category', 'created_at', 'updated_at', 'views_count', 'helpful_count', 'not_helpful_count', 'content_html', 'department', 'is_general']
2025-12-01 16:03:54,888 - services.admin_manager - INFO - 🔧 AdminManager using database: portaladmins_db at localhost:5432
2025-12-01 16:03:54,940 - services.admin_manager - INFO - 📋 Admin table columns: ['id', 'username', 'service_id', 'is_active', 'permissions', 'created_at', 'updated_at', 'email']
2025-12-01 16:03:54,942 - services.admin_manager - WARNING - Таблица 'reset_tokens' не найдена в базе данных
2025-12-01 16:03:55,034 - services.jwt_utils - INFO - JWT Configuration: ALGORITHM=HS256, ACCESS_TOKEN_EXPIRE_MINUTES=1440
2025-12-01 16:03:55,034 - services.jwt_utils - INFO - SECRET_KEY установлена: Да
2025-12-01 16:03:55,035 - services.jwt_utils - INFO - JWTService инициализирован с настройками: {'access_token_expire_minutes': 600, 'refresh_token_expire_days': 1, 'algorithm': 'HS512'}
2025-12-01 16:03:55,120 - api.auth - INFO - Loaded 1 reset tokens from storage
2025-12-01 16:03:55,746 - chat - INFO - Таблицы успешно созданы или уже существуют.
2025-12-01 16:03:55,747 - chat - INFO - Initializing user statuses for existing chats...
2025-12-01 16:03:55,775 - chat - INFO - User statuses initialized successfully
2025-12-01 16:03:55,809 - api.faqs - INFO - SQLAlchemy version: 2.0.41
2025-12-01 16:03:55,838 - api.faqs - INFO - Текущие столбцы таблицы faqs: ['id', 'question', 'answer', 'category', 'created_at', 'updated_at', 'views_count', 'helpful_count', 'not_helpful_count', 'content_html', 'department', 'is_general']
2025-12-01 16:03:57,426 - services.admin_manager - INFO - 🔧 AdminManager using database: portaladmins_db at localhost:5432
2025-12-01 16:03:57,479 - services.admin_manager - INFO - 📋 Admin table columns: ['id', 'username', 'service_id', 'is_active', 'permissions', 'created_at', 'updated_at', 'email']
2025-12-01 16:03:57,482 - services.admin_manager - WARNING - Таблица 'reset_tokens' не найдена в базе данных
2025-12-01 16:03:57,564 - services.jwt_utils - INFO - JWT Configuration: ALGORITHM=HS256, ACCESS_TOKEN_EXPIRE_MINUTES=1440
2025-12-01 16:03:57,565 - services.jwt_utils - INFO - SECRET_KEY установлена: Да
2025-12-01 16:03:57,565 - services.jwt_utils - INFO - JWTService инициализирован с настройками: {'access_token_expire_minutes': 600, 'refresh_token_expire_days': 1, 'algorithm': 'HS512'}
2025-12-01 16:03:57,640 - api.auth - INFO - Loaded 1 reset tokens from storage
2025-12-01 16:03:58,299 - chat - INFO - Таблицы успешно созданы или уже существуют.
2025-12-01 16:03:58,300 - chat - INFO - Initializing user statuses for existing chats...
2025-12-01 16:03:58,324 - chat - INFO - User statuses initialized successfully
2025-12-01 16:03:58,361 - api.faqs - INFO - SQLAlchemy version: 2.0.41
2025-12-01 16:03:58,394 - api.faqs - INFO - Текущие столбцы таблицы faqs: ['id', 'question', 'answer', 'category', 'created_at', 'updated_at', 'views_count', 'helpful_count', 'not_helpful_count', 'content_html', 'department', 'is_general']
2025-12-01 16:04:02,614 - services.admin_manager - INFO - 🔧 AdminManager using database: portaladmins_db at localhost:5432
2025-12-01 16:04:02,668 - services.admin_manager - INFO - 📋 Admin table columns: ['id', 'username', 'service_id', 'is_active', 'permissions', 'created_at', 'updated_at', 'email']
2025-12-01 16:04:02,671 - services.admin_manager - WARNING - Таблица 'reset_tokens' не найдена в базе данных
2025-12-01 16:04:02,754 - services.jwt_utils - INFO - JWT Configuration: ALGORITHM=HS256, ACCESS_TOKEN_EXPIRE_MINUTES=1440
2025-12-01 16:04:02,754 - services.jwt_utils - INFO - SECRET_KEY установлена: Да
2025-12-01 16:04:02,754 - services.jwt_utils - INFO - JWTService инициализирован с настройками: {'access_token_expire_minutes': 600, 'refresh_token_expire_days': 1, 'algorithm': 'HS512'}
2025-12-01 16:04:02,830 - api.auth - INFO - Loaded 1 reset tokens from storage
2025-12-01 16:04:03,471 - chat - INFO - Таблицы успешно созданы или уже существуют.
2025-12-01 16:04:03,472 - chat - INFO - Initializing user statuses for existing chats...
2025-12-01 16:04:03,499 - chat - INFO - User statuses initialized successfully
2025-12-01 16:04:03,534 - api.faqs - INFO - SQLAlchemy version: 2.0.41
2025-12-01 16:04:03,566 - api.faqs - INFO - Текущие столбцы таблицы faqs: ['id', 'question', 'answer', 'category', 'created_at', 'updated_at', 'views_count', 'helpful_count', 'not_helpful_count', 'content_html', 'department', 'is_general']
2025-12-01 16:04:42,855 - services.admin_manager - INFO - 🔧 AdminManager using database: portaladmins_db at localhost:5432
2025-12-01 16:04:42,936 - services.admin_manager - INFO - 📋 Admin table columns: ['id', 'username', 'service_id', 'is_active', 'permissions', 'created_at', 'updated_at', 'email']
2025-12-01 16:04:42,939 - services.admin_manager - WARNING - Таблица 'reset_tokens' не найдена в базе данных
2025-12-01 16:04:43,091 - services.jwt_utils - INFO - JWT Configuration: ALGORITHM=HS256, ACCESS_TOKEN_EXPIRE_MINUTES=1440
2025-12-01 16:04:43,092 - services.jwt_utils - INFO - SECRET_KEY установлена: Да
2025-12-01 16:04:43,092 - services.jwt_utils - INFO - JWTService инициализирован с настройками: {'access_token_expire_minutes': 600, 'refresh_token_expire_days': 1, 'algorithm': 'HS512'}
2025-12-01 16:04:43,203 - api.auth - INFO - Loaded 1 reset tokens from storage
2025-12-01 16:04:44,259 - chat - INFO - Таблицы успешно созданы или уже существуют.
2025-12-01 16:04:44,259 - chat - INFO - Initializing user statuses for existing chats...
2025-12-01 16:04:44,307 - chat - INFO - User statuses initialized successfully
2025-12-01 16:04:44,379 - api.faqs - INFO - SQLAlchemy version: 2.0.41
2025-12-01 16:04:44,428 - api.faqs - INFO - Текущие столбцы таблицы faqs: ['id', 'question', 'answer', 'category', 'created_at', 'updated_at', 'views_count', 'helpful_count', 'not_helpful_count', 'content_html', 'department', 'is_general']
2025-12-01 16:05:40,569 - services.admin_manager - INFO - 🔧 AdminManager using database: portaladmins_db at localhost:5432
2025-12-01 16:05:40,634 - services.admin_manager - INFO - 📋 Admin table columns: ['id', 'username', 'service_id', 'is_active', 'permissions', 'created_at', 'updated_at', 'email']
2025-12-01 16:05:40,637 - services.admin_manager - WARNING - Таблица 'reset_tokens' не найдена в базе данных
2025-12-01 16:05:40,728 - services.jwt_utils - INFO - JWT Configuration: ALGORITHM=HS256, ACCESS_TOKEN_EXPIRE_MINUTES=1440
2025-12-01 16:05:40,729 - services.jwt_utils - INFO - SECRET_KEY установлена: Да
2025-12-01 16:05:40,729 - services.jwt_utils - INFO - JWTService инициализирован с настройками: {'access_token_expire_minutes': 600, 'refresh_token_expire_days': 1, 'algorithm': 'HS512'}
2025-12-01 16:05:40,803 - api.auth - INFO - Loaded 1 reset tokens from storage
2025-12-01 16:05:41,384 - chat - INFO - Таблицы успешно созданы или уже существуют.
2025-12-01 16:05:41,385 - chat - INFO - Initializing user statuses for existing chats...
2025-12-01 16:05:41,408 - chat - INFO - User statuses initialized successfully
2025-12-01 16:05:41,444 - api.faqs - INFO - SQLAlchemy version: 2.0.41
2025-12-01 16:05:41,473 - api.faqs - INFO - Текущие столбцы таблицы faqs: ['id', 'question', 'answer', 'category', 'created_at', 'updated_at', 'views_count', 'helpful_count', 'not_helpful_count', 'content_html', 'department', 'is_general']
2025-12-01 16:08:27,663 - services.admin_manager - INFO - 🔧 AdminManager using database: portaladmins_db at localhost:5432
2025-12-01 16:08:27,743 - services.admin_manager - INFO - 📋 Admin table columns: ['id', 'username', 'service_id', 'is_active', 'permissions', 'created_at', 'updated_at', 'email']
2025-12-01 16:08:27,747 - services.admin_manager - WARNING - Таблица 'reset_tokens' не найдена в базе данных
2025-12-01 16:08:27,862 - services.jwt_utils - INFO - JWT Configuration: ALGORITHM=HS256, ACCESS_TOKEN_EXPIRE_MINUTES=1440
2025-12-01 16:08:27,862 - services.jwt_utils - INFO - SECRET_KEY установлена: Да
2025-12-01 16:08:27,863 - services.jwt_utils - INFO - JWTService инициализирован с настройками: {'access_token_expire_minutes': 600, 'refresh_token_expire_days': 1, 'algorithm': 'HS512'}
2025-12-01 16:08:27,969 - api.auth - INFO - Loaded 1 reset tokens from storage
2025-12-01 16:08:28,708 - chat - INFO - Таблицы успешно созданы или уже существуют.
2025-12-01 16:08:28,708 - chat - INFO - Initializing user statuses for existing chats...
2025-12-01 16:08:28,740 - chat - INFO - User statuses initialized successfully
2025-12-01 16:08:28,778 - api.faqs - INFO - SQLAlchemy version: 2.0.41
2025-12-01 16:08:28,810 - api.faqs - INFO - Текущие столбцы таблицы faqs: ['id', 'question', 'answer', 'category', 'created_at', 'updated_at', 'views_count', 'helpful_count', 'not_helpful_count', 'content_html', 'department', 'is_general']
2025-12-01 16:08:57,462 - services.admin_manager - INFO - 🔧 AdminManager using database: portaladmins_db at localhost:5432
2025-12-01 16:08:57,524 - services.admin_manager - INFO - 📋 Admin table columns: ['id', 'username', 'service_id', 'is_active', 'permissions', 'created_at', 'updated_at', 'email']
2025-12-01 16:08:57,527 - services.admin_manager - WARNING - Таблица 'reset_tokens' не найдена в базе данных
2025-12-01 16:08:57,614 - services.jwt_utils - INFO - JWT Configuration: ALGORITHM=HS256, ACCESS_TOKEN_EXPIRE_MINUTES=1440
2025-12-01 16:08:57,614 - services.jwt_utils - INFO - SECRET_KEY установлена: Да
2025-12-01 16:08:57,615 - services.jwt_utils - INFO - JWTService инициализирован с настройками: {'access_token_expire_minutes': 600, 'refresh_token_expire_days': 1, 'algorithm': 'HS512'}
2025-12-01 16:08:57,708 - api.auth - INFO - Loaded 1 reset tokens from storage
2025-12-01 16:08:58,336 - chat - INFO - Таблицы успешно созданы или уже существуют.
2025-12-01 16:08:58,336 - chat - INFO - Initializing user statuses for existing chats...
2025-12-01 16:08:58,360 - chat - INFO - User statuses initialized successfully
2025-12-01 16:08:58,402 - api.faqs - INFO - SQLAlchemy version: 2.0.41
2025-12-01 16:08:58,443 - api.faqs - INFO - Текущие столбцы таблицы faqs: ['id', 'question', 'answer', 'category', 'created_at', 'updated_at', 'views_count', 'helpful_count', 'not_helpful_count', 'content_html', 'department', 'is_general']
2025-12-01 16:12:08,585 - services.admin_manager - INFO - 🔧 AdminManager using database: portaladmins_db at localhost:5432
2025-12-01 16:12:08,646 - services.admin_manager - INFO - 📋 Admin table columns: ['id', 'username', 'service_id', 'is_active', 'permissions', 'created_at', 'updated_at', 'email']
2025-12-01 16:12:08,649 - services.admin_manager - WARNING - Таблица 'reset_tokens' не найдена в базе данных
2025-12-01 16:12:08,743 - services.jwt_utils - INFO - JWT Configuration: ALGORITHM=HS256, ACCESS_TOKEN_EXPIRE_MINUTES=1440
2025-12-01 16:12:08,743 - services.jwt_utils - INFO - SECRET_KEY установлена: Да
2025-12-01 16:12:08,744 - services.jwt_utils - INFO - JWTService инициализирован с настройками: {'access_token_expire_minutes': 600, 'refresh_token_expire_days': 1, 'algorithm': 'HS512'}
2025-12-01 16:12:08,827 - api.auth - INFO - Loaded 1 reset tokens from storage
2025-12-01 16:12:09,448 - chat - INFO - Таблицы успешно созданы или уже существуют.
2025-12-01 16:12:09,448 - chat - INFO - Initializing user statuses for existing chats...
2025-12-01 16:12:09,469 - chat - INFO - User statuses initialized successfully
2025-12-01 16:12:09,511 - api.faqs - INFO - SQLAlchemy version: 2.0.41
2025-12-01 16:12:09,555 - api.faqs - INFO - Текущие столбцы таблицы faqs: ['id', 'question', 'answer', 'category', 'created_at', 'updated_at', 'views_count', 'helpful_count', 'not_helpful_count', 'content_html', 'department', 'is_general']
2025-12-01 16:12:20,039 - services.admin_manager - INFO - 🔧 AdminManager using database: portaladmins_db at localhost:5432
2025-12-01 16:12:20,099 - services.admin_manager - INFO - 📋 Admin table columns: ['id', 'username', 'service_id', 'is_active', 'permissions', 'created_at', 'updated_at', 'email']
2025-12-01 16:12:20,102 - services.admin_manager - WARNING - Таблица 'reset_tokens' не найдена в базе данных
2025-12-01 16:12:20,190 - services.jwt_utils - INFO - JWT Configuration: ALGORITHM=HS256, ACCESS_TOKEN_EXPIRE_MINUTES=1440
2025-12-01 16:12:20,190 - services.jwt_utils - INFO - SECRET_KEY установлена: Да
2025-12-01 16:12:20,191 - services.jwt_utils - INFO - JWTService инициализирован с настройками: {'access_token_expire_minutes': 600, 'refresh_token_expire_days': 1, 'algorithm': 'HS512'}
2025-12-01 16:12:20,278 - api.auth - INFO - Loaded 1 reset tokens from storage
2025-12-01 16:12:20,926 - chat - INFO - Таблицы успешно созданы или уже существуют.
2025-12-01 16:12:20,927 - chat - INFO - Initializing user statuses for existing chats...
2025-12-01 16:12:20,953 - chat - INFO - User statuses initialized successfully
2025-12-01 16:12:20,993 - api.faqs - INFO - SQLAlchemy version: 2.0.41
2025-12-01 16:12:21,023 - api.faqs - INFO - Текущие столбцы таблицы faqs: ['id', 'question', 'answer', 'category', 'created_at', 'updated_at', 'views_count', 'helpful_count', 'not_helpful_count', 'content_html', 'department', 'is_general']
2025-12-01 16:13:17,419 - services.admin_manager - INFO - 🔧 AdminManager using database: portaladmins_db at localhost:5432
2025-12-01 16:13:17,570 - services.admin_manager - INFO - 📋 Admin table columns: ['id', 'username', 'service_id', 'is_active', 'permissions', 'created_at', 'updated_at', 'email']
2025-12-01 16:13:17,573 - services.admin_manager - WARNING - Таблица 'reset_tokens' не найдена в базе данных
2025-12-01 16:13:17,812 - services.jwt_utils - INFO - JWT Configuration: ALGORITHM=HS256, ACCESS_TOKEN_EXPIRE_MINUTES=1440
2025-12-01 16:13:17,813 - services.jwt_utils - INFO - SECRET_KEY установлена: Да
2025-12-01 16:13:17,813 - services.jwt_utils - INFO - JWTService инициализирован с настройками: {'access_token_expire_minutes': 600, 'refresh_token_expire_days': 1, 'algorithm': 'HS512'}
2025-12-01 16:13:17,915 - api.auth - INFO - Loaded 1 reset tokens from storage
2025-12-01 16:13:18,917 - chat - INFO - Таблицы успешно созданы или уже существуют.
2025-12-01 16:13:18,917 - chat - INFO - Initializing user statuses for existing chats...
2025-12-01 16:13:18,956 - chat - INFO - User statuses initialized successfully
2025-12-01 16:13:19,000 - api.faqs - INFO - SQLAlchemy version: 2.0.41
2025-12-01 16:13:19,071 - api.faqs - INFO - Текущие столбцы таблицы faqs: ['id', 'question', 'answer', 'category', 'created_at', 'updated_at', 'views_count', 'helpful_count', 'not_helpful_count', 'content_html', 'department', 'is_general']
2025-12-01 16:14:31,899 - services.admin_manager - INFO - 🔧 AdminManager using database: portaladmins_db at localhost:5432
2025-12-01 16:14:31,964 - services.admin_manager - INFO - 📋 Admin table columns: ['id', 'username', 'service_id', 'is_active', 'permissions', 'created_at', 'updated_at', 'email']
2025-12-01 16:14:31,967 - services.admin_manager - WARNING - Таблица 'reset_tokens' не найдена в базе данных
2025-12-01 16:14:32,064 - services.jwt_utils - INFO - JWT Configuration: ALGORITHM=HS256, ACCESS_TOKEN_EXPIRE_MINUTES=1440
2025-12-01 16:14:32,064 - services.jwt_utils - INFO - SECRET_KEY установлена: Да
2025-12-01 16:14:32,064 - services.jwt_utils - INFO - JWTService инициализирован с настройками: {'access_token_expire_minutes': 600, 'refresh_token_expire_days': 1, 'algorithm': 'HS512'}
2025-12-01 16:14:32,149 - api.auth - INFO - Loaded 1 reset tokens from storage
2025-12-01 16:14:32,772 - chat - INFO - Таблицы успешно созданы или уже существуют.
2025-12-01 16:14:32,772 - chat - INFO - Initializing user statuses for existing chats...
2025-12-01 16:14:32,802 - chat - INFO - User statuses initialized successfully
2025-12-01 16:14:32,837 - api.faqs - INFO - SQLAlchemy version: 2.0.41
2025-12-01 16:14:32,875 - api.faqs - INFO - Текущие столбцы таблицы faqs: ['id', 'question', 'answer', 'category', 'created_at', 'updated_at', 'views_count', 'helpful_count', 'not_helpful_count', 'content_html', 'department', 'is_general']
2025-12-01 16:15:31,188 - services.admin_manager - INFO - 🔧 AdminManager using database: portaladmins_db at localhost:5432
2025-12-01 16:15:31,243 - services.admin_manager - INFO - 📋 Admin table columns: ['id', 'username', 'service_id', 'is_active', 'permissions', 'created_at', 'updated_at', 'email']
2025-12-01 16:15:31,245 - services.admin_manager - WARNING - Таблица 'reset_tokens' не найдена в базе данных
2025-12-01 16:15:31,326 - services.jwt_utils - INFO - JWT Configuration: ALGORITHM=HS256, ACCESS_TOKEN_EXPIRE_MINUTES=1440
2025-12-01 16:15:31,326 - services.jwt_utils - INFO - SECRET_KEY установлена: Да
2025-12-01 16:15:31,326 - services.jwt_utils - INFO - JWTService инициализирован с настройками: {'access_token_expire_minutes': 600, 'refresh_token_expire_days': 1, 'algorithm': 'HS512'}
2025-12-01 16:15:31,400 - api.auth - INFO - Loaded 1 reset tokens from storage
2025-12-01 16:15:32,025 - chat - INFO - Таблицы успешно созданы или уже существуют.
2025-12-01 16:15:32,025 - chat - INFO - Initializing user statuses for existing chats...
2025-12-01 16:15:32,056 - chat - INFO - User statuses initialized successfully
2025-12-01 16:15:32,095 - api.faqs - INFO - SQLAlchemy version: 2.0.41
2025-12-01 16:15:32,128 - api.faqs - INFO - Текущие столбцы таблицы faqs: ['id', 'question', 'answer', 'category', 'created_at', 'updated_at', 'views_count', 'helpful_count', 'not_helpful_count', 'content_html', 'department', 'is_general']
2025-12-01 16:19:08,299 - services.admin_manager - INFO - 🔧 AdminManager using database: portaladmins_db at localhost:5432
2025-12-01 16:19:08,364 - services.admin_manager - INFO - 📋 Admin table columns: ['id', 'username', 'service_id', 'is_active', 'permissions', 'created_at', 'updated_at', 'email']
2025-12-01 16:19:08,367 - services.admin_manager - WARNING - Таблица 'reset_tokens' не найдена в базе данных
2025-12-01 16:19:08,470 - services.jwt_utils - INFO - JWT Configuration: ALGORITHM=HS256, ACCESS_TOKEN_EXPIRE_MINUTES=1440
2025-12-01 16:19:08,471 - services.jwt_utils - INFO - SECRET_KEY установлена: Да
2025-12-01 16:19:08,471 - services.jwt_utils - INFO - JWTService инициализирован с настройками: {'access_token_expire_minutes': 600, 'refresh_token_expire_days': 1, 'algorithm': 'HS512'}
2025-12-01 16:19:08,565 - api.auth - INFO - Loaded 1 reset tokens from storage
2025-12-01 16:19:09,253 - chat - INFO - Таблицы успешно созданы или уже существуют.
2025-12-01 16:19:09,253 - chat - INFO - Initializing user statuses for existing chats...
2025-12-01 16:19:09,287 - chat - INFO - User statuses initialized successfully
2025-12-01 16:19:09,336 - api.faqs - INFO - SQLAlchemy version: 2.0.41
2025-12-01 16:19:09,367 - api.faqs - INFO - Текущие столбцы таблицы faqs: ['id', 'question', 'answer', 'category', 'created_at', 'updated_at', 'views_count', 'helpful_count', 'not_helpful_count', 'content_html', 'department', 'is_general']
2025-12-01 16:19:22,317 - services.admin_manager - INFO - 🔧 AdminManager using database: portaladmins_db at localhost:5432
2025-12-01 16:19:22,379 - services.admin_manager - INFO - 📋 Admin table columns: ['id', 'username', 'service_id', 'is_active', 'permissions', 'created_at', 'updated_at', 'email']
2025-12-01 16:19:22,382 - services.admin_manager - WARNING - Таблица 'reset_tokens' не найдена в базе данных
2025-12-01 16:19:22,471 - services.jwt_utils - INFO - JWT Configuration: ALGORITHM=HS256, ACCESS_TOKEN_EXPIRE_MINUTES=1440
2025-12-01 16:19:22,471 - services.jwt_utils - INFO - SECRET_KEY установлена: Да
2025-12-01 16:19:22,472 - services.jwt_utils - INFO - JWTService инициализирован с настройками: {'access_token_expire_minutes': 600, 'refresh_token_expire_days': 1, 'algorithm': 'HS512'}
2025-12-01 16:19:22,549 - api.auth - INFO - Loaded 1 reset tokens from storage
2025-12-01 16:19:23,198 - chat - INFO - Таблицы успешно созданы или уже существуют.
2025-12-01 16:19:23,198 - chat - INFO - Initializing user statuses for existing chats...
2025-12-01 16:19:23,222 - chat - INFO - User statuses initialized successfully
2025-12-01 16:19:23,260 - api.faqs - INFO - SQLAlchemy version: 2.0.41
2025-12-01 16:19:23,300 - api.faqs - INFO - Текущие столбцы таблицы faqs: ['id', 'question', 'answer', 'category', 'created_at', 'updated_at', 'views_count', 'helpful_count', 'not_helpful_count', 'content_html', 'department', 'is_general']
2025-12-01 16:22:47,622 - services.admin_manager - INFO - 🔧 AdminManager using database: portaladmins_db at localhost:5432
2025-12-01 16:22:47,682 - services.admin_manager - INFO - 📋 Admin table columns: ['id', 'username', 'service_id', 'is_active', 'permissions', 'created_at', 'updated_at', 'email']
2025-12-01 16:22:47,685 - services.admin_manager - WARNING - Таблица 'reset_tokens' не найдена в базе данных
2025-12-01 16:22:47,761 - services.jwt_utils - INFO - JWT Configuration: ALGORITHM=HS256, ACCESS_TOKEN_EXPIRE_MINUTES=1440
2025-12-01 16:22:47,761 - services.jwt_utils - INFO - SECRET_KEY установлена: Да
2025-12-01 16:22:47,762 - services.jwt_utils - INFO - JWTService инициализирован с настройками: {'access_token_expire_minutes': 600, 'refresh_token_expire_days': 1, 'algorithm': 'HS512'}
2025-12-01 16:22:47,831 - api.auth - INFO - Loaded 1 reset tokens from storage
2025-12-01 16:22:48,390 - chat - INFO - Таблицы успешно созданы или уже существуют.
2025-12-01 16:22:48,391 - chat - INFO - Initializing user statuses for existing chats...
2025-12-01 16:22:48,414 - chat - INFO - User statuses initialized successfully
2025-12-01 16:22:48,448 - api.faqs - INFO - SQLAlchemy version: 2.0.41
2025-12-01 16:22:48,477 - api.faqs - INFO - Текущие столбцы таблицы faqs: ['id', 'question', 'answer', 'category', 'created_at', 'updated_at', 'views_count', 'helpful_count', 'not_helpful_count', 'content_html', 'department', 'is_general']
2025-12-01 16:28:28,318 - services.admin_manager - INFO - 🔧 AdminManager using database: portaladmins_db at localhost:5432
2025-12-01 16:28:28,381 - services.admin_manager - INFO - 📋 Admin table columns: ['id', 'username', 'service_id', 'is_active', 'permissions', 'created_at', 'updated_at', 'email']
2025-12-01 16:28:28,384 - services.admin_manager - WARNING - Таблица 'reset_tokens' не найдена в базе данных
2025-12-01 16:28:28,475 - services.jwt_utils - INFO - JWT Configuration: ALGORITHM=HS256, ACCESS_TOKEN_EXPIRE_MINUTES=1440
2025-12-01 16:28:28,475 - services.jwt_utils - INFO - SECRET_KEY установлена: Да
2025-12-01 16:28:28,476 - services.jwt_utils - INFO - JWTService инициализирован с настройками: {'access_token_expire_minutes': 600, 'refresh_token_expire_days': 1, 'algorithm': 'HS512'}
2025-12-01 16:28:28,547 - api.auth - INFO - Loaded 1 reset tokens from storage
2025-12-01 16:28:29,156 - chat - INFO - Таблицы успешно созданы или уже существуют.
2025-12-01 16:28:29,156 - chat - INFO - Initializing user statuses for existing chats...
2025-12-01 16:28:29,186 - chat - INFO - User statuses initialized successfully
2025-12-01 16:28:29,225 - api.faqs - INFO - SQLAlchemy version: 2.0.41
2025-12-01 16:28:29,255 - api.faqs - INFO - Текущие столбцы таблицы faqs: ['id', 'question', 'answer', 'category', 'created_at', 'updated_at', 'views_count', 'helpful_count', 'not_helpful_count', 'content_html', 'department', 'is_general']
2025-12-01 16:28:52,241 - services.admin_manager - INFO - 🔧 AdminManager using database: portaladmins_db at localhost:5432
2025-12-01 16:28:52,297 - services.admin_manager - INFO - 📋 Admin table columns: ['id', 'username', 'service_id', 'is_active', 'permissions', 'created_at', 'updated_at', 'email']
2025-12-01 16:28:52,299 - services.admin_manager - WARNING - Таблица 'reset_tokens' не найдена в базе данных
2025-12-01 16:28:52,377 - services.jwt_utils - INFO - JWT Configuration: ALGORITHM=HS256, ACCESS_TOKEN_EXPIRE_MINUTES=1440
2025-12-01 16:28:52,377 - services.jwt_utils - INFO - SECRET_KEY установлена: Да
2025-12-01 16:28:52,378 - services.jwt_utils - INFO - JWTService инициализирован с настройками: {'access_token_expire_minutes': 600, 'refresh_token_expire_days': 1, 'algorithm': 'HS512'}
2025-12-01 16:28:52,447 - api.auth - INFO - Loaded 1 reset tokens from storage
2025-12-01 16:28:53,022 - chat - INFO - Таблицы успешно созданы или уже существуют.
2025-12-01 16:28:53,023 - chat - INFO - Initializing user statuses for existing chats...
2025-12-01 16:28:53,044 - chat - INFO - User statuses initialized successfully
2025-12-01 16:28:53,076 - api.faqs - INFO - SQLAlchemy version: 2.0.41
2025-12-01 16:28:53,102 - api.faqs - INFO - Текущие столбцы таблицы faqs: ['id', 'question', 'answer', 'category', 'created_at', 'updated_at', 'views_count', 'helpful_count', 'not_helpful_count', 'content_html', 'department', 'is_general']
2025-12-01 16:30:26,720 - services.admin_manager - INFO - 🔧 AdminManager using database: portaladmins_db at localhost:5432
2025-12-01 16:30:26,777 - services.admin_manager - INFO - 📋 Admin table columns: ['id', 'username', 'service_id', 'is_active', 'permissions', 'created_at', 'updated_at', 'email']
2025-12-01 16:30:26,780 - services.admin_manager - WARNING - Таблица 'reset_tokens' не найдена в базе данных
2025-12-01 16:30:26,868 - services.jwt_utils - INFO - JWT Configuration: ALGORITHM=HS256, ACCESS_TOKEN_EXPIRE_MINUTES=1440
2025-12-01 16:30:26,869 - services.jwt_utils - INFO - SECRET_KEY установлена: Да
2025-12-01 16:30:26,869 - services.jwt_utils - INFO - JWTService инициализирован с настройками: {'access_token_expire_minutes': 600, 'refresh_token_expire_days': 1, 'algorithm': 'HS512'}
2025-12-01 16:30:26,947 - api.auth - INFO - Loaded 1 reset tokens from storage
2025-12-01 16:30:27,537 - chat - INFO - Таблицы успешно созданы или уже существуют.
2025-12-01 16:30:27,538 - chat - INFO - Initializing user statuses for existing chats...
2025-12-01 16:30:27,561 - chat - INFO - User statuses initialized successfully
2025-12-01 16:30:27,605 - api.faqs - INFO - SQLAlchemy version: 2.0.41
2025-12-01 16:30:27,634 - api.faqs - INFO - Текущие столбцы таблицы faqs: ['id', 'question', 'answer', 'category', 'created_at', 'updated_at', 'views_count', 'helpful_count', 'not_helpful_count', 'content_html', 'department', 'is_general']
2025-12-01 16:33:06,748 - services.admin_manager - INFO - 🔧 AdminManager using database: portaladmins_db at localhost:5432
2025-12-01 16:33:06,811 - services.admin_manager - INFO - 📋 Admin table columns: ['id', 'username', 'service_id', 'is_active', 'permissions', 'created_at', 'updated_at', 'email']
2025-12-01 16:33:06,814 - services.admin_manager - WARNING - Таблица 'reset_tokens' не найдена в базе данных
2025-12-01 16:33:06,904 - services.jwt_utils - INFO - JWT Configuration: ALGORITHM=HS256, ACCESS_TOKEN_EXPIRE_MINUTES=1440
2025-12-01 16:33:06,904 - services.jwt_utils - INFO - SECRET_KEY установлена: Да
2025-12-01 16:33:06,904 - services.jwt_utils - INFO - JWTService инициализирован с настройками: {'access_token_expire_minutes': 600, 'refresh_token_expire_days': 1, 'algorithm': 'HS512'}
2025-12-01 16:33:06,984 - api.auth - INFO - Loaded 1 reset tokens from storage
2025-12-01 16:33:07,582 - chat - INFO - Таблицы успешно созданы или уже существуют.
2025-12-01 16:33:07,582 - chat - INFO - Initializing user statuses for existing chats...
2025-12-01 16:33:07,605 - chat - INFO - User statuses initialized successfully
2025-12-01 16:33:07,641 - api.faqs - INFO - SQLAlchemy version: 2.0.41
2025-12-01 16:33:07,668 - api.faqs - INFO - Текущие столбцы таблицы faqs: ['id', 'question', 'answer', 'category', 'created_at', 'updated_at', 'views_count', 'helpful_count', 'not_helpful_count', 'content_html', 'department', 'is_general']
2025-12-01 16:33:43,621 - services.admin_manager - INFO - 🔧 AdminManager using database: portaladmins_db at localhost:5432
2025-12-01 16:33:43,673 - services.admin_manager - INFO - 📋 Admin table columns: ['id', 'username', 'service_id', 'is_active', 'permissions', 'created_at', 'updated_at', 'email']
2025-12-01 16:33:43,675 - services.admin_manager - WARNING - Таблица 'reset_tokens' не найдена в базе данных
2025-12-01 16:33:43,758 - services.jwt_utils - INFO - JWT Configuration: ALGORITHM=HS256, ACCESS_TOKEN_EXPIRE_MINUTES=1440
2025-12-01 16:33:43,758 - services.jwt_utils - INFO - SECRET_KEY установлена: Да
2025-12-01 16:33:43,759 - services.jwt_utils - INFO - JWTService инициализирован с настройками: {'access_token_expire_minutes': 600, 'refresh_token_expire_days': 1, 'algorithm': 'HS512'}
2025-12-01 16:33:43,837 - api.auth - INFO - Loaded 1 reset tokens from storage
2025-12-01 16:33:44,443 - chat - INFO - Таблицы успешно созданы или уже существуют.
2025-12-01 16:33:44,444 - chat - INFO - Initializing user statuses for existing chats...
2025-12-01 16:33:44,471 - chat - INFO - User statuses initialized successfully
2025-12-01 16:33:44,507 - api.faqs - INFO - SQLAlchemy version: 2.0.41
2025-12-01 16:33:44,538 - api.faqs - INFO - Текущие столбцы таблицы faqs: ['id', 'question', 'answer', 'category', 'created_at', 'updated_at', 'views_count', 'helpful_count', 'not_helpful_count', 'content_html', 'department', 'is_general']
2025-12-01 16:33:45,485 - services.admin_manager - INFO - 🔧 AdminManager using database: portaladmins_db at localhost:5432
2025-12-01 16:33:45,549 - services.admin_manager - INFO - 📋 Admin table columns: ['id', 'username', 'service_id', 'is_active', 'permissions', 'created_at', 'updated_at', 'email']
2025-12-01 16:33:45,551 - services.admin_manager - WARNING - Таблица 'reset_tokens' не найдена в базе данных
2025-12-01 16:33:45,630 - services.jwt_utils - INFO - JWT Configuration: ALGORITHM=HS256, ACCESS_TOKEN_EXPIRE_MINUTES=1440
2025-12-01 16:33:45,630 - services.jwt_utils - INFO - SECRET_KEY установлена: Да
2025-12-01 16:33:45,630 - services.jwt_utils - INFO - JWTService инициализирован с настройками: {'access_token_expire_minutes': 600, 'refresh_token_expire_days': 1, 'algorithm': 'HS512'}
2025-12-01 16:33:45,704 - api.auth - INFO - Loaded 1 reset tokens from storage
2025-12-01 16:33:46,312 - chat - INFO - Таблицы успешно созданы или уже существуют.
2025-12-01 16:33:46,312 - chat - INFO - Initializing user statuses for existing chats...
2025-12-01 16:33:46,336 - chat - INFO - User statuses initialized successfully
2025-12-01 16:33:46,370 - api.faqs - INFO - SQLAlchemy version: 2.0.41
2025-12-01 16:33:46,399 - api.faqs - INFO - Текущие столбцы таблицы faqs: ['id', 'question', 'answer', 'category', 'created_at', 'updated_at', 'views_count', 'helpful_count', 'not_helpful_count', 'content_html', 'department', 'is_general']
2025-12-01 16:34:43,332 - services.admin_manager - INFO - 🔧 AdminManager using database: portaladmins_db at localhost:5432
2025-12-01 16:34:43,407 - services.admin_manager - INFO - 📋 Admin table columns: ['id', 'username', 'service_id', 'is_active', 'permissions', 'created_at', 'updated_at', 'email']
2025-12-01 16:34:43,411 - services.admin_manager - WARNING - Таблица 'reset_tokens' не найдена в базе данных
2025-12-01 16:34:43,516 - services.jwt_utils - INFO - JWT Configuration: ALGORITHM=HS256, ACCESS_TOKEN_EXPIRE_MINUTES=1440
2025-12-01 16:34:43,516 - services.jwt_utils - INFO - SECRET_KEY установлена: Да
2025-12-01 16:34:43,517 - services.jwt_utils - INFO - JWTService инициализирован с настройками: {'access_token_expire_minutes': 600, 'refresh_token_expire_days': 1, 'algorithm': 'HS512'}
2025-12-01 16:34:43,617 - api.auth - INFO - Loaded 1 reset tokens from storage
2025-12-01 16:34:44,217 - chat - INFO - Таблицы успешно созданы или уже существуют.
2025-12-01 16:34:44,217 - chat - INFO - Initializing user statuses for existing chats...
2025-12-01 16:34:44,244 - chat - INFO - User statuses initialized successfully
2025-12-01 16:34:44,279 - api.faqs - INFO - SQLAlchemy version: 2.0.41
2025-12-01 16:34:44,309 - api.faqs - INFO - Текущие столбцы таблицы faqs: ['id', 'question', 'answer', 'category', 'created_at', 'updated_at', 'views_count', 'helpful_count', 'not_helpful_count', 'content_html', 'department', 'is_general']
2025-12-01 16:35:03,346 - services.admin_manager - INFO - 🔧 AdminManager using database: portaladmins_db at localhost:5432
2025-12-01 16:35:03,405 - services.admin_manager - INFO - 📋 Admin table columns: ['id', 'username', 'service_id', 'is_active', 'permissions', 'created_at', 'updated_at', 'email']
2025-12-01 16:35:03,408 - services.admin_manager - WARNING - Таблица 'reset_tokens' не найдена в базе данных
2025-12-01 16:35:03,504 - services.jwt_utils - INFO - JWT Configuration: ALGORITHM=HS256, ACCESS_TOKEN_EXPIRE_MINUTES=1440
2025-12-01 16:35:03,504 - services.jwt_utils - INFO - SECRET_KEY установлена: Да
2025-12-01 16:35:03,504 - services.jwt_utils - INFO - JWTService инициализирован с настройками: {'access_token_expire_minutes': 600, 'refresh_token_expire_days': 1, 'algorithm': 'HS512'}
2025-12-01 16:35:03,589 - api.auth - INFO - Loaded 1 reset tokens from storage
2025-12-01 16:35:04,211 - chat - INFO - Таблицы успешно созданы или уже существуют.
2025-12-01 16:35:04,212 - chat - INFO - Initializing user statuses for existing chats...
2025-12-01 16:35:04,239 - chat - INFO - User statuses initialized successfully
2025-12-01 16:35:04,277 - api.faqs - INFO - SQLAlchemy version: 2.0.41
2025-12-01 16:35:04,306 - api.faqs - INFO - Текущие столбцы таблицы faqs: ['id', 'question', 'answer', 'category', 'created_at', 'updated_at', 'views_count', 'helpful_count', 'not_helpful_count', 'content_html', 'department', 'is_general']
2025-12-01 16:38:14,574 - services.admin_manager - INFO - 🔧 AdminManager using database: portaladmins_db at localhost:5432
2025-12-01 16:38:14,629 - services.admin_manager - INFO - 📋 Admin table columns: ['id', 'username', 'service_id', 'is_active', 'permissions', 'created_at', 'updated_at', 'email']
2025-12-01 16:38:14,631 - services.admin_manager - WARNING - Таблица 'reset_tokens' не найдена в базе данных
2025-12-01 16:38:14,716 - services.jwt_utils - INFO - JWT Configuration: ALGORITHM=HS256, ACCESS_TOKEN_EXPIRE_MINUTES=1440
2025-12-01 16:38:14,716 - services.jwt_utils - INFO - SECRET_KEY установлена: Да
2025-12-01 16:38:14,717 - services.jwt_utils - INFO - JWTService инициализирован с настройками: {'access_token_expire_minutes': 600, 'refresh_token_expire_days': 1, 'algorithm': 'HS512'}
2025-12-01 16:38:14,797 - api.auth - INFO - Loaded 1 reset tokens from storage
2025-12-01 16:38:15,386 - chat - INFO - Таблицы успешно созданы или уже существуют.
2025-12-01 16:38:15,386 - chat - INFO - Initializing user statuses for existing chats...
2025-12-01 16:38:15,410 - chat - INFO - User statuses initialized successfully
2025-12-01 16:38:15,443 - api.faqs - INFO - SQLAlchemy version: 2.0.41
2025-12-01 16:38:15,475 - api.faqs - INFO - Текущие столбцы таблицы faqs: ['id', 'question', 'answer', 'category', 'created_at', 'updated_at', 'views_count', 'helpful_count', 'not_helpful_count', 'content_html', 'department', 'is_general']
2025-12-01 16:41:25,301 - services.admin_manager - INFO - 🔧 AdminManager using database: portaladmins_db at localhost:5432
2025-12-01 16:41:25,359 - services.admin_manager - INFO - 📋 Admin table columns: ['id', 'username', 'service_id', 'is_active', 'permissions', 'created_at', 'updated_at', 'email']
2025-12-01 16:41:25,362 - services.admin_manager - WARNING - Таблица 'reset_tokens' не найдена в базе данных
2025-12-01 16:41:25,445 - services.jwt_utils - INFO - JWT Configuration: ALGORITHM=HS256, ACCESS_TOKEN_EXPIRE_MINUTES=1440
2025-12-01 16:41:25,445 - services.jwt_utils - INFO - SECRET_KEY установлена: Да
2025-12-01 16:41:25,446 - services.jwt_utils - INFO - JWTService инициализирован с настройками: {'access_token_expire_minutes': 600, 'refresh_token_expire_days': 1, 'algorithm': 'HS512'}
2025-12-01 16:41:25,520 - api.auth - INFO - Loaded 1 reset tokens from storage
2025-12-01 16:41:26,119 - chat - INFO - Таблицы успешно созданы или уже существуют.
2025-12-01 16:41:26,119 - chat - INFO - Initializing user statuses for existing chats...
2025-12-01 16:41:26,141 - chat - INFO - User statuses initialized successfully
2025-12-01 16:41:26,177 - api.faqs - INFO - SQLAlchemy version: 2.0.41
2025-12-01 16:41:26,206 - api.faqs - INFO - Текущие столбцы таблицы faqs: ['id', 'question', 'answer', 'category', 'created_at', 'updated_at', 'views_count', 'helpful_count', 'not_helpful_count', 'content_html', 'department', 'is_general']
2025-12-01 16:45:55,561 - services.admin_manager - INFO - 🔧 AdminManager using database: portaladmins_db at localhost:5432
2025-12-01 16:45:55,619 - services.admin_manager - INFO - 📋 Admin table columns: ['id', 'username', 'service_id', 'is_active', 'permissions', 'created_at', 'updated_at', 'email']
2025-12-01 16:45:55,623 - services.admin_manager - WARNING - Таблица 'reset_tokens' не найдена в базе данных
2025-12-01 16:45:55,709 - services.jwt_utils - INFO - JWT Configuration: ALGORITHM=HS256, ACCESS_TOKEN_EXPIRE_MINUTES=1440
2025-12-01 16:45:55,710 - services.jwt_utils - INFO - SECRET_KEY установлена: Да
2025-12-01 16:45:55,710 - services.jwt_utils - INFO - JWTService инициализирован с настройками: {'access_token_expire_minutes': 600, 'refresh_token_expire_days': 1, 'algorithm': 'HS512'}
2025-12-01 16:45:55,789 - api.auth - INFO - Loaded 1 reset tokens from storage
2025-12-01 16:45:56,408 - chat - INFO - Таблицы успешно созданы или уже существуют.
2025-12-01 16:45:56,408 - chat - INFO - Initializing user statuses for existing chats...
2025-12-01 16:45:56,435 - chat - INFO - User statuses initialized successfully
2025-12-01 16:45:56,473 - api.faqs - INFO - SQLAlchemy version: 2.0.41
2025-12-01 16:45:56,509 - api.faqs - INFO - Текущие столбцы таблицы faqs: ['id', 'question', 'answer', 'category', 'created_at', 'updated_at', 'views_count', 'helpful_count', 'not_helpful_count', 'content_html', 'department', 'is_general']
2025-12-01 16:48:27,307 - services.admin_manager - INFO - 🔧 AdminManager using database: portaladmins_db at localhost:5432
2025-12-01 16:48:27,365 - services.admin_manager - INFO - 📋 Admin table columns: ['id', 'username', 'service_id', 'is_active', 'permissions', 'created_at', 'updated_at', 'email']
2025-12-01 16:48:27,367 - services.admin_manager - WARNING - Таблица 'reset_tokens' не найдена в базе данных
2025-12-01 16:48:27,447 - services.jwt_utils - INFO - JWT Configuration: ALGORITHM=HS256, ACCESS_TOKEN_EXPIRE_MINUTES=1440
2025-12-01 16:48:27,447 - services.jwt_utils - INFO - SECRET_KEY установлена: Да
2025-12-01 16:48:27,448 - services.jwt_utils - INFO - JWTService инициализирован с настройками: {'access_token_expire_minutes': 600, 'refresh_token_expire_days': 1, 'algorithm': 'HS512'}
2025-12-01 16:48:27,519 - api.auth - INFO - Loaded 1 reset tokens from storage
2025-12-01 16:48:28,084 - chat - INFO - Таблицы успешно созданы или уже существуют.
2025-12-01 16:48:28,084 - chat - INFO - Initializing user statuses for existing chats...
2025-12-01 16:48:28,108 - chat - INFO - User statuses initialized successfully
2025-12-01 16:48:28,143 - api.faqs - INFO - SQLAlchemy version: 2.0.41
2025-12-01 16:48:28,173 - api.faqs - INFO - Текущие столбцы таблицы faqs: ['id', 'question', 'answer', 'category', 'created_at', 'updated_at', 'views_count', 'helpful_count', 'not_helpful_count', 'content_html', 'department', 'is_general']
2025-12-01 16:49:00,615 - services.admin_manager - INFO - 🔧 AdminManager using database: portaladmins_db at localhost:5432
2025-12-01 16:49:00,673 - services.admin_manager - INFO - 📋 Admin table columns: ['id', 'username', 'service_id', 'is_active', 'permissions', 'created_at', 'updated_at', 'email']
2025-12-01 16:49:00,676 - services.admin_manager - WARNING - Таблица 'reset_tokens' не найдена в базе данных
2025-12-01 16:49:00,756 - services.jwt_utils - INFO - JWT Configuration: ALGORITHM=HS256, ACCESS_TOKEN_EXPIRE_MINUTES=1440
2025-12-01 16:49:00,756 - services.jwt_utils - INFO - SECRET_KEY установлена: Да
2025-12-01 16:49:00,757 - services.jwt_utils - INFO - JWTService инициализирован с настройками: {'access_token_expire_minutes': 600, 'refresh_token_expire_days': 1, 'algorithm': 'HS512'}
2025-12-01 16:49:00,839 - api.auth - INFO - Loaded 1 reset tokens from storage
2025-12-01 16:49:01,429 - chat - INFO - Таблицы успешно созданы или уже существуют.
2025-12-01 16:49:01,429 - chat - INFO - Initializing user statuses for existing chats...
2025-12-01 16:49:01,452 - chat - INFO - User statuses initialized successfully
2025-12-01 16:49:01,491 - api.faqs - INFO - SQLAlchemy version: 2.0.41
2025-12-01 16:49:01,523 - api.faqs - INFO - Текущие столбцы таблицы faqs: ['id', 'question', 'answer', 'category', 'created_at', 'updated_at', 'views_count', 'helpful_count', 'not_helpful_count', 'content_html', 'department', 'is_general']
2025-12-01 16:51:31,346 - services.admin_manager - INFO - 🔧 AdminManager using database: portaladmins_db at localhost:5432
2025-12-01 16:51:31,401 - services.admin_manager - INFO - 📋 Admin table columns: ['id', 'username', 'service_id', 'is_active', 'permissions', 'created_at', 'updated_at', 'email']
2025-12-01 16:51:31,403 - services.admin_manager - WARNING - Таблица 'reset_tokens' не найдена в базе данных
2025-12-01 16:51:31,486 - services.jwt_utils - INFO - JWT Configuration: ALGORITHM=HS256, ACCESS_TOKEN_EXPIRE_MINUTES=1440
2025-12-01 16:51:31,487 - services.jwt_utils - INFO - SECRET_KEY установлена: Да
2025-12-01 16:51:31,487 - services.jwt_utils - INFO - JWTService инициализирован с настройками: {'access_token_expire_minutes': 600, 'refresh_token_expire_days': 1, 'algorithm': 'HS512'}
2025-12-01 16:51:31,562 - api.auth - INFO - Loaded 1 reset tokens from storage
2025-12-01 16:51:32,148 - chat - INFO - Таблицы успешно созданы или уже существуют.
2025-12-01 16:51:32,148 - chat - INFO - Initializing user statuses for existing chats...
2025-12-01 16:51:32,170 - chat - INFO - User statuses initialized successfully
2025-12-01 16:51:32,207 - api.faqs - INFO - SQLAlchemy version: 2.0.41
2025-12-01 16:51:32,238 - api.faqs - INFO - Текущие столбцы таблицы faqs: ['id', 'question', 'answer', 'category', 'created_at', 'updated_at', 'views_count', 'helpful_count', 'not_helpful_count', 'content_html', 'department', 'is_general']
2025-12-01 16:54:23,499 - services.admin_manager - INFO - 🔧 AdminManager using database: portaladmins_db at localhost:5432
2025-12-01 16:54:23,559 - services.admin_manager - INFO - 📋 Admin table columns: ['id', 'username', 'service_id', 'is_active', 'permissions', 'created_at', 'updated_at', 'email']
2025-12-01 16:54:23,561 - services.admin_manager - WARNING - Таблица 'reset_tokens' не найдена в базе данных
2025-12-01 16:54:23,649 - services.jwt_utils - INFO - JWT Configuration: ALGORITHM=HS256, ACCESS_TOKEN_EXPIRE_MINUTES=1440
2025-12-01 16:54:23,649 - services.jwt_utils - INFO - SECRET_KEY установлена: Да
2025-12-01 16:54:23,649 - services.jwt_utils - INFO - JWTService инициализирован с настройками: {'access_token_expire_minutes': 600, 'refresh_token_expire_days': 1, 'algorithm': 'HS512'}
2025-12-01 16:54:23,720 - api.auth - INFO - Loaded 1 reset tokens from storage
2025-12-01 16:54:24,313 - chat - INFO - Таблицы успешно созданы или уже существуют.
2025-12-01 16:54:24,313 - chat - INFO - Initializing user statuses for existing chats...
2025-12-01 16:54:24,338 - chat - INFO - User statuses initialized successfully
2025-12-01 16:54:24,376 - api.faqs - INFO - SQLAlchemy version: 2.0.41
2025-12-01 16:54:24,404 - api.faqs - INFO - Текущие столбцы таблицы faqs: ['id', 'question', 'answer', 'category', 'created_at', 'updated_at', 'views_count', 'helpful_count', 'not_helpful_count', 'content_html', 'department', 'is_general']
2025-12-01 17:01:24,658 - services.admin_manager - INFO - 🔧 AdminManager using database: portaladmins_db at localhost:5432
2025-12-01 17:01:24,717 - services.admin_manager - INFO - 📋 Admin table columns: ['id', 'username', 'service_id', 'is_active', 'permissions', 'created_at', 'updated_at', 'email']
2025-12-01 17:01:24,720 - services.admin_manager - WARNING - Таблица 'reset_tokens' не найдена в базе данных
2025-12-01 17:01:24,810 - services.jwt_utils - INFO - JWT Configuration: ALGORITHM=HS256, ACCESS_TOKEN_EXPIRE_MINUTES=1440
2025-12-01 17:01:24,810 - services.jwt_utils - INFO - SECRET_KEY установлена: Да
2025-12-01 17:01:24,810 - services.jwt_utils - INFO - JWTService инициализирован с настройками: {'access_token_expire_minutes': 600, 'refresh_token_expire_days': 1, 'algorithm': 'HS512'}
2025-12-01 17:01:24,883 - api.auth - INFO - Loaded 1 reset tokens from storage
2025-12-01 17:01:25,468 - chat - INFO - Таблицы успешно созданы или уже существуют.
2025-12-01 17:01:25,468 - chat - INFO - Initializing user statuses for existing chats...
2025-12-01 17:01:25,494 - chat - INFO - User statuses initialized successfully
2025-12-01 17:01:25,542 - api.faqs - INFO - SQLAlchemy version: 2.0.41
2025-12-01 17:01:25,572 - api.faqs - INFO - Текущие столбцы таблицы faqs: ['id', 'question', 'answer', 'category', 'created_at', 'updated_at', 'views_count', 'helpful_count', 'not_helpful_count', 'content_html', 'department', 'is_general']
2025-12-01 17:11:46,747 - services.admin_manager - INFO - 🔧 AdminManager using database: portaladmins_db at localhost:5432
2025-12-01 17:11:46,804 - services.admin_manager - INFO - 📋 Admin table columns: ['id', 'username', 'service_id', 'is_active', 'permissions', 'created_at', 'updated_at', 'email']
2025-12-01 17:11:46,806 - services.admin_manager - WARNING - Таблица 'reset_tokens' не найдена в базе данных
2025-12-01 17:11:46,889 - services.jwt_utils - INFO - JWT Configuration: ALGORITHM=HS256, ACCESS_TOKEN_EXPIRE_MINUTES=1440
2025-12-01 17:11:46,889 - services.jwt_utils - INFO - SECRET_KEY установлена: Да
2025-12-01 17:11:46,889 - services.jwt_utils - INFO - JWTService инициализирован с настройками: {'access_token_expire_minutes': 600, 'refresh_token_expire_days': 1, 'algorithm': 'HS512'}
2025-12-01 17:11:46,962 - api.auth - INFO - Loaded 1 reset tokens from storage
2025-12-01 17:11:47,562 - chat - INFO - Таблицы успешно созданы или уже существуют.
2025-12-01 17:11:47,562 - chat - INFO - Initializing user statuses for existing chats...
2025-12-01 17:11:47,585 - chat - INFO - User statuses initialized successfully
2025-12-01 17:11:47,643 - api.faqs - INFO - SQLAlchemy version: 2.0.41
2025-12-01 17:11:47,673 - api.faqs - INFO - Текущие столбцы таблицы faqs: ['id', 'question', 'answer', 'category', 'created_at', 'updated_at', 'views_count', 'helpful_count', 'not_helpful_count', 'content_html', 'department', 'is_general']
2025-12-01 17:14:09,643 - services.admin_manager - INFO - 🔧 AdminManager using database: portaladmins_db at localhost:5432
2025-12-01 17:14:09,700 - services.admin_manager - INFO - 📋 Admin table columns: ['id', 'username', 'service_id', 'is_active', 'permissions', 'created_at', 'updated_at', 'email']
2025-12-01 17:14:09,703 - services.admin_manager - WARNING - Таблица 'reset_tokens' не найдена в базе данных
2025-12-01 17:15:56,304 - services.admin_manager - INFO - 🔧 AdminManager using database: portaladmins_db at localhost:5432
2025-12-01 17:15:56,360 - services.admin_manager - INFO - 📋 Admin table columns: ['id', 'username', 'service_id', 'is_active', 'permissions', 'created_at', 'updated_at', 'email']
2025-12-01 17:15:56,362 - services.admin_manager - WARNING - Таблица 'reset_tokens' не найдена в базе данных
2025-12-01 17:15:56,455 - services.jwt_utils - INFO - JWT Configuration: ALGORITHM=HS256, ACCESS_TOKEN_EXPIRE_MINUTES=1440
2025-12-01 17:15:56,456 - services.jwt_utils - INFO - SECRET_KEY установлена: Да
2025-12-01 17:15:56,456 - services.jwt_utils - INFO - JWTService инициализирован с настройками: {'access_token_expire_minutes': 600, 'refresh_token_expire_days': 1, 'algorithm': 'HS512'}
2025-12-01 17:15:56,533 - api.auth - INFO - Loaded 1 reset tokens from storage
2025-12-01 17:15:57,120 - chat - INFO - Таблицы успешно созданы или уже существуют.
2025-12-01 17:15:57,121 - chat - INFO - Initializing user statuses for existing chats...
2025-12-01 17:15:57,144 - chat - INFO - User statuses initialized successfully
2025-12-01 17:15:57,183 - api.faqs - INFO - SQLAlchemy version: 2.0.41
2025-12-01 17:15:57,210 - api.faqs - INFO - Текущие столбцы таблицы faqs: ['id', 'question', 'answer', 'category', 'created_at', 'updated_at', 'views_count', 'helpful_count', 'not_helpful_count', 'content_html', 'department', 'is_general']
2025-12-01 17:17:02,289 - services.admin_manager - INFO - 🔧 AdminManager using database: portaladmins_db at localhost:5432
2025-12-01 17:17:02,343 - services.admin_manager - INFO - 📋 Admin table columns: ['id', 'username', 'service_id', 'is_active', 'permissions', 'created_at', 'updated_at', 'email']
2025-12-01 17:17:02,345 - services.admin_manager - WARNING - Таблица 'reset_tokens' не найдена в базе данных
2025-12-01 17:17:02,424 - services.jwt_utils - INFO - JWT Configuration: ALGORITHM=HS256, ACCESS_TOKEN_EXPIRE_MINUTES=1440
2025-12-01 17:17:02,425 - services.jwt_utils - INFO - SECRET_KEY установлена: Да
2025-12-01 17:17:02,425 - services.jwt_utils - INFO - JWTService инициализирован с настройками: {'access_token_expire_minutes': 600, 'refresh_token_expire_days': 1, 'algorithm': 'HS512'}
2025-12-01 17:17:02,503 - api.auth - INFO - Loaded 1 reset tokens from storage
2025-12-01 17:17:03,066 - chat - INFO - Таблицы успешно созданы или уже существуют.
2025-12-01 17:17:03,066 - chat - INFO - Initializing user statuses for existing chats...
2025-12-01 17:17:03,092 - chat - INFO - User statuses initialized successfully
2025-12-01 17:17:03,139 - api.faqs - INFO - SQLAlchemy version: 2.0.41
2025-12-01 17:17:03,170 - api.faqs - INFO - Текущие столбцы таблицы faqs: ['id', 'question', 'answer', 'category', 'created_at', 'updated_at', 'views_count', 'helpful_count', 'not_helpful_count', 'content_html', 'department', 'is_general']
2025-12-01 17:17:05,810 - services.admin_manager - INFO - 🔧 AdminManager using database: portaladmins_db at localhost:5432
2025-12-01 17:17:05,880 - services.admin_manager - INFO - 📋 Admin table columns: ['id', 'username', 'service_id', 'is_active', 'permissions', 'created_at', 'updated_at', 'email']
2025-12-01 17:17:05,883 - services.admin_manager - WARNING - Таблица 'reset_tokens' не найдена в базе данных
2025-12-01 17:17:05,982 - services.jwt_utils - INFO - JWT Configuration: ALGORITHM=HS256, ACCESS_TOKEN_EXPIRE_MINUTES=1440
2025-12-01 17:17:05,982 - services.jwt_utils - INFO - SECRET_KEY установлена: Да
2025-12-01 17:17:05,983 - services.jwt_utils - INFO - JWTService инициализирован с настройками: {'access_token_expire_minutes': 600, 'refresh_token_expire_days': 1, 'algorithm': 'HS512'}
2025-12-01 17:17:06,059 - api.auth - INFO - Loaded 1 reset tokens from storage
2025-12-01 17:17:06,680 - chat - INFO - Таблицы успешно созданы или уже существуют.
2025-12-01 17:17:06,681 - chat - INFO - Initializing user statuses for existing chats...
2025-12-01 17:17:06,702 - chat - INFO - User statuses initialized successfully
2025-12-01 17:17:06,748 - api.faqs - INFO - SQLAlchemy version: 2.0.41
2025-12-01 17:17:06,778 - api.faqs - INFO - Текущие столбцы таблицы faqs: ['id', 'question', 'answer', 'category', 'created_at', 'updated_at', 'views_count', 'helpful_count', 'not_helpful_count', 'content_html', 'department', 'is_general']
2025-12-01 17:17:22,800 - services.admin_manager - INFO - 🔧 AdminManager using database: portaladmins_db at localhost:5432
2025-12-01 17:17:22,855 - services.admin_manager - INFO - 📋 Admin table columns: ['id', 'username', 'service_id', 'is_active', 'permissions', 'created_at', 'updated_at', 'email']
2025-12-01 17:17:22,858 - services.admin_manager - WARNING - Таблица 'reset_tokens' не найдена в базе данных
2025-12-01 17:17:22,954 - services.jwt_utils - INFO - JWT Configuration: ALGORITHM=HS256, ACCESS_TOKEN_EXPIRE_MINUTES=1440
2025-12-01 17:17:22,955 - services.jwt_utils - INFO - SECRET_KEY установлена: Да
2025-12-01 17:17:22,955 - services.jwt_utils - INFO - JWTService инициализирован с настройками: {'access_token_expire_minutes': 600, 'refresh_token_expire_days': 1, 'algorithm': 'HS512'}
2025-12-01 17:17:23,033 - api.auth - INFO - Loaded 1 reset tokens from storage
2025-12-01 17:17:23,625 - chat - INFO - Таблицы успешно созданы или уже существуют.
2025-12-01 17:17:23,626 - chat - INFO - Initializing user statuses for existing chats...
2025-12-01 17:17:23,652 - chat - INFO - User statuses initialized successfully
2025-12-01 17:17:23,692 - api.faqs - INFO - SQLAlchemy version: 2.0.41
2025-12-01 17:17:23,722 - api.faqs - INFO - Текущие столбцы таблицы faqs: ['id', 'question', 'answer', 'category', 'created_at', 'updated_at', 'views_count', 'helpful_count', 'not_helpful_count', 'content_html', 'department', 'is_general']
2025-12-01 17:25:19,193 - services.admin_manager - INFO - 🔧 AdminManager using database: portaladmins_db at localhost:5432
2025-12-01 17:25:19,245 - services.admin_manager - INFO - 📋 Admin table columns: ['id', 'username', 'service_id', 'is_active', 'permissions', 'created_at', 'updated_at', 'email']
2025-12-01 17:25:19,247 - services.admin_manager - WARNING - Таблица 'reset_tokens' не найдена в базе данных
2025-12-01 17:25:19,326 - services.jwt_utils - INFO - JWT Configuration: ALGORITHM=HS256, ACCESS_TOKEN_EXPIRE_MINUTES=1440
2025-12-01 17:25:19,326 - services.jwt_utils - INFO - SECRET_KEY установлена: Да
2025-12-01 17:25:19,327 - services.jwt_utils - INFO - JWTService инициализирован с настройками: {'access_token_expire_minutes': 600, 'refresh_token_expire_days': 1, 'algorithm': 'HS512'}
2025-12-01 17:25:19,398 - api.auth - INFO - Loaded 1 reset tokens from storage
2025-12-01 17:25:19,989 - chat - INFO - Таблицы успешно созданы или уже существуют.
2025-12-01 17:25:19,990 - chat - INFO - Initializing user statuses for existing chats...
2025-12-01 17:25:20,011 - chat - INFO - User statuses initialized successfully
2025-12-02 09:00:00,935 - services.admin_manager - INFO - 🔧 AdminManager using database: portaladmins_db at localhost:5432
2025-12-02 09:00:01,138 - services.admin_manager - INFO - 📋 Admin table columns: ['id', 'username', 'service_id', 'is_active', 'permissions', 'created_at', 'updated_at', 'email']
2025-12-02 09:00:01,142 - services.admin_manager - WARNING - Таблица 'reset_tokens' не найдена в базе данных
2025-12-02 09:00:01,411 - services.jwt_utils - INFO - JWT Configuration: ALGORITHM=HS256, ACCESS_TOKEN_EXPIRE_MINUTES=1440
2025-12-02 09:00:01,411 - services.jwt_utils - INFO - SECRET_KEY установлена: Да
2025-12-02 09:00:01,412 - services.jwt_utils - INFO - JWTService инициализирован с настройками: {'access_token_expire_minutes': 600, 'refresh_token_expire_days': 1, 'algorithm': 'HS512'}
2025-12-02 09:00:01,547 - api.auth - INFO - Loaded 1 reset tokens from storage
2025-12-02 09:00:03,022 - chat - INFO - Таблицы успешно созданы или уже существуют.
2025-12-02 09:00:03,022 - chat - INFO - Initializing user statuses for existing chats...
2025-12-02 09:00:03,091 - chat - INFO - User statuses initialized successfully
2025-12-02 09:02:32,135 - services.admin_manager - INFO - 🔧 AdminManager using database: portaladmins_db at localhost:5432
2025-12-02 09:02:32,207 - services.admin_manager - INFO - 📋 Admin table columns: ['id', 'username', 'service_id', 'is_active', 'permissions', 'created_at', 'updated_at', 'email']
2025-12-02 09:02:32,210 - services.admin_manager - WARNING - Таблица 'reset_tokens' не найдена в базе данных
2025-12-02 09:02:32,310 - services.jwt_utils - INFO - JWT Configuration: ALGORITHM=HS256, ACCESS_TOKEN_EXPIRE_MINUTES=1440
2025-12-02 09:02:32,310 - services.jwt_utils - INFO - SECRET_KEY установлена: Да
2025-12-02 09:02:32,310 - services.jwt_utils - INFO - JWTService инициализирован с настройками: {'access_token_expire_minutes': 600, 'refresh_token_expire_days': 1, 'algorithm': 'HS512'}
2025-12-02 09:02:32,386 - api.auth - INFO - Loaded 1 reset tokens from storage
2025-12-02 09:02:33,073 - chat - INFO - Таблицы успешно созданы или уже существуют.
2025-12-02 09:02:33,073 - chat - INFO - Initializing user statuses for existing chats...
2025-12-02 09:02:33,099 - chat - INFO - User statuses initialized successfully
2025-12-02 09:02:33,149 - api.faqs - INFO - SQLAlchemy version: 2.0.41
2025-12-02 09:02:33,217 - api.faqs - INFO - Текущие столбцы таблицы faqs: ['id', 'question', 'answer', 'category', 'created_at', 'updated_at', 'views_count', 'helpful_count', 'not_helpful_count', 'content_html', 'department', 'is_general']
2025-12-02 09:07:38,407 - services.admin_manager - INFO - 🔧 AdminManager using database: portaladmins_db at localhost:5432
2025-12-02 09:07:38,470 - services.admin_manager - INFO - 📋 Admin table columns: ['id', 'username', 'service_id', 'is_active', 'permissions', 'created_at', 'updated_at', 'email']
2025-12-02 09:07:38,474 - services.admin_manager - WARNING - Таблица 'reset_tokens' не найдена в базе данных
2025-12-02 09:07:38,571 - services.jwt_utils - INFO - JWT Configuration: ALGORITHM=HS256, ACCESS_TOKEN_EXPIRE_MINUTES=1440
2025-12-02 09:07:38,571 - services.jwt_utils - INFO - SECRET_KEY установлена: Да
2025-12-02 09:07:38,571 - services.jwt_utils - INFO - JWTService инициализирован с настройками: {'access_token_expire_minutes': 600, 'refresh_token_expire_days': 1, 'algorithm': 'HS512'}
2025-12-02 09:07:38,650 - api.auth - INFO - Loaded 1 reset tokens from storage
2025-12-02 09:07:39,354 - chat - INFO - Таблицы успешно созданы или уже существуют.
2025-12-02 09:07:39,354 - chat - INFO - Initializing user statuses for existing chats...
2025-12-02 09:07:39,387 - chat - INFO - User statuses initialized successfully
2025-12-02 09:07:39,436 - api.faqs - INFO - SQLAlchemy version: 2.0.41
2025-12-02 09:07:39,472 - api.faqs - INFO - Текущие столбцы таблицы faqs: ['id', 'question', 'answer', 'category', 'created_at', 'updated_at', 'views_count', 'helpful_count', 'not_helpful_count', 'content_html', 'department', 'is_general']
2025-12-02 09:10:18,933 - services.admin_manager - INFO - 🔧 AdminManager using database: portaladmins_db at localhost:5432
2025-12-02 09:10:19,002 - services.admin_manager - INFO - 📋 Admin table columns: ['id', 'username', 'service_id', 'is_active', 'permissions', 'created_at', 'updated_at', 'email']
2025-12-02 09:10:19,005 - services.admin_manager - WARNING - Таблица 'reset_tokens' не найдена в базе данных
2025-12-02 09:10:19,087 - services.jwt_utils - INFO - JWT Configuration: ALGORITHM=HS256, ACCESS_TOKEN_EXPIRE_MINUTES=1440
2025-12-02 09:10:19,088 - services.jwt_utils - INFO - SECRET_KEY установлена: Да
2025-12-02 09:10:19,088 - services.jwt_utils - INFO - JWTService инициализирован с настройками: {'access_token_expire_minutes': 600, 'refresh_token_expire_days': 1, 'algorithm': 'HS512'}
2025-12-02 09:10:19,173 - api.auth - INFO - Loaded 1 reset tokens from storage
2025-12-02 09:10:19,776 - chat - INFO - Таблицы успешно созданы или уже существуют.
2025-12-02 09:10:19,777 - chat - INFO - Initializing user statuses for existing chats...
2025-12-02 09:10:19,802 - chat - INFO - User statuses initialized successfully
2025-12-02 09:10:34,935 - services.admin_manager - INFO - 🔧 AdminManager using database: portaladmins_db at localhost:5432
2025-12-02 09:10:35,009 - services.admin_manager - INFO - 📋 Admin table columns: ['id', 'username', 'service_id', 'is_active', 'permissions', 'created_at', 'updated_at', 'email']
2025-12-02 09:10:35,012 - services.admin_manager - WARNING - Таблица 'reset_tokens' не найдена в базе данных
2025-12-02 09:10:35,105 - services.jwt_utils - INFO - JWT Configuration: ALGORITHM=HS256, ACCESS_TOKEN_EXPIRE_MINUTES=1440
2025-12-02 09:10:35,105 - services.jwt_utils - INFO - SECRET_KEY установлена: Да
2025-12-02 09:10:35,106 - services.jwt_utils - INFO - JWTService инициализирован с настройками: {'access_token_expire_minutes': 600, 'refresh_token_expire_days': 1, 'algorithm': 'HS512'}
2025-12-02 09:10:35,186 - api.auth - INFO - Loaded 1 reset tokens from storage
2025-12-02 09:10:35,814 - chat - INFO - Таблицы успешно созданы или уже существуют.
2025-12-02 09:10:35,814 - chat - INFO - Initializing user statuses for existing chats...
2025-12-02 09:10:35,841 - chat - INFO - User statuses initialized successfully
2025-12-02 09:10:35,892 - api.faqs - INFO - SQLAlchemy version: 2.0.41
2025-12-02 09:10:35,921 - api.faqs - INFO - Текущие столбцы таблицы faqs: ['id', 'question', 'answer', 'category', 'created_at', 'updated_at', 'views_count', 'helpful_count', 'not_helpful_count', 'content_html', 'department', 'is_general']
2025-12-02 09:14:46,850 - services.admin_manager - INFO - 🔧 AdminManager using database: portaladmins_db at localhost:5432
2025-12-02 09:14:46,914 - services.admin_manager - INFO - 📋 Admin table columns: ['id', 'username', 'service_id', 'is_active', 'permissions', 'created_at', 'updated_at', 'email']
2025-12-02 09:14:46,919 - services.admin_manager - WARNING - Таблица 'reset_tokens' не найдена в базе данных
2025-12-02 09:14:47,014 - services.jwt_utils - INFO - JWT Configuration: ALGORITHM=HS256, ACCESS_TOKEN_EXPIRE_MINUTES=1440
2025-12-02 09:14:47,014 - services.jwt_utils - INFO - SECRET_KEY установлена: Да
2025-12-02 09:14:47,015 - services.jwt_utils - INFO - JWTService инициализирован с настройками: {'access_token_expire_minutes': 600, 'refresh_token_expire_days': 1, 'algorithm': 'HS512'}
2025-12-02 09:14:47,102 - api.auth - INFO - Loaded 1 reset tokens from storage
2025-12-02 09:14:47,776 - chat - INFO - Таблицы успешно созданы или уже существуют.
2025-12-02 09:14:47,776 - chat - INFO - Initializing user statuses for existing chats...
2025-12-02 09:14:47,802 - chat - INFO - User statuses initialized successfully
2025-12-02 09:14:47,853 - api.faqs - INFO - SQLAlchemy version: 2.0.41
2025-12-02 09:14:47,884 - api.faqs - INFO - Текущие столбцы таблицы faqs: ['id', 'question', 'answer', 'category', 'created_at', 'updated_at', 'views_count', 'helpful_count', 'not_helpful_count', 'content_html', 'department', 'is_general']
2025-12-02 09:15:24,527 - services.admin_manager - INFO - 🔧 AdminManager using database: portaladmins_db at localhost:5432
2025-12-02 09:15:24,588 - services.admin_manager - INFO - 📋 Admin table columns: ['id', 'username', 'service_id', 'is_active', 'permissions', 'created_at', 'updated_at', 'email']
2025-12-02 09:15:24,590 - services.admin_manager - WARNING - Таблица 'reset_tokens' не найдена в базе данных
2025-12-02 09:15:24,677 - services.jwt_utils - INFO - JWT Configuration: ALGORITHM=HS256, ACCESS_TOKEN_EXPIRE_MINUTES=1440
2025-12-02 09:15:24,677 - services.jwt_utils - INFO - SECRET_KEY установлена: Да
2025-12-02 09:15:24,677 - services.jwt_utils - INFO - JWTService инициализирован с настройками: {'access_token_expire_minutes': 600, 'refresh_token_expire_days': 1, 'algorithm': 'HS512'}
2025-12-02 09:15:24,758 - api.auth - INFO - Loaded 1 reset tokens from storage
2025-12-02 09:15:25,512 - chat - INFO - Таблицы успешно созданы или уже существуют.
2025-12-02 09:15:25,512 - chat - INFO - Initializing user statuses for existing chats...
2025-12-02 09:15:25,540 - chat - INFO - User statuses initialized successfully
2025-12-02 09:15:25,588 - api.faqs - INFO - SQLAlchemy version: 2.0.41
2025-12-02 09:15:25,624 - api.faqs - INFO - Текущие столбцы таблицы faqs: ['id', 'question', 'answer', 'category', 'created_at', 'updated_at', 'views_count', 'helpful_count', 'not_helpful_count', 'content_html', 'department', 'is_general']
2025-12-02 09:15:26,678 - services.admin_manager - INFO - 🔧 AdminManager using database: portaladmins_db at localhost:5432
2025-12-02 09:15:26,736 - services.admin_manager - INFO - 📋 Admin table columns: ['id', 'username', 'service_id', 'is_active', 'permissions', 'created_at', 'updated_at', 'email']
2025-12-02 09:15:26,739 - services.admin_manager - WARNING - Таблица 'reset_tokens' не найдена в базе данных
2025-12-02 09:15:26,828 - services.jwt_utils - INFO - JWT Configuration: ALGORITHM=HS256, ACCESS_TOKEN_EXPIRE_MINUTES=1440
2025-12-02 09:15:26,829 - services.jwt_utils - INFO - SECRET_KEY установлена: Да
2025-12-02 09:15:26,829 - services.jwt_utils - INFO - JWTService инициализирован с настройками: {'access_token_expire_minutes': 600, 'refresh_token_expire_days': 1, 'algorithm': 'HS512'}
2025-12-02 09:15:26,907 - api.auth - INFO - Loaded 1 reset tokens from storage
2025-12-02 09:15:27,540 - chat - INFO - Таблицы успешно созданы или уже существуют.
2025-12-02 09:15:27,540 - chat - INFO - Initializing user statuses for existing chats...
2025-12-02 09:15:27,565 - chat - INFO - User statuses initialized successfully
2025-12-02 09:15:27,607 - api.faqs - INFO - SQLAlchemy version: 2.0.41
2025-12-02 09:15:27,640 - api.faqs - INFO - Текущие столбцы таблицы faqs: ['id', 'question', 'answer', 'category', 'created_at', 'updated_at', 'views_count', 'helpful_count', 'not_helpful_count', 'content_html', 'department', 'is_general']
2025-12-02 09:16:31,109 - services.admin_manager - INFO - 🔧 AdminManager using database: portaladmins_db at localhost:5432
2025-12-02 09:16:31,180 - services.admin_manager - INFO - 📋 Admin table columns: ['id', 'username', 'service_id', 'is_active', 'permissions', 'created_at', 'updated_at', 'email']
2025-12-02 09:16:31,183 - services.admin_manager - WARNING - Таблица 'reset_tokens' не найдена в базе данных
2025-12-02 09:16:31,270 - services.jwt_utils - INFO - JWT Configuration: ALGORITHM=HS256, ACCESS_TOKEN_EXPIRE_MINUTES=1440
2025-12-02 09:16:31,270 - services.jwt_utils - INFO - SECRET_KEY установлена: Да
2025-12-02 09:16:31,271 - services.jwt_utils - INFO - JWTService инициализирован с настройками: {'access_token_expire_minutes': 600, 'refresh_token_expire_days': 1, 'algorithm': 'HS512'}
2025-12-02 09:16:31,349 - api.auth - INFO - Loaded 1 reset tokens from storage
2025-12-02 09:16:31,989 - chat - INFO - Таблицы успешно созданы или уже существуют.
2025-12-02 09:16:31,989 - chat - INFO - Initializing user statuses for existing chats...
2025-12-02 09:16:32,016 - chat - INFO - User statuses initialized successfully
2025-12-02 09:16:32,070 - api.faqs - INFO - SQLAlchemy version: 2.0.41
2025-12-02 09:16:32,101 - api.faqs - INFO - Текущие столбцы таблицы faqs: ['id', 'question', 'answer', 'category', 'created_at', 'updated_at', 'views_count', 'helpful_count', 'not_helpful_count', 'content_html', 'department', 'is_general']
2025-12-02 09:23:54,802 - services.admin_manager - INFO - 🔧 AdminManager using database: portaladmins_db at localhost:5432
2025-12-02 09:23:54,862 - services.admin_manager - INFO - 📋 Admin table columns: ['id', 'username', 'service_id', 'is_active', 'permissions', 'created_at', 'updated_at', 'email']
2025-12-02 09:23:54,865 - services.admin_manager - WARNING - Таблица 'reset_tokens' не найдена в базе данных
2025-12-02 09:23:54,957 - services.jwt_utils - INFO - JWT Configuration: ALGORITHM=HS256, ACCESS_TOKEN_EXPIRE_MINUTES=1440
2025-12-02 09:23:54,957 - services.jwt_utils - INFO - SECRET_KEY установлена: Да
2025-12-02 09:23:54,958 - services.jwt_utils - INFO - JWTService инициализирован с настройками: {'access_token_expire_minutes': 600, 'refresh_token_expire_days': 1, 'algorithm': 'HS512'}
2025-12-02 09:23:55,034 - api.auth - INFO - Loaded 1 reset tokens from storage
2025-12-02 09:23:55,710 - chat - INFO - Таблицы успешно созданы или уже существуют.
2025-12-02 09:23:55,710 - chat - INFO - Initializing user statuses for existing chats...
2025-12-02 09:23:55,736 - chat - INFO - User statuses initialized successfully
2025-12-02 09:23:55,786 - api.faqs - INFO - SQLAlchemy version: 2.0.41
2025-12-02 09:23:55,814 - api.faqs - INFO - Текущие столбцы таблицы faqs: ['id', 'question', 'answer', 'category', 'created_at', 'updated_at', 'views_count', 'helpful_count', 'not_helpful_count', 'content_html', 'department', 'is_general']
2025-12-02 09:24:24,281 - services.admin_manager - INFO - 🔧 AdminManager using database: portaladmins_db at localhost:5432
2025-12-02 09:24:24,342 - services.admin_manager - INFO - 📋 Admin table columns: ['id', 'username', 'service_id', 'is_active', 'permissions', 'created_at', 'updated_at', 'email']
2025-12-02 09:24:24,344 - services.admin_manager - WARNING - Таблица 'reset_tokens' не найдена в базе данных
2025-12-02 09:24:24,445 - services.jwt_utils - INFO - JWT Configuration: ALGORITHM=HS256, ACCESS_TOKEN_EXPIRE_MINUTES=1440
2025-12-02 09:24:24,445 - services.jwt_utils - INFO - SECRET_KEY установлена: Да
2025-12-02 09:24:24,445 - services.jwt_utils - INFO - JWTService инициализирован с настройками: {'access_token_expire_minutes': 600, 'refresh_token_expire_days': 1, 'algorithm': 'HS512'}
2025-12-02 09:24:24,526 - api.auth - INFO - Loaded 1 reset tokens from storage
2025-12-02 09:24:25,135 - chat - INFO - Таблицы успешно созданы или уже существуют.
2025-12-02 09:24:25,136 - chat - INFO - Initializing user statuses for existing chats...
2025-12-02 09:24:25,157 - chat - INFO - User statuses initialized successfully
2025-12-02 09:24:25,202 - api.faqs - INFO - SQLAlchemy version: 2.0.41
2025-12-02 09:24:25,234 - api.faqs - INFO - Текущие столбцы таблицы faqs: ['id', 'question', 'answer', 'category', 'created_at', 'updated_at', 'views_count', 'helpful_count', 'not_helpful_count', 'content_html', 'department', 'is_general']
2025-12-02 09:25:05,112 - services.admin_manager - INFO - 🔧 AdminManager using database: portaladmins_db at localhost:5432
2025-12-02 09:25:05,176 - services.admin_manager - INFO - 📋 Admin table columns: ['id', 'username', 'service_id', 'is_active', 'permissions', 'created_at', 'updated_at', 'email']
2025-12-02 09:25:05,178 - services.admin_manager - WARNING - Таблица 'reset_tokens' не найдена в базе данных
2025-12-02 09:25:05,264 - services.jwt_utils - INFO - JWT Configuration: ALGORITHM=HS256, ACCESS_TOKEN_EXPIRE_MINUTES=1440
2025-12-02 09:25:05,264 - services.jwt_utils - INFO - SECRET_KEY установлена: Да
2025-12-02 09:25:05,265 - services.jwt_utils - INFO - JWTService инициализирован с настройками: {'access_token_expire_minutes': 600, 'refresh_token_expire_days': 1, 'algorithm': 'HS512'}
2025-12-02 09:25:05,342 - api.auth - INFO - Loaded 1 reset tokens from storage
2025-12-02 09:25:05,962 - chat - INFO - Таблицы успешно созданы или уже существуют.
2025-12-02 09:25:05,962 - chat - INFO - Initializing user statuses for existing chats...
2025-12-02 09:25:05,985 - chat - INFO - User statuses initialized successfully
2025-12-02 09:25:06,032 - api.faqs - INFO - SQLAlchemy version: 2.0.41
2025-12-02 09:25:06,065 - api.faqs - INFO - Текущие столбцы таблицы faqs: ['id', 'question', 'answer', 'category', 'created_at', 'updated_at', 'views_count', 'helpful_count', 'not_helpful_count', 'content_html', 'department', 'is_general']
2025-12-02 09:25:30,361 - services.admin_manager - INFO - 🔧 AdminManager using database: portaladmins_db at localhost:5432
2025-12-02 09:25:30,425 - services.admin_manager - INFO - 📋 Admin table columns: ['id', 'username', 'service_id', 'is_active', 'permissions', 'created_at', 'updated_at', 'email']
2025-12-02 09:25:30,427 - services.admin_manager - WARNING - Таблица 'reset_tokens' не найдена в базе данных
2025-12-02 09:25:30,530 - services.jwt_utils - INFO - JWT Configuration: ALGORITHM=HS256, ACCESS_TOKEN_EXPIRE_MINUTES=1440
2025-12-02 09:25:30,530 - services.jwt_utils - INFO - SECRET_KEY установлена: Да
2025-12-02 09:25:30,531 - services.jwt_utils - INFO - JWTService инициализирован с настройками: {'access_token_expire_minutes': 600, 'refresh_token_expire_days': 1, 'algorithm': 'HS512'}
2025-12-02 09:25:30,607 - api.auth - INFO - Loaded 1 reset tokens from storage
2025-12-02 09:25:31,207 - chat - INFO - Таблицы успешно созданы или уже существуют.
2025-12-02 09:25:31,207 - chat - INFO - Initializing user statuses for existing chats...
2025-12-02 09:25:31,232 - chat - INFO - User statuses initialized successfully
2025-12-02 09:25:31,290 - api.faqs - INFO - SQLAlchemy version: 2.0.41
2025-12-02 09:25:31,319 - api.faqs - INFO - Текущие столбцы таблицы faqs: ['id', 'question', 'answer', 'category', 'created_at', 'updated_at', 'views_count', 'helpful_count', 'not_helpful_count', 'content_html', 'department', 'is_general']
2025-12-02 09:25:51,380 - services.admin_manager - INFO - 🔧 AdminManager using database: portaladmins_db at localhost:5432
2025-12-02 09:25:51,440 - services.admin_manager - INFO - 📋 Admin table columns: ['id', 'username', 'service_id', 'is_active', 'permissions', 'created_at', 'updated_at', 'email']
2025-12-02 09:25:51,442 - services.admin_manager - WARNING - Таблица 'reset_tokens' не найдена в базе данных
2025-12-02 09:25:51,537 - services.jwt_utils - INFO - JWT Configuration: ALGORITHM=HS256, ACCESS_TOKEN_EXPIRE_MINUTES=1440
2025-12-02 09:25:51,538 - services.jwt_utils - INFO - SECRET_KEY установлена: Да
2025-12-02 09:25:51,538 - services.jwt_utils - INFO - JWTService инициализирован с настройками: {'access_token_expire_minutes': 600, 'refresh_token_expire_days': 1, 'algorithm': 'HS512'}
2025-12-02 09:25:51,624 - api.auth - INFO - Loaded 1 reset tokens from storage
2025-12-02 09:25:52,255 - chat - INFO - Таблицы успешно созданы или уже существуют.
2025-12-02 09:25:52,255 - chat - INFO - Initializing user statuses for existing chats...
2025-12-02 09:25:52,281 - chat - INFO - User statuses initialized successfully
2025-12-02 09:25:52,328 - api.faqs - INFO - SQLAlchemy version: 2.0.41
2025-12-02 09:25:52,358 - api.faqs - INFO - Текущие столбцы таблицы faqs: ['id', 'question', 'answer', 'category', 'created_at', 'updated_at', 'views_count', 'helpful_count', 'not_helpful_count', 'content_html', 'department', 'is_general']
2025-12-02 09:27:53,300 - services.admin_manager - INFO - 🔧 AdminManager using database: portaladmins_db at localhost:5432
2025-12-02 09:27:53,359 - services.admin_manager - INFO - 📋 Admin table columns: ['id', 'username', 'service_id', 'is_active', 'permissions', 'created_at', 'updated_at', 'email']
2025-12-02 09:27:53,362 - services.admin_manager - WARNING - Таблица 'reset_tokens' не найдена в базе данных
2025-12-02 09:27:53,444 - services.jwt_utils - INFO - JWT Configuration: ALGORITHM=HS256, ACCESS_TOKEN_EXPIRE_MINUTES=1440
2025-12-02 09:27:53,444 - services.jwt_utils - INFO - SECRET_KEY установлена: Да
2025-12-02 09:27:53,444 - services.jwt_utils - INFO - JWTService инициализирован с настройками: {'access_token_expire_minutes': 600, 'refresh_token_expire_days': 1, 'algorithm': 'HS512'}
2025-12-02 09:27:53,526 - api.auth - INFO - Loaded 1 reset tokens from storage
2025-12-02 09:27:54,184 - chat - INFO - Таблицы успешно созданы или уже существуют.
2025-12-02 09:27:54,184 - chat - INFO - Initializing user statuses for existing chats...
2025-12-02 09:27:54,211 - chat - INFO - User statuses initialized successfully
2025-12-02 09:27:54,258 - api.faqs - INFO - SQLAlchemy version: 2.0.41
2025-12-02 09:27:54,286 - api.faqs - INFO - Текущие столбцы таблицы faqs: ['id', 'question', 'answer', 'category', 'created_at', 'updated_at', 'views_count', 'helpful_count', 'not_helpful_count', 'content_html', 'department', 'is_general']
2025-12-02 09:30:13,390 - services.admin_manager - INFO - 🔧 AdminManager using database: portaladmins_db at localhost:5432
2025-12-02 09:30:13,447 - services.admin_manager - INFO - 📋 Admin table columns: ['id', 'username', 'service_id', 'is_active', 'permissions', 'created_at', 'updated_at', 'email']
2025-12-02 09:30:13,449 - services.admin_manager - WARNING - Таблица 'reset_tokens' не найдена в базе данных
2025-12-02 09:30:13,534 - services.jwt_utils - INFO - JWT Configuration: ALGORITHM=HS256, ACCESS_TOKEN_EXPIRE_MINUTES=1440
2025-12-02 09:30:13,534 - services.jwt_utils - INFO - SECRET_KEY установлена: Да
2025-12-02 09:30:13,535 - services.jwt_utils - INFO - JWTService инициализирован с настройками: {'access_token_expire_minutes': 600, 'refresh_token_expire_days': 1, 'algorithm': 'HS512'}
2025-12-02 09:30:13,607 - api.auth - INFO - Loaded 1 reset tokens from storage
2025-12-02 09:30:14,182 - chat - INFO - Таблицы успешно созданы или уже существуют.
2025-12-02 09:30:14,183 - chat - INFO - Initializing user statuses for existing chats...
2025-12-02 09:30:14,205 - chat - INFO - User statuses initialized successfully
2025-12-02 09:30:14,253 - api.faqs - INFO - SQLAlchemy version: 2.0.41
2025-12-02 09:30:14,284 - api.faqs - INFO - Текущие столбцы таблицы faqs: ['id', 'question', 'answer', 'category', 'created_at', 'updated_at', 'views_count', 'helpful_count', 'not_helpful_count', 'content_html', 'department', 'is_general']
2025-12-02 09:30:38,609 - services.admin_manager - INFO - 🔧 AdminManager using database: portaladmins_db at localhost:5432
2025-12-02 09:30:38,678 - services.admin_manager - INFO - 📋 Admin table columns: ['id', 'username', 'service_id', 'is_active', 'permissions', 'created_at', 'updated_at', 'email']
2025-12-02 09:30:38,681 - services.admin_manager - WARNING - Таблица 'reset_tokens' не найдена в базе данных
2025-12-02 09:30:38,773 - services.jwt_utils - INFO - JWT Configuration: ALGORITHM=HS256, ACCESS_TOKEN_EXPIRE_MINUTES=1440
2025-12-02 09:30:38,773 - services.jwt_utils - INFO - SECRET_KEY установлена: Да
2025-12-02 09:30:38,774 - services.jwt_utils - INFO - JWTService инициализирован с настройками: {'access_token_expire_minutes': 600, 'refresh_token_expire_days': 1, 'algorithm': 'HS512'}
2025-12-02 09:30:38,861 - api.auth - INFO - Loaded 1 reset tokens from storage
2025-12-02 09:30:39,503 - chat - INFO - Таблицы успешно созданы или уже существуют.
2025-12-02 09:30:39,503 - chat - INFO - Initializing user statuses for existing chats...
2025-12-02 09:30:39,525 - chat - INFO - User statuses initialized successfully
2025-12-02 09:30:39,573 - api.faqs - INFO - SQLAlchemy version: 2.0.41
2025-12-02 09:30:39,606 - api.faqs - INFO - Текущие столбцы таблицы faqs: ['id', 'question', 'answer', 'category', 'created_at', 'updated_at', 'views_count', 'helpful_count', 'not_helpful_count', 'content_html', 'department', 'is_general']
2025-12-02 09:31:00,994 - services.admin_manager - INFO - 🔧 AdminManager using database: portaladmins_db at localhost:5432
2025-12-02 09:31:01,062 - services.admin_manager - INFO - 📋 Admin table columns: ['id', 'username', 'service_id', 'is_active', 'permissions', 'created_at', 'updated_at', 'email']
2025-12-02 09:31:01,065 - services.admin_manager - WARNING - Таблица 'reset_tokens' не найдена в базе данных
2025-12-02 09:31:01,166 - services.jwt_utils - INFO - JWT Configuration: ALGORITHM=HS256, ACCESS_TOKEN_EXPIRE_MINUTES=1440
2025-12-02 09:31:01,167 - services.jwt_utils - INFO - SECRET_KEY установлена: Да
2025-12-02 09:31:01,167 - services.jwt_utils - INFO - JWTService инициализирован с настройками: {'access_token_expire_minutes': 600, 'refresh_token_expire_days': 1, 'algorithm': 'HS512'}
2025-12-02 09:31:01,254 - api.auth - INFO - Loaded 1 reset tokens from storage
2025-12-02 09:31:01,906 - chat - INFO - Таблицы успешно созданы или уже существуют.
2025-12-02 09:31:01,906 - chat - INFO - Initializing user statuses for existing chats...
2025-12-02 09:31:01,930 - chat - INFO - User statuses initialized successfully
2025-12-02 09:31:01,981 - api.faqs - INFO - SQLAlchemy version: 2.0.41
2025-12-02 09:31:02,015 - api.faqs - INFO - Текущие столбцы таблицы faqs: ['id', 'question', 'answer', 'category', 'created_at', 'updated_at', 'views_count', 'helpful_count', 'not_helpful_count', 'content_html', 'department', 'is_general']
2025-12-02 09:31:14,839 - services.admin_manager - INFO - 🔧 AdminManager using database: portaladmins_db at localhost:5432
2025-12-02 09:31:14,902 - services.admin_manager - INFO - 📋 Admin table columns: ['id', 'username', 'service_id', 'is_active', 'permissions', 'created_at', 'updated_at', 'email']
2025-12-02 09:31:14,905 - services.admin_manager - WARNING - Таблица 'reset_tokens' не найдена в базе данных
2025-12-02 09:31:14,996 - services.jwt_utils - INFO - JWT Configuration: ALGORITHM=HS256, ACCESS_TOKEN_EXPIRE_MINUTES=1440
2025-12-02 09:31:14,996 - services.jwt_utils - INFO - SECRET_KEY установлена: Да
2025-12-02 09:31:14,997 - services.jwt_utils - INFO - JWTService инициализирован с настройками: {'access_token_expire_minutes': 600, 'refresh_token_expire_days': 1, 'algorithm': 'HS512'}
2025-12-02 09:31:15,068 - api.auth - INFO - Loaded 1 reset tokens from storage
2025-12-02 09:31:15,680 - chat - INFO - Таблицы успешно созданы или уже существуют.
2025-12-02 09:31:15,680 - chat - INFO - Initializing user statuses for existing chats...
2025-12-02 09:31:15,707 - chat - INFO - User statuses initialized successfully
2025-12-02 09:31:15,753 - api.faqs - INFO - SQLAlchemy version: 2.0.41
2025-12-02 09:31:15,787 - api.faqs - INFO - Текущие столбцы таблицы faqs: ['id', 'question', 'answer', 'category', 'created_at', 'updated_at', 'views_count', 'helpful_count', 'not_helpful_count', 'content_html', 'department', 'is_general']
2025-12-02 09:32:58,307 - services.admin_manager - INFO - 🔧 AdminManager using database: portaladmins_db at localhost:5432
2025-12-02 09:32:58,362 - services.admin_manager - INFO - 📋 Admin table columns: ['id', 'username', 'service_id', 'is_active', 'permissions', 'created_at', 'updated_at', 'email']
2025-12-02 09:32:58,365 - services.admin_manager - WARNING - Таблица 'reset_tokens' не найдена в базе данных
2025-12-02 09:32:58,461 - services.jwt_utils - INFO - JWT Configuration: ALGORITHM=HS256, ACCESS_TOKEN_EXPIRE_MINUTES=1440
2025-12-02 09:32:58,461 - services.jwt_utils - INFO - SECRET_KEY установлена: Да
2025-12-02 09:32:58,461 - services.jwt_utils - INFO - JWTService инициализирован с настройками: {'access_token_expire_minutes': 600, 'refresh_token_expire_days': 1, 'algorithm': 'HS512'}
2025-12-02 09:32:58,546 - api.auth - INFO - Loaded 1 reset tokens from storage
2025-12-02 09:32:59,270 - chat - INFO - Таблицы успешно созданы или уже существуют.
2025-12-02 09:32:59,271 - chat - INFO - Initializing user statuses for existing chats...
2025-12-02 09:32:59,298 - chat - INFO - User statuses initialized successfully
2025-12-02 09:32:59,351 - api.faqs - INFO - SQLAlchemy version: 2.0.41
2025-12-02 09:32:59,385 - api.faqs - INFO - Текущие столбцы таблицы faqs: ['id', 'question', 'answer', 'category', 'created_at', 'updated_at', 'views_count', 'helpful_count', 'not_helpful_count', 'content_html', 'department', 'is_general']
2025-12-02 09:36:00,434 - services.admin_manager - INFO - 🔧 AdminManager using database: portaladmins_db at localhost:5432
2025-12-02 09:36:00,503 - services.admin_manager - INFO - 📋 Admin table columns: ['id', 'username', 'service_id', 'is_active', 'permissions', 'created_at', 'updated_at', 'email']
2025-12-02 09:36:00,506 - services.admin_manager - WARNING - Таблица 'reset_tokens' не найдена в базе данных
2025-12-02 09:36:00,595 - services.jwt_utils - INFO - JWT Configuration: ALGORITHM=HS256, ACCESS_TOKEN_EXPIRE_MINUTES=1440
2025-12-02 09:36:00,595 - services.jwt_utils - INFO - SECRET_KEY установлена: Да
2025-12-02 09:36:00,596 - services.jwt_utils - INFO - JWTService инициализирован с настройками: {'access_token_expire_minutes': 600, 'refresh_token_expire_days': 1, 'algorithm': 'HS512'}
2025-12-02 09:36:00,681 - api.auth - INFO - Loaded 1 reset tokens from storage
2025-12-02 09:36:01,350 - chat - INFO - Таблицы успешно созданы или уже существуют.
2025-12-02 09:36:01,350 - chat - INFO - Initializing user statuses for existing chats...
2025-12-02 09:36:01,372 - chat - INFO - User statuses initialized successfully
2025-12-02 09:36:01,418 - api.faqs - INFO - SQLAlchemy version: 2.0.41
2025-12-02 09:36:01,448 - api.faqs - INFO - Текущие столбцы таблицы faqs: ['id', 'question', 'answer', 'category', 'created_at', 'updated_at', 'views_count', 'helpful_count', 'not_helpful_count', 'content_html', 'department', 'is_general']
2025-12-02 09:36:08,867 - services.admin_manager - INFO - 🔧 AdminManager using database: portaladmins_db at localhost:5432
2025-12-02 09:36:08,926 - services.admin_manager - INFO - 📋 Admin table columns: ['id', 'username', 'service_id', 'is_active', 'permissions', 'created_at', 'updated_at', 'email']
2025-12-02 09:36:08,929 - services.admin_manager - WARNING - Таблица 'reset_tokens' не найдена в базе данных
2025-12-02 09:36:09,037 - services.jwt_utils - INFO - JWT Configuration: ALGORITHM=HS256, ACCESS_TOKEN_EXPIRE_MINUTES=1440
2025-12-02 09:36:09,038 - services.jwt_utils - INFO - SECRET_KEY установлена: Да
2025-12-02 09:36:09,038 - services.jwt_utils - INFO - JWTService инициализирован с настройками: {'access_token_expire_minutes': 600, 'refresh_token_expire_days': 1, 'algorithm': 'HS512'}
2025-12-02 09:36:09,122 - api.auth - INFO - Loaded 1 reset tokens from storage
2025-12-02 09:36:09,784 - chat - INFO - Таблицы успешно созданы или уже существуют.
2025-12-02 09:36:09,785 - chat - INFO - Initializing user statuses for existing chats...
2025-12-02 09:36:09,812 - chat - INFO - User statuses initialized successfully
2025-12-02 09:36:09,870 - api.faqs - INFO - SQLAlchemy version: 2.0.41
2025-12-02 09:36:09,909 - api.faqs - INFO - Текущие столбцы таблицы faqs: ['id', 'question', 'answer', 'category', 'created_at', 'updated_at', 'views_count', 'helpful_count', 'not_helpful_count', 'content_html', 'department', 'is_general']
2025-12-02 13:19:30,875 - services.admin_manager - INFO - 🔧 AdminManager using database: portaladmins_db at localhost:5432
2025-12-02 13:19:30,937 - services.admin_manager - INFO - 📋 Admin table columns: ['id', 'username', 'service_id', 'is_active', 'permissions', 'created_at', 'updated_at', 'email']
2025-12-02 13:19:30,940 - services.admin_manager - WARNING - Таблица 'reset_tokens' не найдена в базе данных
2025-12-02 13:19:31,031 - services.jwt_utils - INFO - JWT Configuration: ALGORITHM=HS256, ACCESS_TOKEN_EXPIRE_MINUTES=1440
2025-12-02 13:19:31,031 - services.jwt_utils - INFO - SECRET_KEY установлена: Да
2025-12-02 13:19:31,032 - services.jwt_utils - INFO - JWTService инициализирован с настройками: {'access_token_expire_minutes': 600, 'refresh_token_expire_days': 1, 'algorithm': 'HS512'}
2025-12-02 13:19:31,116 - api.auth - INFO - Loaded 1 reset tokens from storage
2025-12-02 13:19:31,800 - chat - INFO - Таблицы успешно созданы или уже существуют.
2025-12-02 13:19:31,801 - chat - INFO - Initializing user statuses for existing chats...
2025-12-02 13:19:31,826 - chat - INFO - User statuses initialized successfully
2025-12-02 13:19:31,882 - api.faqs - INFO - SQLAlchemy version: 2.0.41
2025-12-02 13:19:31,918 - api.faqs - INFO - Текущие столбцы таблицы faqs: ['id', 'question', 'answer', 'category', 'created_at', 'updated_at', 'views_count', 'helpful_count', 'not_helpful_count', 'content_html', 'department', 'is_general']
2025-12-02 13:25:18,704 - services.admin_manager - INFO - 🔧 AdminManager using database: portaladmins_db at localhost:5432
2025-12-02 13:25:18,766 - services.admin_manager - INFO - 📋 Admin table columns: ['id', 'username', 'service_id', 'is_active', 'permissions', 'created_at', 'updated_at', 'email']
2025-12-02 13:25:18,769 - services.admin_manager - WARNING - Таблица 'reset_tokens' не найдена в базе данных
2025-12-02 13:25:18,870 - services.jwt_utils - INFO - JWT Configuration: ALGORITHM=HS256, ACCESS_TOKEN_EXPIRE_MINUTES=1440
2025-12-02 13:25:18,871 - services.jwt_utils - INFO - SECRET_KEY установлена: Да
2025-12-02 13:25:18,871 - services.jwt_utils - INFO - JWTService инициализирован с настройками: {'access_token_expire_minutes': 600, 'refresh_token_expire_days': 1, 'algorithm': 'HS512'}
2025-12-02 13:25:18,949 - api.auth - INFO - Loaded 1 reset tokens from storage
2025-12-02 13:25:19,582 - chat - INFO - Таблицы успешно созданы или уже существуют.
2025-12-02 13:25:19,583 - chat - INFO - Initializing user statuses for existing chats...
2025-12-02 13:25:19,613 - chat - INFO - User statuses initialized successfully
2025-12-02 13:25:19,669 - api.faqs - INFO - SQLAlchemy version: 2.0.41
2025-12-02 13:25:19,709 - api.faqs - INFO - Текущие столбцы таблицы faqs: ['id', 'question', 'answer', 'category', 'created_at', 'updated_at', 'views_count', 'helpful_count', 'not_helpful_count', 'content_html', 'department', 'is_general']
2025-12-02 13:48:05,334 - services.admin_manager - INFO - 🔧 AdminManager using database: portaladmins_db at localhost:5432
2025-12-02 13:48:05,397 - services.admin_manager - INFO - 📋 Admin table columns: ['id', 'username', 'service_id', 'is_active', 'permissions', 'created_at', 'updated_at', 'email']
2025-12-02 13:48:05,400 - services.admin_manager - WARNING - Таблица 'reset_tokens' не найдена в базе данных
2025-12-02 13:48:05,481 - services.jwt_utils - INFO - JWT Configuration: ALGORITHM=HS256, ACCESS_TOKEN_EXPIRE_MINUTES=1440
2025-12-02 13:48:05,482 - services.jwt_utils - INFO - SECRET_KEY установлена: Да
2025-12-02 13:48:05,482 - services.jwt_utils - INFO - JWTService инициализирован с настройками: {'access_token_expire_minutes': 600, 'refresh_token_expire_days': 1, 'algorithm': 'HS512'}
2025-12-02 13:48:05,555 - api.auth - INFO - Loaded 1 reset tokens from storage
2025-12-02 13:48:06,125 - chat - INFO - Таблицы успешно созданы или уже существуют.
2025-12-02 13:48:06,125 - chat - INFO - Initializing user statuses for existing chats...
2025-12-02 13:48:06,156 - chat - INFO - User statuses initialized successfully
2025-12-02 13:48:06,205 - api.faqs - INFO - SQLAlchemy version: 2.0.41
2025-12-02 13:48:06,235 - api.faqs - INFO - Текущие столбцы таблицы faqs: ['id', 'question', 'answer', 'category', 'created_at', 'updated_at', 'views_count', 'helpful_count', 'not_helpful_count', 'content_html', 'department', 'is_general']
2025-12-02 14:08:12,011 - services.admin_manager - INFO - 🔧 AdminManager using database: portaladmins_db at localhost:5432
2025-12-02 14:08:12,080 - services.admin_manager - INFO - 📋 Admin table columns: ['id', 'username', 'service_id', 'is_active', 'permissions', 'created_at', 'updated_at', 'email']
2025-12-02 14:08:12,084 - services.admin_manager - WARNING - Таблица 'reset_tokens' не найдена в базе данных
2025-12-02 14:08:12,177 - services.jwt_utils - INFO - JWT Configuration: ALGORITHM=HS256, ACCESS_TOKEN_EXPIRE_MINUTES=1440
2025-12-02 14:08:12,177 - services.jwt_utils - INFO - SECRET_KEY установлена: Да
2025-12-02 14:08:12,177 - services.jwt_utils - INFO - JWTService инициализирован с настройками: {'access_token_expire_minutes': 600, 'refresh_token_expire_days': 1, 'algorithm': 'HS512'}
2025-12-02 14:08:12,258 - api.auth - INFO - Loaded 1 reset tokens from storage
2025-12-02 14:08:12,947 - chat - INFO - Таблицы успешно созданы или уже существуют.
2025-12-02 14:08:12,948 - chat - INFO - Initializing user statuses for existing chats...
2025-12-02 14:08:12,971 - chat - INFO - User statuses initialized successfully
2025-12-02 14:08:13,016 - api.faqs - INFO - SQLAlchemy version: 2.0.41
2025-12-02 14:08:13,046 - api.faqs - INFO - Текущие столбцы таблицы faqs: ['id', 'question', 'answer', 'category', 'created_at', 'updated_at', 'views_count', 'helpful_count', 'not_helpful_count', 'content_html', 'department', 'is_general']
2025-12-02 14:16:36,542 - services.admin_manager - INFO - 🔧 AdminManager using database: portaladmins_db at localhost:5432
2025-12-02 14:16:36,594 - services.admin_manager - INFO - 📋 Admin table columns: ['id', 'username', 'service_id', 'is_active', 'permissions', 'created_at', 'updated_at', 'email']
2025-12-02 14:16:36,596 - services.admin_manager - WARNING - Таблица 'reset_tokens' не найдена в базе данных
2025-12-02 14:16:36,680 - services.jwt_utils - INFO - JWT Configuration: ALGORITHM=HS256, ACCESS_TOKEN_EXPIRE_MINUTES=1440
2025-12-02 14:16:36,680 - services.jwt_utils - INFO - SECRET_KEY установлена: Да
2025-12-02 14:16:36,680 - services.jwt_utils - INFO - JWTService инициализирован с настройками: {'access_token_expire_minutes': 600, 'refresh_token_expire_days': 1, 'algorithm': 'HS512'}
2025-12-02 14:16:36,754 - api.auth - INFO - Loaded 1 reset tokens from storage
2025-12-02 14:16:37,367 - chat - INFO - Таблицы успешно созданы или уже существуют.
2025-12-02 14:16:37,368 - chat - INFO - Initializing user statuses for existing chats...
2025-12-02 14:16:37,388 - chat - INFO - User statuses initialized successfully
2025-12-02 14:16:37,427 - api.faqs - INFO - SQLAlchemy version: 2.0.41
2025-12-02 14:16:37,456 - api.faqs - INFO - Текущие столбцы таблицы faqs: ['id', 'question', 'answer', 'category', 'created_at', 'updated_at', 'views_count', 'helpful_count', 'not_helpful_count', 'content_html', 'department', 'is_general']
2025-12-03 09:37:48,761 - services.admin_manager - INFO - 🔧 AdminManager using database: portaladmins_db at localhost:5432
2025-12-03 09:37:48,819 - services.admin_manager - INFO - 📋 Admin table columns: ['id', 'username', 'service_id', 'is_active', 'permissions', 'created_at', 'updated_at', 'email']
2025-12-03 09:37:48,821 - services.admin_manager - WARNING - Таблица 'reset_tokens' не найдена в базе данных
2025-12-03 09:37:48,906 - services.jwt_utils - INFO - JWT Configuration: ALGORITHM=HS256, ACCESS_TOKEN_EXPIRE_MINUTES=1440
2025-12-03 09:37:48,906 - services.jwt_utils - INFO - SECRET_KEY установлена: Да
2025-12-03 09:37:48,907 - services.jwt_utils - INFO - JWTService инициализирован с настройками: {'access_token_expire_minutes': 600, 'refresh_token_expire_days': 1, 'algorithm': 'HS512'}
2025-12-03 09:37:48,980 - api.auth - INFO - Loaded 1 reset tokens from storage
2025-12-03 09:37:49,292 - chat - INFO - Таблицы успешно созданы или уже существуют.
2025-12-03 09:37:49,292 - chat - INFO - Initializing user statuses for existing chats...
2025-12-03 09:37:49,325 - chat - INFO - User statuses initialized successfully
2025-12-03 09:37:49,371 - api.faqs - INFO - SQLAlchemy version: 2.0.41
2025-12-03 09:37:49,401 - api.faqs - INFO - Текущие столбцы таблицы faqs: ['id', 'question', 'answer', 'category', 'created_at', 'updated_at', 'views_count', 'helpful_count', 'not_helpful_count', 'content_html', 'department', 'is_general']
2025-12-03 09:40:21,781 - services.admin_manager - INFO - 🔧 AdminManager using database: portaladmins_db at localhost:5432
2025-12-03 09:40:21,845 - services.admin_manager - INFO - 📋 Admin table columns: ['id', 'username', 'service_id', 'is_active', 'permissions', 'created_at', 'updated_at', 'email']
2025-12-03 09:40:21,848 - services.admin_manager - WARNING - Таблица 'reset_tokens' не найдена в базе данных
2025-12-03 09:40:21,938 - services.jwt_utils - INFO - JWT Configuration: ALGORITHM=HS256, ACCESS_TOKEN_EXPIRE_MINUTES=1440
2025-12-03 09:40:21,938 - services.jwt_utils - INFO - SECRET_KEY установлена: Да
2025-12-03 09:40:21,939 - services.jwt_utils - INFO - JWTService инициализирован с настройками: {'access_token_expire_minutes': 600, 'refresh_token_expire_days': 1, 'algorithm': 'HS512'}
2025-12-03 09:40:22,012 - api.auth - INFO - Loaded 1 reset tokens from storage
2025-12-03 09:40:22,350 - chat - INFO - Таблицы успешно созданы или уже существуют.
2025-12-03 09:40:22,350 - chat - INFO - Initializing user statuses for existing chats...
2025-12-03 09:40:22,377 - chat - INFO - User statuses initialized successfully
2025-12-03 09:40:22,423 - api.faqs - INFO - SQLAlchemy version: 2.0.41
2025-12-03 09:40:22,458 - api.faqs - INFO - Текущие столбцы таблицы faqs: ['id', 'question', 'answer', 'category', 'created_at', 'updated_at', 'views_count', 'helpful_count', 'not_helpful_count', 'content_html', 'department', 'is_general']
2025-12-03 09:41:38,519 - services.admin_manager - INFO - 🔧 AdminManager using database: portaladmins_db at localhost:5432
2025-12-03 09:41:38,568 - services.admin_manager - INFO - 📋 Admin table columns: ['id', 'username', 'service_id', 'is_active', 'permissions', 'created_at', 'updated_at', 'email']
2025-12-03 09:41:38,571 - services.admin_manager - WARNING - Таблица 'reset_tokens' не найдена в базе данных
2025-12-03 09:41:38,660 - services.jwt_utils - INFO - JWT Configuration: ALGORITHM=HS256, ACCESS_TOKEN_EXPIRE_MINUTES=1440
2025-12-03 09:41:38,661 - services.jwt_utils - INFO - SECRET_KEY установлена: Да
2025-12-03 09:41:38,661 - services.jwt_utils - INFO - JWTService инициализирован с настройками: {'access_token_expire_minutes': 600, 'refresh_token_expire_days': 1, 'algorithm': 'HS512'}
2025-12-03 09:41:38,738 - api.auth - INFO - Loaded 1 reset tokens from storage
2025-12-03 09:41:39,037 - chat - INFO - Таблицы успешно созданы или уже существуют.
2025-12-03 09:41:39,037 - chat - INFO - Initializing user statuses for existing chats...
2025-12-03 09:41:39,067 - chat - INFO - User statuses initialized successfully
2025-12-03 09:41:39,105 - api.faqs - INFO - SQLAlchemy version: 2.0.41
2025-12-03 09:41:39,137 - api.faqs - INFO - Текущие столбцы таблицы faqs: ['id', 'question', 'answer', 'category', 'created_at', 'updated_at', 'views_count', 'helpful_count', 'not_helpful_count', 'content_html', 'department', 'is_general']
2025-12-03 09:42:42,787 - services.admin_manager - INFO - 🔧 AdminManager using database: portaladmins_db at localhost:5432
2025-12-03 09:42:42,846 - services.admin_manager - INFO - 📋 Admin table columns: ['id', 'username', 'service_id', 'is_active', 'permissions', 'created_at', 'updated_at', 'email']
2025-12-03 09:42:42,848 - services.admin_manager - WARNING - Таблица 'reset_tokens' не найдена в базе данных
2025-12-03 09:42:42,937 - services.jwt_utils - INFO - JWT Configuration: ALGORITHM=HS256, ACCESS_TOKEN_EXPIRE_MINUTES=1440
2025-12-03 09:42:42,937 - services.jwt_utils - INFO - SECRET_KEY установлена: Да
2025-12-03 09:42:42,937 - services.jwt_utils - INFO - JWTService инициализирован с настройками: {'access_token_expire_minutes': 600, 'refresh_token_expire_days': 1, 'algorithm': 'HS512'}
2025-12-03 09:42:43,024 - api.auth - INFO - Loaded 1 reset tokens from storage
2025-12-03 09:42:43,676 - chat - INFO - Таблицы успешно созданы или уже существуют.
2025-12-03 09:42:43,677 - chat - INFO - Initializing user statuses for existing chats...
2025-12-03 09:42:43,698 - chat - INFO - User statuses initialized successfully
2025-12-03 09:42:43,741 - api.faqs - INFO - SQLAlchemy version: 2.0.41
2025-12-03 09:42:43,770 - api.faqs - INFO - Текущие столбцы таблицы faqs: ['id', 'question', 'answer', 'category', 'created_at', 'updated_at', 'views_count', 'helpful_count', 'not_helpful_count', 'content_html', 'department', 'is_general']
2025-12-03 10:33:49,087 - services.admin_manager - INFO - 🔧 AdminManager using database: portaladmins_db at localhost:5432
2025-12-03 10:33:49,145 - services.admin_manager - INFO - 📋 Admin table columns: ['id', 'username', 'service_id', 'is_active', 'permissions', 'created_at', 'updated_at', 'email']
2025-12-03 10:33:49,148 - services.admin_manager - WARNING - Таблица 'reset_tokens' не найдена в базе данных
2025-12-03 10:33:49,249 - services.jwt_utils - INFO - JWT Configuration: ALGORITHM=HS256, ACCESS_TOKEN_EXPIRE_MINUTES=1440
2025-12-03 10:33:49,249 - services.jwt_utils - INFO - SECRET_KEY установлена: Да
2025-12-03 10:33:49,249 - services.jwt_utils - INFO - JWTService инициализирован с настройками: {'access_token_expire_minutes': 600, 'refresh_token_expire_days': 1, 'algorithm': 'HS512'}
2025-12-03 10:33:49,338 - api.auth - INFO - Loaded 1 reset tokens from storage
2025-12-03 10:33:49,993 - chat - INFO - Таблицы успешно созданы или уже существуют.
2025-12-03 10:33:49,993 - chat - INFO - Initializing user statuses for existing chats...
2025-12-03 10:33:50,017 - chat - INFO - User statuses initialized successfully
2025-12-03 10:33:50,058 - api.faqs - INFO - SQLAlchemy version: 2.0.41
2025-12-03 10:33:50,087 - api.faqs - INFO - Текущие столбцы таблицы faqs: ['id', 'question', 'answer', 'category', 'created_at', 'updated_at', 'views_count', 'helpful_count', 'not_helpful_count', 'content_html', 'department', 'is_general']
2025-12-03 10:53:52,289 - services.admin_manager - INFO - 🔧 AdminManager using database: portaladmins_db at localhost:5432
2025-12-03 10:53:52,363 - services.admin_manager - INFO - 📋 Admin table columns: ['id', 'username', 'service_id', 'is_active', 'permissions', 'created_at', 'updated_at', 'email']
2025-12-03 10:53:52,365 - services.admin_manager - WARNING - Таблица 'reset_tokens' не найдена в базе данных
2025-12-03 10:53:52,454 - services.jwt_utils - INFO - JWT Configuration: ALGORITHM=HS256, ACCESS_TOKEN_EXPIRE_MINUTES=1440
2025-12-03 10:53:52,454 - services.jwt_utils - INFO - SECRET_KEY установлена: Да
2025-12-03 10:53:52,454 - services.jwt_utils - INFO - JWTService инициализирован с настройками: {'access_token_expire_minutes': 600, 'refresh_token_expire_days': 1, 'algorithm': 'HS512'}
2025-12-03 10:53:52,531 - api.auth - INFO - Loaded 1 reset tokens from storage
2025-12-03 10:53:53,176 - chat - INFO - Таблицы успешно созданы или уже существуют.
2025-12-03 10:53:53,176 - chat - INFO - Initializing user statuses for existing chats...
2025-12-03 10:53:53,200 - chat - INFO - User statuses initialized successfully
2025-12-03 10:53:53,245 - api.faqs - INFO - SQLAlchemy version: 2.0.41
2025-12-03 10:53:53,277 - api.faqs - INFO - Текущие столбцы таблицы faqs: ['id', 'question', 'answer', 'category', 'created_at', 'updated_at', 'views_count', 'helpful_count', 'not_helpful_count', 'content_html', 'department', 'is_general']
2025-12-03 16:31:51,783 - services.admin_manager - INFO - 🔧 AdminManager using database: portaladmins_db at localhost:5432
2025-12-03 16:31:51,938 - services.admin_manager - INFO - 📋 Admin table columns: ['id', 'username', 'service_id', 'is_active', 'permissions', 'created_at', 'updated_at', 'email']
2025-12-03 16:31:51,941 - services.admin_manager - WARNING - Таблица 'reset_tokens' не найдена в базе данных
2025-12-03 16:31:52,135 - services.jwt_utils - INFO - JWT Configuration: ALGORITHM=HS256, ACCESS_TOKEN_EXPIRE_MINUTES=1440
2025-12-03 16:31:52,135 - services.jwt_utils - INFO - SECRET_KEY установлена: Да
2025-12-03 16:31:52,136 - services.jwt_utils - INFO - JWTService инициализирован с настройками: {'access_token_expire_minutes': 600, 'refresh_token_expire_days': 1, 'algorithm': 'HS512'}
2025-12-03 16:31:52,230 - api.auth - INFO - Loaded 1 reset tokens from storage
2025-12-03 16:31:53,271 - chat - INFO - Таблицы успешно созданы или уже существуют.
2025-12-03 16:31:53,271 - chat - INFO - Initializing user statuses for existing chats...
2025-12-03 16:31:53,335 - chat - INFO - User statuses initialized successfully
2025-12-03 16:31:53,389 - api.faqs - INFO - SQLAlchemy version: 2.0.41
2025-12-03 16:31:53,466 - api.faqs - INFO - Текущие столбцы таблицы faqs: ['id', 'question', 'answer', 'category', 'created_at', 'updated_at', 'views_count', 'helpful_count', 'not_helpful_count', 'content_html', 'department', 'is_general']
2025-12-03 16:36:06,421 - services.admin_manager - INFO - 🔧 AdminManager using database: portaladmins_db at localhost:5432
2025-12-03 16:36:06,560 - services.admin_manager - INFO - 📋 Admin table columns: ['id', 'username', 'service_id', 'is_active', 'permissions', 'created_at', 'updated_at', 'email']
2025-12-03 16:36:06,563 - services.admin_manager - WARNING - Таблица 'reset_tokens' не найдена в базе данных
2025-12-03 16:36:06,790 - services.jwt_utils - INFO - JWT Configuration: ALGORITHM=HS256, ACCESS_TOKEN_EXPIRE_MINUTES=1440
2025-12-03 16:36:06,791 - services.jwt_utils - INFO - SECRET_KEY установлена: Да
2025-12-03 16:36:06,792 - services.jwt_utils - INFO - JWTService инициализирован с настройками: {'access_token_expire_minutes': 600, 'refresh_token_expire_days': 1, 'algorithm': 'HS512'}
2025-12-03 16:36:06,918 - api.auth - INFO - Loaded 1 reset tokens from storage
2025-12-03 16:36:07,982 - chat - INFO - Таблицы успешно созданы или уже существуют.
2025-12-03 16:36:07,982 - chat - INFO - Initializing user statuses for existing chats...
2025-12-03 16:36:08,025 - chat - INFO - User statuses initialized successfully
2025-12-03 16:36:08,075 - api.faqs - INFO - SQLAlchemy version: 2.0.41
2025-12-03 16:36:08,152 - api.faqs - INFO - Текущие столбцы таблицы faqs: ['id', 'question', 'answer', 'category', 'created_at', 'updated_at', 'views_count', 'helpful_count', 'not_helpful_count', 'content_html', 'department', 'is_general']
2025-12-04 09:04:10,341 - services.admin_manager - INFO - 🔧 AdminManager using database: portaladmins_db at localhost:5432
2025-12-04 09:04:10,507 - services.admin_manager - INFO - 📋 Admin table columns: ['id', 'username', 'service_id', 'is_active', 'permissions', 'created_at', 'updated_at', 'email']
2025-12-04 09:04:10,510 - services.admin_manager - WARNING - Таблица 'reset_tokens' не найдена в базе данных
2025-12-04 09:04:10,701 - services.jwt_utils - INFO - JWT Configuration: ALGORITHM=HS256, ACCESS_TOKEN_EXPIRE_MINUTES=1440
2025-12-04 09:04:10,701 - services.jwt_utils - INFO - SECRET_KEY установлена: Да
2025-12-04 09:04:10,702 - services.jwt_utils - INFO - JWTService инициализирован с настройками: {'access_token_expire_minutes': 600, 'refresh_token_expire_days': 1, 'algorithm': 'HS512'}
2025-12-04 09:04:10,820 - api.auth - INFO - Loaded 1 reset tokens from storage
2025-12-04 09:04:11,884 - chat - INFO - Таблицы успешно созданы или уже существуют.
2025-12-04 09:04:11,884 - chat - INFO - Initializing user statuses for existing chats...
2025-12-04 09:04:11,921 - chat - INFO - User statuses initialized successfully
2025-12-04 09:04:11,972 - api.faqs - INFO - SQLAlchemy version: 2.0.41
2025-12-04 09:04:12,050 - api.faqs - INFO - Текущие столбцы таблицы faqs: ['id', 'question', 'answer', 'category', 'created_at', 'updated_at', 'views_count', 'helpful_count', 'not_helpful_count', 'content_html', 'department', 'is_general']
2025-12-04 09:38:33,206 - services.admin_manager - INFO - 🔧 AdminManager using database: portaladmins_db at localhost:5432
2025-12-04 09:38:33,265 - services.admin_manager - INFO - 📋 Admin table columns: ['id', 'username', 'service_id', 'is_active', 'permissions', 'created_at', 'updated_at', 'email']
2025-12-04 09:38:33,268 - services.admin_manager - WARNING - Таблица 'reset_tokens' не найдена в базе данных
2025-12-04 09:38:33,351 - services.jwt_utils - INFO - JWT Configuration: ALGORITHM=HS256, ACCESS_TOKEN_EXPIRE_MINUTES=1440
2025-12-04 09:38:33,351 - services.jwt_utils - INFO - SECRET_KEY установлена: Да
2025-12-04 09:38:33,352 - services.jwt_utils - INFO - JWTService инициализирован с настройками: {'access_token_expire_minutes': 600, 'refresh_token_expire_days': 1, 'algorithm': 'HS512'}
2025-12-04 09:38:33,425 - api.auth - INFO - Loaded 1 reset tokens from storage
2025-12-04 09:38:34,015 - chat - INFO - Таблицы успешно созданы или уже существуют.
2025-12-04 09:38:34,015 - chat - INFO - Initializing user statuses for existing chats...
2025-12-04 09:38:34,044 - chat - INFO - User statuses initialized successfully
2025-12-04 09:38:34,088 - api.faqs - INFO - SQLAlchemy version: 2.0.41
2025-12-04 09:38:34,117 - api.faqs - INFO - Текущие столбцы таблицы faqs: ['id', 'question', 'answer', 'category', 'created_at', 'updated_at', 'views_count', 'helpful_count', 'not_helpful_count', 'content_html', 'department', 'is_general']
2025-12-04 09:52:13,363 - services.admin_manager - INFO - 🔧 AdminManager using database: portaladmins_db at localhost:5432
2025-12-04 09:52:13,420 - services.admin_manager - INFO - 📋 Admin table columns: ['id', 'username', 'service_id', 'is_active', 'permissions', 'created_at', 'updated_at', 'email']
2025-12-04 09:52:13,423 - services.admin_manager - WARNING - Таблица 'reset_tokens' не найдена в базе данных
2025-12-04 09:52:13,503 - services.jwt_utils - INFO - JWT Configuration: ALGORITHM=HS256, ACCESS_TOKEN_EXPIRE_MINUTES=1440
2025-12-04 09:52:13,503 - services.jwt_utils - INFO - SECRET_KEY установлена: Да
2025-12-04 09:52:13,503 - services.jwt_utils - INFO - JWTService инициализирован с настройками: {'access_token_expire_minutes': 600, 'refresh_token_expire_days': 1, 'algorithm': 'HS512'}
2025-12-04 09:52:13,584 - api.auth - INFO - Loaded 1 reset tokens from storage
2025-12-04 09:52:14,229 - chat - INFO - Таблицы успешно созданы или уже существуют.
2025-12-04 09:52:14,230 - chat - INFO - Initializing user statuses for existing chats...
2025-12-04 09:52:14,256 - chat - INFO - User statuses initialized successfully
2025-12-04 09:52:14,299 - api.faqs - INFO - SQLAlchemy version: 2.0.41
2025-12-04 09:52:14,332 - api.faqs - INFO - Текущие столбцы таблицы faqs: ['id', 'question', 'answer', 'category', 'created_at', 'updated_at', 'views_count', 'helpful_count', 'not_helpful_count', 'content_html', 'department', 'is_general']
2025-12-04 11:56:58,776 - services.admin_manager - INFO - 🔧 AdminManager using database: portaladmins_db at localhost:5432
2025-12-04 11:56:58,832 - services.admin_manager - INFO - 📋 Admin table columns: ['id', 'username', 'service_id', 'is_active', 'permissions', 'created_at', 'updated_at', 'email']
2025-12-04 11:56:58,835 - services.admin_manager - WARNING - Таблица 'reset_tokens' не найдена в базе данных
2025-12-04 11:56:58,922 - services.jwt_utils - INFO - JWT Configuration: ALGORITHM=HS256, ACCESS_TOKEN_EXPIRE_MINUTES=1440
2025-12-04 11:56:58,922 - services.jwt_utils - INFO - SECRET_KEY установлена: Да
2025-12-04 11:56:58,922 - services.jwt_utils - INFO - JWTService инициализирован с настройками: {'access_token_expire_minutes': 600, 'refresh_token_expire_days': 1, 'algorithm': 'HS512'}
2025-12-04 11:56:59,004 - api.auth - INFO - Loaded 1 reset tokens from storage
2025-12-04 11:56:59,611 - chat - INFO - Таблицы успешно созданы или уже существуют.
2025-12-04 11:56:59,611 - chat - INFO - Initializing user statuses for existing chats...
2025-12-04 11:56:59,638 - chat - INFO - User statuses initialized successfully
2025-12-04 11:56:59,683 - api.faqs - INFO - SQLAlchemy version: 2.0.41
2025-12-04 11:56:59,712 - api.faqs - INFO - Текущие столбцы таблицы faqs: ['id', 'question', 'answer', 'category', 'created_at', 'updated_at', 'views_count', 'helpful_count', 'not_helpful_count', 'content_html', 'department', 'is_general']
2025-12-04 13:20:26,789 - services.admin_manager - INFO - 🔧 AdminManager using database: portaladmins_db at localhost:5432
2025-12-04 13:20:26,845 - services.admin_manager - INFO - 📋 Admin table columns: ['id', 'username', 'service_id', 'is_active', 'permissions', 'created_at', 'updated_at', 'email']
2025-12-04 13:20:26,847 - services.admin_manager - WARNING - Таблица 'reset_tokens' не найдена в базе данных
2025-12-04 13:20:26,935 - services.jwt_utils - INFO - JWT Configuration: ALGORITHM=HS256, ACCESS_TOKEN_EXPIRE_MINUTES=1440
2025-12-04 13:20:26,935 - services.jwt_utils - INFO - SECRET_KEY установлена: Да
2025-12-04 13:20:26,935 - services.jwt_utils - INFO - JWTService инициализирован с настройками: {'access_token_expire_minutes': 600, 'refresh_token_expire_days': 1, 'algorithm': 'HS512'}
2025-12-04 13:20:27,019 - api.auth - INFO - Loaded 1 reset tokens from storage
2025-12-04 13:20:27,680 - chat - INFO - Таблицы успешно созданы или уже существуют.
2025-12-04 13:20:27,681 - chat - INFO - Initializing user statuses for existing chats...
2025-12-04 13:20:27,737 - chat - INFO - User statuses initialized successfully
2025-12-04 13:20:27,787 - api.faqs - INFO - SQLAlchemy version: 2.0.41
2025-12-04 13:20:27,819 - api.faqs - INFO - Текущие столбцы таблицы faqs: ['id', 'question', 'answer', 'category', 'created_at', 'updated_at', 'views_count', 'helpful_count', 'not_helpful_count', 'content_html', 'department', 'is_general']
2025-12-04 13:55:09,086 - services.admin_manager - INFO - 🔧 AdminManager using database: portaladmins_db at localhost:5432
2025-12-04 13:55:09,146 - services.admin_manager - INFO - 📋 Admin table columns: ['id', 'username', 'service_id', 'is_active', 'permissions', 'created_at', 'updated_at', 'email']
2025-12-04 13:55:09,149 - services.admin_manager - WARNING - Таблица 'reset_tokens' не найдена в базе данных
2025-12-04 13:55:09,238 - services.jwt_utils - INFO - JWT Configuration: ALGORITHM=HS256, ACCESS_TOKEN_EXPIRE_MINUTES=1440
2025-12-04 13:55:09,238 - services.jwt_utils - INFO - SECRET_KEY установлена: Да
2025-12-04 13:55:09,239 - services.jwt_utils - INFO - JWTService инициализирован с настройками: {'access_token_expire_minutes': 600, 'refresh_token_expire_days': 1, 'algorithm': 'HS512'}
2025-12-04 13:55:09,335 - api.auth - INFO - Loaded 1 reset tokens from storage
2025-12-04 13:55:10,042 - chat - INFO - Таблицы успешно созданы или уже существуют.
2025-12-04 13:55:10,042 - chat - INFO - Initializing user statuses for existing chats...
2025-12-04 13:55:10,078 - chat - INFO - User statuses initialized successfully
2025-12-04 13:55:10,125 - api.faqs - INFO - SQLAlchemy version: 2.0.41
2025-12-04 13:55:10,161 - api.faqs - INFO - Текущие столбцы таблицы faqs: ['id', 'question', 'answer', 'category', 'created_at', 'updated_at', 'views_count', 'helpful_count', 'not_helpful_count', 'content_html', 'department', 'is_general']
2025-12-04 13:59:08,062 - services.admin_manager - INFO - 🔧 AdminManager using database: portaladmins_db at localhost:5432
2025-12-04 13:59:08,113 - services.admin_manager - INFO - 📋 Admin table columns: ['id', 'username', 'service_id', 'is_active', 'permissions', 'created_at', 'updated_at', 'email']
2025-12-04 13:59:08,116 - services.admin_manager - WARNING - Таблица 'reset_tokens' не найдена в базе данных
2025-12-04 13:59:08,193 - services.jwt_utils - INFO - JWT Configuration: ALGORITHM=HS256, ACCESS_TOKEN_EXPIRE_MINUTES=1440
2025-12-04 13:59:08,193 - services.jwt_utils - INFO - SECRET_KEY установлена: Да
2025-12-04 13:59:08,194 - services.jwt_utils - INFO - JWTService инициализирован с настройками: {'access_token_expire_minutes': 600, 'refresh_token_expire_days': 1, 'algorithm': 'HS512'}
2025-12-04 13:59:08,265 - api.auth - INFO - Loaded 1 reset tokens from storage
2025-12-04 13:59:08,846 - chat - INFO - Таблицы успешно созданы или уже существуют.
2025-12-04 13:59:08,846 - chat - INFO - Initializing user statuses for existing chats...
2025-12-04 13:59:08,876 - chat - INFO - User statuses initialized successfully
2025-12-04 13:59:08,915 - api.faqs - INFO - SQLAlchemy version: 2.0.41
2025-12-04 13:59:08,947 - api.faqs - INFO - Текущие столбцы таблицы faqs: ['id', 'question', 'answer', 'category', 'created_at', 'updated_at', 'views_count', 'helpful_count', 'not_helpful_count', 'content_html', 'department', 'is_general']
2025-12-04 13:59:15,566 - services.admin_manager - INFO - 🔧 AdminManager using database: portaladmins_db at localhost:5432
2025-12-04 13:59:15,617 - services.admin_manager - INFO - 📋 Admin table columns: ['id', 'username', 'service_id', 'is_active', 'permissions', 'created_at', 'updated_at', 'email']
2025-12-04 13:59:15,619 - services.admin_manager - WARNING - Таблица 'reset_tokens' не найдена в базе данных
2025-12-04 13:59:15,699 - services.jwt_utils - INFO - JWT Configuration: ALGORITHM=HS256, ACCESS_TOKEN_EXPIRE_MINUTES=1440
2025-12-04 13:59:15,700 - services.jwt_utils - INFO - SECRET_KEY установлена: Да
2025-12-04 13:59:15,700 - services.jwt_utils - INFO - JWTService инициализирован с настройками: {'access_token_expire_minutes': 600, 'refresh_token_expire_days': 1, 'algorithm': 'HS512'}
2025-12-04 13:59:15,769 - api.auth - INFO - Loaded 1 reset tokens from storage
2025-12-04 13:59:16,388 - chat - INFO - Таблицы успешно созданы или уже существуют.
2025-12-04 13:59:16,388 - chat - INFO - Initializing user statuses for existing chats...
2025-12-04 13:59:16,412 - chat - INFO - User statuses initialized successfully
2025-12-04 13:59:16,459 - api.faqs - INFO - SQLAlchemy version: 2.0.41
2025-12-04 13:59:16,491 - api.faqs - INFO - Текущие столбцы таблицы faqs: ['id', 'question', 'answer', 'category', 'created_at', 'updated_at', 'views_count', 'helpful_count', 'not_helpful_count', 'content_html', 'department', 'is_general']
2025-12-04 13:59:59,448 - services.admin_manager - INFO - 🔧 AdminManager using database: portaladmins_db at localhost:5432
2025-12-04 13:59:59,499 - services.admin_manager - INFO - 📋 Admin table columns: ['id', 'username', 'service_id', 'is_active', 'permissions', 'created_at', 'updated_at', 'email']
2025-12-04 13:59:59,501 - services.admin_manager - WARNING - Таблица 'reset_tokens' не найдена в базе данных
2025-12-04 13:59:59,580 - services.jwt_utils - INFO - JWT Configuration: ALGORITHM=HS256, ACCESS_TOKEN_EXPIRE_MINUTES=1440
2025-12-04 13:59:59,580 - services.jwt_utils - INFO - SECRET_KEY установлена: Да
2025-12-04 13:59:59,580 - services.jwt_utils - INFO - JWTService инициализирован с настройками: {'access_token_expire_minutes': 600, 'refresh_token_expire_days': 1, 'algorithm': 'HS512'}
2025-12-04 13:59:59,650 - api.auth - INFO - Loaded 1 reset tokens from storage
2025-12-04 14:00:00,267 - chat - INFO - Таблицы успешно созданы или уже существуют.
2025-12-04 14:00:00,268 - chat - INFO - Initializing user statuses for existing chats...
2025-12-04 14:00:00,302 - chat - INFO - User statuses initialized successfully
2025-12-04 14:00:00,345 - api.faqs - INFO - SQLAlchemy version: 2.0.41
2025-12-04 14:00:00,373 - api.faqs - INFO - Текущие столбцы таблицы faqs: ['id', 'question', 'answer', 'category', 'created_at', 'updated_at', 'views_count', 'helpful_count', 'not_helpful_count', 'content_html', 'department', 'is_general']
2025-12-04 14:01:03,235 - services.admin_manager - INFO - 🔧 AdminManager using database: portaladmins_db at localhost:5432
2025-12-04 14:01:03,285 - services.admin_manager - INFO - 📋 Admin table columns: ['id', 'username', 'service_id', 'is_active', 'permissions', 'created_at', 'updated_at', 'email']
2025-12-04 14:01:03,287 - services.admin_manager - WARNING - Таблица 'reset_tokens' не найдена в базе данных
2025-12-04 14:01:03,360 - services.jwt_utils - INFO - JWT Configuration: ALGORITHM=HS256, ACCESS_TOKEN_EXPIRE_MINUTES=1440
2025-12-04 14:01:03,361 - services.jwt_utils - INFO - SECRET_KEY установлена: Да
2025-12-04 14:01:03,361 - services.jwt_utils - INFO - JWTService инициализирован с настройками: {'access_token_expire_minutes': 600, 'refresh_token_expire_days': 1, 'algorithm': 'HS512'}
2025-12-04 14:01:03,433 - api.auth - INFO - Loaded 1 reset tokens from storage
2025-12-04 14:01:04,033 - chat - INFO - Таблицы успешно созданы или уже существуют.
2025-12-04 14:01:04,034 - chat - INFO - Initializing user statuses for existing chats...
2025-12-04 14:01:04,066 - chat - INFO - User statuses initialized successfully
2025-12-04 14:01:04,107 - api.faqs - INFO - SQLAlchemy version: 2.0.41
2025-12-04 14:01:04,135 - api.faqs - INFO - Текущие столбцы таблицы faqs: ['id', 'question', 'answer', 'category', 'created_at', 'updated_at', 'views_count', 'helpful_count', 'not_helpful_count', 'content_html', 'department', 'is_general']
2025-12-04 14:02:28,972 - services.admin_manager - INFO - 🔧 AdminManager using database: portaladmins_db at localhost:5432
2025-12-04 14:02:29,033 - services.admin_manager - INFO - 📋 Admin table columns: ['id', 'username', 'service_id', 'is_active', 'permissions', 'created_at', 'updated_at', 'email']
2025-12-04 14:02:29,036 - services.admin_manager - WARNING - Таблица 'reset_tokens' не найдена в базе данных
2025-12-04 14:02:29,125 - services.jwt_utils - INFO - JWT Configuration: ALGORITHM=HS256, ACCESS_TOKEN_EXPIRE_MINUTES=1440
2025-12-04 14:02:29,125 - services.jwt_utils - INFO - SECRET_KEY установлена: Да
2025-12-04 14:02:29,126 - services.jwt_utils - INFO - JWTService инициализирован с настройками: {'access_token_expire_minutes': 600, 'refresh_token_expire_days': 1, 'algorithm': 'HS512'}
2025-12-04 14:02:29,206 - api.auth - INFO - Loaded 1 reset tokens from storage
2025-12-04 14:02:29,812 - chat - INFO - Таблицы успешно созданы или уже существуют.
2025-12-04 14:02:29,812 - chat - INFO - Initializing user statuses for existing chats...
2025-12-04 14:02:29,846 - chat - INFO - User statuses initialized successfully
2025-12-04 14:02:29,888 - api.faqs - INFO - SQLAlchemy version: 2.0.41
2025-12-04 14:02:29,916 - api.faqs - INFO - Текущие столбцы таблицы faqs: ['id', 'question', 'answer', 'category', 'created_at', 'updated_at', 'views_count', 'helpful_count', 'not_helpful_count', 'content_html', 'department', 'is_general']
2025-12-04 16:08:46,166 - services.admin_manager - INFO - 🔧 AdminManager using database: portaladmins_db at localhost:5432
2025-12-04 16:08:46,225 - services.admin_manager - INFO - 📋 Admin table columns: ['id', 'username', 'service_id', 'is_active', 'permissions', 'created_at', 'updated_at', 'email']
2025-12-04 16:08:46,228 - services.admin_manager - WARNING - Таблица 'reset_tokens' не найдена в базе данных
2025-12-04 16:08:46,313 - services.jwt_utils - INFO - JWT Configuration: ALGORITHM=HS256, ACCESS_TOKEN_EXPIRE_MINUTES=1440
2025-12-04 16:08:46,313 - services.jwt_utils - INFO - SECRET_KEY установлена: Да
2025-12-04 16:08:46,313 - services.jwt_utils - INFO - JWTService инициализирован с настройками: {'access_token_expire_minutes': 600, 'refresh_token_expire_days': 1, 'algorithm': 'HS512'}
2025-12-04 16:08:46,398 - api.auth - INFO - Loaded 1 reset tokens from storage
2025-12-04 16:08:47,042 - chat - INFO - Таблицы успешно созданы или уже существуют.
2025-12-04 16:08:47,042 - chat - INFO - Initializing user statuses for existing chats...
2025-12-04 16:08:47,070 - chat - INFO - User statuses initialized successfully
2025-12-04 16:08:47,121 - api.faqs - INFO - SQLAlchemy version: 2.0.41
2025-12-04 16:08:47,161 - api.faqs - INFO - Текущие столбцы таблицы faqs: ['id', 'question', 'answer', 'category', 'created_at', 'updated_at', 'views_count', 'helpful_count', 'not_helpful_count', 'content_html', 'department', 'is_general']
2025-12-05 10:13:09,232 - services.admin_manager - INFO - 🔧 AdminManager using database: portaladmins_db at localhost:5432
2025-12-05 10:13:09,285 - services.admin_manager - INFO - 📋 Admin table columns: ['id', 'username', 'service_id', 'is_active', 'permissions', 'created_at', 'updated_at', 'email']
2025-12-05 10:13:09,288 - services.admin_manager - WARNING - Таблица 'reset_tokens' не найдена в базе данных
2025-12-05 10:13:09,367 - services.jwt_utils - INFO - JWT Configuration: ALGORITHM=HS256, ACCESS_TOKEN_EXPIRE_MINUTES=1440
2025-12-05 10:13:09,367 - services.jwt_utils - INFO - SECRET_KEY установлена: Да
2025-12-05 10:13:09,368 - services.jwt_utils - INFO - JWTService инициализирован с настройками: {'access_token_expire_minutes': 600, 'refresh_token_expire_days': 1, 'algorithm': 'HS512'}
2025-12-05 10:13:09,438 - api.auth - INFO - Loaded 1 reset tokens from storage
2025-12-05 10:13:10,026 - chat - INFO - Таблицы успешно созданы или уже существуют.
2025-12-05 10:13:10,027 - chat - INFO - Initializing user statuses for existing chats...
2025-12-05 10:13:10,051 - chat - INFO - User statuses initialized successfully
2025-12-05 10:13:10,100 - api.faqs - INFO - SQLAlchemy version: 2.0.41
2025-12-05 10:13:10,136 - api.faqs - INFO - Текущие столбцы таблицы faqs: ['id', 'question', 'answer', 'category', 'created_at', 'updated_at', 'views_count', 'helpful_count', 'not_helpful_count', 'content_html', 'department', 'is_general']
2025-12-05 10:13:59,336 - services.admin_manager - INFO - 🔧 AdminManager using database: portaladmins_db at localhost:5432
2025-12-05 10:13:59,393 - services.admin_manager - INFO - 📋 Admin table columns: ['id', 'username', 'service_id', 'is_active', 'permissions', 'created_at', 'updated_at', 'email']
2025-12-05 10:13:59,395 - services.admin_manager - WARNING - Таблица 'reset_tokens' не найдена в базе данных
2025-12-05 10:13:59,487 - services.jwt_utils - INFO - JWT Configuration: ALGORITHM=HS256, ACCESS_TOKEN_EXPIRE_MINUTES=1440
2025-12-05 10:13:59,487 - services.jwt_utils - INFO - SECRET_KEY установлена: Да
2025-12-05 10:13:59,487 - services.jwt_utils - INFO - JWTService инициализирован с настройками: {'access_token_expire_minutes': 600, 'refresh_token_expire_days': 1, 'algorithm': 'HS512'}
2025-12-05 10:13:59,565 - api.auth - INFO - Loaded 1 reset tokens from storage
2025-12-05 10:14:00,192 - chat - INFO - Таблицы успешно созданы или уже существуют.
2025-12-05 10:14:00,192 - chat - INFO - Initializing user statuses for existing chats...
2025-12-05 10:14:00,225 - chat - INFO - User statuses initialized successfully
2025-12-05 10:14:00,275 - api.faqs - INFO - SQLAlchemy version: 2.0.41
2025-12-05 10:14:00,305 - api.faqs - INFO - Текущие столбцы таблицы faqs: ['id', 'question', 'answer', 'category', 'created_at', 'updated_at', 'views_count', 'helpful_count', 'not_helpful_count', 'content_html', 'department', 'is_general']
2025-12-05 10:27:07,806 - services.admin_manager - INFO - 🔧 AdminManager using database: portaladmins_db at localhost:5432
2025-12-05 10:27:07,860 - services.admin_manager - INFO - 📋 Admin table columns: ['id', 'username', 'service_id', 'is_active', 'permissions', 'created_at', 'updated_at', 'email']
2025-12-05 10:27:07,863 - services.admin_manager - WARNING - Таблица 'reset_tokens' не найдена в базе данных
2025-12-05 10:27:07,942 - services.jwt_utils - INFO - JWT Configuration: ALGORITHM=HS256, ACCESS_TOKEN_EXPIRE_MINUTES=1440
2025-12-05 10:27:07,942 - services.jwt_utils - INFO - SECRET_KEY установлена: Да
2025-12-05 10:27:07,942 - services.jwt_utils - INFO - JWTService инициализирован с настройками: {'access_token_expire_minutes': 600, 'refresh_token_expire_days': 1, 'algorithm': 'HS512'}
2025-12-05 10:27:08,014 - api.auth - INFO - Loaded 1 reset tokens from storage
2025-12-05 10:27:08,589 - chat - INFO - Таблицы успешно созданы или уже существуют.
2025-12-05 10:27:08,589 - chat - INFO - Initializing user statuses for existing chats...
2025-12-05 10:27:08,616 - chat - INFO - User statuses initialized successfully
2025-12-05 10:27:08,672 - api.faqs - INFO - SQLAlchemy version: 2.0.41
2025-12-05 10:27:08,715 - api.faqs - INFO - Текущие столбцы таблицы faqs: ['id', 'question', 'answer', 'category', 'created_at', 'updated_at', 'views_count', 'helpful_count', 'not_helpful_count', 'content_html', 'department', 'is_general']
2025-12-05 10:52:11,807 - services.admin_manager - INFO - 🔧 AdminManager using database: portaladmins_db at localhost:5432
2025-12-05 10:52:11,862 - services.admin_manager - INFO - 📋 Admin table columns: ['id', 'username', 'service_id', 'is_active', 'permissions', 'created_at', 'updated_at', 'email']
2025-12-05 10:52:11,864 - services.admin_manager - WARNING - Таблица 'reset_tokens' не найдена в базе данных
2025-12-05 10:52:11,942 - services.jwt_utils - INFO - JWT Configuration: ALGORITHM=HS256, ACCESS_TOKEN_EXPIRE_MINUTES=1440
2025-12-05 10:52:11,942 - services.jwt_utils - INFO - SECRET_KEY установлена: Да
2025-12-05 10:52:11,942 - services.jwt_utils - INFO - JWTService инициализирован с настройками: {'access_token_expire_minutes': 600, 'refresh_token_expire_days': 1, 'algorithm': 'HS512'}
2025-12-05 10:52:12,012 - api.auth - INFO - Loaded 1 reset tokens from storage
2025-12-05 10:52:12,561 - chat - INFO - Таблицы успешно созданы или уже существуют.
2025-12-05 10:52:12,561 - chat - INFO - Initializing user statuses for existing chats...
2025-12-05 10:52:12,587 - chat - INFO - User statuses initialized successfully
2025-12-05 10:52:12,638 - api.faqs - INFO - SQLAlchemy version: 2.0.41
2025-12-05 10:52:12,667 - api.faqs - INFO - Текущие столбцы таблицы faqs: ['id', 'question', 'answer', 'category', 'created_at', 'updated_at', 'views_count', 'helpful_count', 'not_helpful_count', 'content_html', 'department', 'is_general']
2025-12-05 11:24:02,961 - services.admin_manager - INFO - 🔧 AdminManager using database: portaladmins_db at localhost:5432
2025-12-05 11:24:03,014 - services.admin_manager - INFO - 📋 Admin table columns: ['id', 'username', 'service_id', 'is_active', 'permissions', 'created_at', 'updated_at', 'email']
2025-12-05 11:24:03,016 - services.admin_manager - WARNING - Таблица 'reset_tokens' не найдена в базе данных
2025-12-05 11:24:03,103 - services.jwt_utils - INFO - JWT Configuration: ALGORITHM=HS256, ACCESS_TOKEN_EXPIRE_MINUTES=1440
2025-12-05 11:24:03,103 - services.jwt_utils - INFO - SECRET_KEY установлена: Да
2025-12-05 11:24:03,103 - services.jwt_utils - INFO - JWTService инициализирован с настройками: {'access_token_expire_minutes': 600, 'refresh_token_expire_days': 1, 'algorithm': 'HS512'}
2025-12-05 11:24:03,187 - api.auth - INFO - Loaded 1 reset tokens from storage
2025-12-05 11:24:03,816 - chat - INFO - Таблицы успешно созданы или уже существуют.
2025-12-05 11:24:03,816 - chat - INFO - Initializing user statuses for existing chats...
2025-12-05 11:24:03,846 - chat - INFO - User statuses initialized successfully
2025-12-05 11:25:04,640 - services.admin_manager - INFO - 🔧 AdminManager using database: portaladmins_db at localhost:5432
2025-12-05 11:25:04,698 - services.admin_manager - INFO - 📋 Admin table columns: ['id', 'username', 'service_id', 'is_active', 'permissions', 'created_at', 'updated_at', 'email']
2025-12-05 11:25:04,701 - services.admin_manager - WARNING - Таблица 'reset_tokens' не найдена в базе данных
2025-12-05 11:25:04,783 - services.jwt_utils - INFO - JWT Configuration: ALGORITHM=HS256, ACCESS_TOKEN_EXPIRE_MINUTES=1440
2025-12-05 11:25:04,783 - services.jwt_utils - INFO - SECRET_KEY установлена: Да
2025-12-05 11:25:04,783 - services.jwt_utils - INFO - JWTService инициализирован с настройками: {'access_token_expire_minutes': 600, 'refresh_token_expire_days': 1, 'algorithm': 'HS512'}
2025-12-05 11:25:04,859 - api.auth - INFO - Loaded 1 reset tokens from storage
2025-12-05 11:25:05,442 - chat - INFO - Таблицы успешно созданы или уже существуют.
2025-12-05 11:25:05,442 - chat - INFO - Initializing user statuses for existing chats...
2025-12-05 11:25:05,466 - chat - INFO - User statuses initialized successfully
2025-12-05 11:25:05,514 - api.faqs - INFO - SQLAlchemy version: 2.0.41
2025-12-05 11:25:05,545 - api.faqs - INFO - Текущие столбцы таблицы faqs: ['id', 'question', 'answer', 'category', 'created_at', 'updated_at', 'views_count', 'helpful_count', 'not_helpful_count', 'content_html', 'department', 'is_general']
2025-12-05 11:25:56,656 - services.admin_manager - INFO - 🔧 AdminManager using database: portaladmins_db at localhost:5432
2025-12-05 11:25:56,717 - services.admin_manager - INFO - 📋 Admin table columns: ['id', 'username', 'service_id', 'is_active', 'permissions', 'created_at', 'updated_at', 'email']
2025-12-05 11:25:56,720 - services.admin_manager - WARNING - Таблица 'reset_tokens' не найдена в базе данных
2025-12-05 11:25:56,804 - services.jwt_utils - INFO - JWT Configuration: ALGORITHM=HS256, ACCESS_TOKEN_EXPIRE_MINUTES=1440
2025-12-05 11:25:56,805 - services.jwt_utils - INFO - SECRET_KEY установлена: Да
2025-12-05 11:25:56,805 - services.jwt_utils - INFO - JWTService инициализирован с настройками: {'access_token_expire_minutes': 600, 'refresh_token_expire_days': 1, 'algorithm': 'HS512'}
2025-12-05 11:25:56,884 - api.auth - INFO - Loaded 1 reset tokens from storage
2025-12-05 11:25:57,490 - chat - INFO - Таблицы успешно созданы или уже существуют.
2025-12-05 11:25:57,491 - chat - INFO - Initializing user statuses for existing chats...
2025-12-05 11:25:57,527 - chat - INFO - User statuses initialized successfully
2025-12-05 11:25:57,583 - api.faqs - INFO - SQLAlchemy version: 2.0.41
2025-12-05 11:25:57,611 - api.faqs - INFO - Текущие столбцы таблицы faqs: ['id', 'question', 'answer', 'category', 'created_at', 'updated_at', 'views_count', 'helpful_count', 'not_helpful_count', 'content_html', 'department', 'is_general']
2025-12-05 11:28:50,611 - services.admin_manager - INFO - 🔧 AdminManager using database: portaladmins_db at localhost:5432
2025-12-05 11:28:50,672 - services.admin_manager - INFO - 📋 Admin table columns: ['id', 'username', 'service_id', 'is_active', 'permissions', 'created_at', 'updated_at', 'email']
2025-12-05 11:28:50,675 - services.admin_manager - WARNING - Таблица 'reset_tokens' не найдена в базе данных
2025-12-05 11:28:50,762 - services.jwt_utils - INFO - JWT Configuration: ALGORITHM=HS256, ACCESS_TOKEN_EXPIRE_MINUTES=1440
2025-12-05 11:28:50,762 - services.jwt_utils - INFO - SECRET_KEY установлена: Да
2025-12-05 11:28:50,763 - services.jwt_utils - INFO - JWTService инициализирован с настройками: {'access_token_expire_minutes': 600, 'refresh_token_expire_days': 1, 'algorithm': 'HS512'}
2025-12-05 11:28:50,842 - api.auth - INFO - Loaded 1 reset tokens from storage
2025-12-05 11:28:51,423 - chat - INFO - Таблицы успешно созданы или уже существуют.
2025-12-05 11:28:51,423 - chat - INFO - Initializing user statuses for existing chats...
2025-12-05 11:28:51,450 - chat - INFO - User statuses initialized successfully
2025-12-05 11:28:51,497 - api.faqs - INFO - SQLAlchemy version: 2.0.41
2025-12-05 11:28:51,527 - api.faqs - INFO - Текущие столбцы таблицы faqs: ['id', 'question', 'answer', 'category', 'created_at', 'updated_at', 'views_count', 'helpful_count', 'not_helpful_count', 'content_html', 'department', 'is_general']
2025-12-05 11:29:26,581 - services.admin_manager - INFO - 🔧 AdminManager using database: portaladmins_db at localhost:5432
2025-12-05 11:29:26,650 - services.admin_manager - INFO - 📋 Admin table columns: ['id', 'username', 'service_id', 'is_active', 'permissions', 'created_at', 'updated_at', 'email']
2025-12-05 11:29:26,655 - services.admin_manager - WARNING - Таблица 'reset_tokens' не найдена в базе данных
2025-12-05 11:29:26,759 - services.jwt_utils - INFO - JWT Configuration: ALGORITHM=HS256, ACCESS_TOKEN_EXPIRE_MINUTES=1440
2025-12-05 11:29:26,759 - services.jwt_utils - INFO - SECRET_KEY установлена: Да
2025-12-05 11:29:26,760 - services.jwt_utils - INFO - JWTService инициализирован с настройками: {'access_token_expire_minutes': 600, 'refresh_token_expire_days': 1, 'algorithm': 'HS512'}
2025-12-05 11:29:26,850 - api.auth - INFO - Loaded 1 reset tokens from storage
2025-12-05 11:29:27,507 - chat - INFO - Таблицы успешно созданы или уже существуют.
2025-12-05 11:29:27,507 - chat - INFO - Initializing user statuses for existing chats...
2025-12-05 11:29:27,534 - chat - INFO - User statuses initialized successfully
2025-12-05 11:29:27,582 - api.faqs - INFO - SQLAlchemy version: 2.0.41
2025-12-05 11:29:27,611 - api.faqs - INFO - Текущие столбцы таблицы faqs: ['id', 'question', 'answer', 'category', 'created_at', 'updated_at', 'views_count', 'helpful_count', 'not_helpful_count', 'content_html', 'department', 'is_general']
2025-12-05 11:30:10,087 - services.admin_manager - INFO - 🔧 AdminManager using database: portaladmins_db at localhost:5432
2025-12-05 11:30:10,149 - services.admin_manager - INFO - 📋 Admin table columns: ['id', 'username', 'service_id', 'is_active', 'permissions', 'created_at', 'updated_at', 'email']
2025-12-05 11:30:10,152 - services.admin_manager - WARNING - Таблица 'reset_tokens' не найдена в базе данных
2025-12-05 11:30:10,236 - services.jwt_utils - INFO - JWT Configuration: ALGORITHM=HS256, ACCESS_TOKEN_EXPIRE_MINUTES=1440
2025-12-05 11:30:10,236 - services.jwt_utils - INFO - SECRET_KEY установлена: Да
2025-12-05 11:30:10,236 - services.jwt_utils - INFO - JWTService инициализирован с настройками: {'access_token_expire_minutes': 600, 'refresh_token_expire_days': 1, 'algorithm': 'HS512'}
2025-12-05 11:30:10,315 - api.auth - INFO - Loaded 1 reset tokens from storage
2025-12-05 11:30:10,924 - chat - INFO - Таблицы успешно созданы или уже существуют.
2025-12-05 11:30:10,924 - chat - INFO - Initializing user statuses for existing chats...
2025-12-05 11:30:10,951 - chat - INFO - User statuses initialized successfully
2025-12-05 11:30:11,003 - api.faqs - INFO - SQLAlchemy version: 2.0.41
2025-12-05 11:30:11,038 - api.faqs - INFO - Текущие столбцы таблицы faqs: ['id', 'question', 'answer', 'category', 'created_at', 'updated_at', 'views_count', 'helpful_count', 'not_helpful_count', 'content_html', 'department', 'is_general']
2025-12-05 11:32:44,798 - services.admin_manager - INFO - 🔧 AdminManager using database: portaladmins_db at localhost:5432
2025-12-05 11:32:44,858 - services.admin_manager - INFO - 📋 Admin table columns: ['id', 'username', 'service_id', 'is_active', 'permissions', 'created_at', 'updated_at', 'email']
2025-12-05 11:32:44,861 - services.admin_manager - WARNING - Таблица 'reset_tokens' не найдена в базе данных
2025-12-05 11:32:44,940 - services.jwt_utils - INFO - JWT Configuration: ALGORITHM=HS256, ACCESS_TOKEN_EXPIRE_MINUTES=1440
2025-12-05 11:32:44,941 - services.jwt_utils - INFO - SECRET_KEY установлена: Да
2025-12-05 11:32:44,941 - services.jwt_utils - INFO - JWTService инициализирован с настройками: {'access_token_expire_minutes': 600, 'refresh_token_expire_days': 1, 'algorithm': 'HS512'}
2025-12-05 11:32:45,017 - api.auth - INFO - Loaded 1 reset tokens from storage
2025-12-05 11:32:45,637 - chat - INFO - Таблицы успешно созданы или уже существуют.
2025-12-05 11:32:45,637 - chat - INFO - Initializing user statuses for existing chats...
2025-12-05 11:32:45,664 - chat - INFO - User statuses initialized successfully
2025-12-05 11:32:45,720 - api.faqs - INFO - SQLAlchemy version: 2.0.41
2025-12-05 11:32:45,754 - api.faqs - INFO - Текущие столбцы таблицы faqs: ['id', 'question', 'answer', 'category', 'created_at', 'updated_at', 'views_count', 'helpful_count', 'not_helpful_count', 'content_html', 'department', 'is_general']
2025-12-05 11:33:11,470 - services.admin_manager - INFO - 🔧 AdminManager using database: portaladmins_db at localhost:5432
2025-12-05 11:33:11,541 - services.admin_manager - INFO - 📋 Admin table columns: ['id', 'username', 'service_id', 'is_active', 'permissions', 'created_at', 'updated_at', 'email']
2025-12-05 11:33:11,544 - services.admin_manager - WARNING - Таблица 'reset_tokens' не найдена в базе данных
2025-12-05 11:33:11,640 - services.jwt_utils - INFO - JWT Configuration: ALGORITHM=HS256, ACCESS_TOKEN_EXPIRE_MINUTES=1440
2025-12-05 11:33:11,640 - services.jwt_utils - INFO - SECRET_KEY установлена: Да
2025-12-05 11:33:11,641 - services.jwt_utils - INFO - JWTService инициализирован с настройками: {'access_token_expire_minutes': 600, 'refresh_token_expire_days': 1, 'algorithm': 'HS512'}
2025-12-05 11:33:11,727 - api.auth - INFO - Loaded 1 reset tokens from storage
2025-12-05 11:33:12,355 - chat - INFO - Таблицы успешно созданы или уже существуют.
2025-12-05 11:33:12,355 - chat - INFO - Initializing user statuses for existing chats...
2025-12-05 11:33:12,382 - chat - INFO - User statuses initialized successfully
2025-12-05 11:33:12,433 - api.faqs - INFO - SQLAlchemy version: 2.0.41
2025-12-05 11:33:12,474 - api.faqs - INFO - Текущие столбцы таблицы faqs: ['id', 'question', 'answer', 'category', 'created_at', 'updated_at', 'views_count', 'helpful_count', 'not_helpful_count', 'content_html', 'department', 'is_general']
2025-12-05 11:41:41,337 - services.admin_manager - INFO - 🔧 AdminManager using database: portaladmins_db at localhost:5432
2025-12-05 11:41:41,391 - services.admin_manager - INFO - 📋 Admin table columns: ['id', 'username', 'service_id', 'is_active', 'permissions', 'created_at', 'updated_at', 'email']
2025-12-05 11:41:41,393 - services.admin_manager - WARNING - Таблица 'reset_tokens' не найдена в базе данных
2025-12-05 11:41:41,475 - services.jwt_utils - INFO - JWT Configuration: ALGORITHM=HS256, ACCESS_TOKEN_EXPIRE_MINUTES=1440
2025-12-05 11:41:41,475 - services.jwt_utils - INFO - SECRET_KEY установлена: Да
2025-12-05 11:41:41,475 - services.jwt_utils - INFO - JWTService инициализирован с настройками: {'access_token_expire_minutes': 600, 'refresh_token_expire_days': 1, 'algorithm': 'HS512'}
2025-12-05 11:41:41,546 - api.auth - INFO - Loaded 1 reset tokens from storage
2025-12-05 11:41:42,142 - chat - INFO - Таблицы успешно созданы или уже существуют.
2025-12-05 11:41:42,142 - chat - INFO - Initializing user statuses for existing chats...
2025-12-05 11:41:42,170 - chat - INFO - User statuses initialized successfully
2025-12-05 11:41:42,220 - api.faqs - INFO - SQLAlchemy version: 2.0.41
2025-12-05 11:41:42,250 - api.faqs - INFO - Текущие столбцы таблицы faqs: ['id', 'question', 'answer', 'category', 'created_at', 'updated_at', 'views_count', 'helpful_count', 'not_helpful_count', 'content_html', 'department', 'is_general']
2025-12-05 11:42:43,962 - services.admin_manager - INFO - 🔧 AdminManager using database: portaladmins_db at localhost:5432
2025-12-05 11:42:44,015 - services.admin_manager - INFO - 📋 Admin table columns: ['id', 'username', 'service_id', 'is_active', 'permissions', 'created_at', 'updated_at', 'email']
2025-12-05 11:42:44,018 - services.admin_manager - WARNING - Таблица 'reset_tokens' не найдена в базе данных
2025-12-05 11:42:44,113 - services.jwt_utils - INFO - JWT Configuration: ALGORITHM=HS256, ACCESS_TOKEN_EXPIRE_MINUTES=1440
2025-12-05 11:42:44,113 - services.jwt_utils - INFO - SECRET_KEY установлена: Да
2025-12-05 11:42:44,113 - services.jwt_utils - INFO - JWTService инициализирован с настройками: {'access_token_expire_minutes': 600, 'refresh_token_expire_days': 1, 'algorithm': 'HS512'}
2025-12-05 11:42:44,194 - api.auth - INFO - Loaded 1 reset tokens from storage
2025-12-05 11:42:44,797 - chat - INFO - Таблицы успешно созданы или уже существуют.
2025-12-05 11:42:44,797 - chat - INFO - Initializing user statuses for existing chats...
2025-12-05 11:42:44,822 - chat - INFO - User statuses initialized successfully
2025-12-05 11:42:44,871 - api.faqs - INFO - SQLAlchemy version: 2.0.41
2025-12-05 11:42:44,900 - api.faqs - INFO - Текущие столбцы таблицы faqs: ['id', 'question', 'answer', 'category', 'created_at', 'updated_at', 'views_count', 'helpful_count', 'not_helpful_count', 'content_html', 'department', 'is_general']
2025-12-05 11:43:02,058 - services.admin_manager - INFO - 🔧 AdminManager using database: portaladmins_db at localhost:5432
2025-12-05 11:43:02,112 - services.admin_manager - INFO - 📋 Admin table columns: ['id', 'username', 'service_id', 'is_active', 'permissions', 'created_at', 'updated_at', 'email']
2025-12-05 11:43:02,115 - services.admin_manager - WARNING - Таблица 'reset_tokens' не найдена в базе данных
2025-12-05 11:43:02,194 - services.jwt_utils - INFO - JWT Configuration: ALGORITHM=HS256, ACCESS_TOKEN_EXPIRE_MINUTES=1440
2025-12-05 11:43:02,194 - services.jwt_utils - INFO - SECRET_KEY установлена: Да
2025-12-05 11:43:02,195 - services.jwt_utils - INFO - JWTService инициализирован с настройками: {'access_token_expire_minutes': 600, 'refresh_token_expire_days': 1, 'algorithm': 'HS512'}
2025-12-05 11:43:02,272 - api.auth - INFO - Loaded 1 reset tokens from storage
2025-12-05 11:43:02,900 - chat - INFO - Таблицы успешно созданы или уже существуют.
2025-12-05 11:43:02,900 - chat - INFO - Initializing user statuses for existing chats...
2025-12-05 11:43:02,936 - chat - INFO - User statuses initialized successfully
2025-12-05 11:43:02,995 - api.faqs - INFO - SQLAlchemy version: 2.0.41
2025-12-05 11:43:03,026 - api.faqs - INFO - Текущие столбцы таблицы faqs: ['id', 'question', 'answer', 'category', 'created_at', 'updated_at', 'views_count', 'helpful_count', 'not_helpful_count', 'content_html', 'department', 'is_general']
2025-12-05 11:43:39,234 - services.admin_manager - INFO - 🔧 AdminManager using database: portaladmins_db at localhost:5432
2025-12-05 11:43:39,305 - services.admin_manager - INFO - 📋 Admin table columns: ['id', 'username', 'service_id', 'is_active', 'permissions', 'created_at', 'updated_at', 'email']
2025-12-05 11:43:39,308 - services.admin_manager - WARNING - Таблица 'reset_tokens' не найдена в базе данных
2025-12-05 11:43:39,402 - services.jwt_utils - INFO - JWT Configuration: ALGORITHM=HS256, ACCESS_TOKEN_EXPIRE_MINUTES=1440
2025-12-05 11:43:39,402 - services.jwt_utils - INFO - SECRET_KEY установлена: Да
2025-12-05 11:43:39,403 - services.jwt_utils - INFO - JWTService инициализирован с настройками: {'access_token_expire_minutes': 600, 'refresh_token_expire_days': 1, 'algorithm': 'HS512'}
2025-12-05 11:43:39,477 - api.auth - INFO - Loaded 1 reset tokens from storage
2025-12-05 11:43:40,109 - chat - INFO - Таблицы успешно созданы или уже существуют.
2025-12-05 11:43:40,109 - chat - INFO - Initializing user statuses for existing chats...
2025-12-05 11:43:40,137 - chat - INFO - User statuses initialized successfully
2025-12-05 11:43:40,191 - api.faqs - INFO - SQLAlchemy version: 2.0.41
2025-12-05 11:43:40,225 - api.faqs - INFO - Текущие столбцы таблицы faqs: ['id', 'question', 'answer', 'category', 'created_at', 'updated_at', 'views_count', 'helpful_count', 'not_helpful_count', 'content_html', 'department', 'is_general']
2025-12-05 11:44:45,047 - services.admin_manager - INFO - 🔧 AdminManager using database: portaladmins_db at localhost:5432
2025-12-05 11:44:45,103 - services.admin_manager - INFO - 📋 Admin table columns: ['id', 'username', 'service_id', 'is_active', 'permissions', 'created_at', 'updated_at', 'email']
2025-12-05 11:44:45,105 - services.admin_manager - WARNING - Таблица 'reset_tokens' не найдена в базе данных
2025-12-05 11:44:45,183 - services.jwt_utils - INFO - JWT Configuration: ALGORITHM=HS256, ACCESS_TOKEN_EXPIRE_MINUTES=1440
2025-12-05 11:44:45,183 - services.jwt_utils - INFO - SECRET_KEY установлена: Да
2025-12-05 11:44:45,183 - services.jwt_utils - INFO - JWTService инициализирован с настройками: {'access_token_expire_minutes': 600, 'refresh_token_expire_days': 1, 'algorithm': 'HS512'}
2025-12-05 11:44:45,256 - api.auth - INFO - Loaded 1 reset tokens from storage
2025-12-05 11:44:45,810 - chat - INFO - Таблицы успешно созданы или уже существуют.
2025-12-05 11:44:45,810 - chat - INFO - Initializing user statuses for existing chats...
2025-12-05 11:44:45,834 - chat - INFO - User statuses initialized successfully
2025-12-05 11:44:45,881 - api.faqs - INFO - SQLAlchemy version: 2.0.41
2025-12-05 11:44:45,911 - api.faqs - INFO - Текущие столбцы таблицы faqs: ['id', 'question', 'answer', 'category', 'created_at', 'updated_at', 'views_count', 'helpful_count', 'not_helpful_count', 'content_html', 'department', 'is_general']
2025-12-05 11:45:09,838 - services.admin_manager - INFO - 🔧 AdminManager using database: portaladmins_db at localhost:5432
2025-12-05 11:45:09,891 - services.admin_manager - INFO - 📋 Admin table columns: ['id', 'username', 'service_id', 'is_active', 'permissions', 'created_at', 'updated_at', 'email']
2025-12-05 11:45:09,893 - services.admin_manager - WARNING - Таблица 'reset_tokens' не найдена в базе данных
2025-12-05 11:45:09,973 - services.jwt_utils - INFO - JWT Configuration: ALGORITHM=HS256, ACCESS_TOKEN_EXPIRE_MINUTES=1440
2025-12-05 11:45:09,973 - services.jwt_utils - INFO - SECRET_KEY установлена: Да
2025-12-05 11:45:09,974 - services.jwt_utils - INFO - JWTService инициализирован с настройками: {'access_token_expire_minutes': 600, 'refresh_token_expire_days': 1, 'algorithm': 'HS512'}
2025-12-05 11:45:10,044 - api.auth - INFO - Loaded 1 reset tokens from storage
2025-12-05 11:45:10,605 - chat - INFO - Таблицы успешно созданы или уже существуют.
2025-12-05 11:45:10,605 - chat - INFO - Initializing user statuses for existing chats...
2025-12-05 11:45:10,637 - chat - INFO - User statuses initialized successfully
2025-12-05 11:45:10,699 - api.faqs - INFO - SQLAlchemy version: 2.0.41
2025-12-05 11:45:10,732 - api.faqs - INFO - Текущие столбцы таблицы faqs: ['id', 'question', 'answer', 'category', 'created_at', 'updated_at', 'views_count', 'helpful_count', 'not_helpful_count', 'content_html', 'department', 'is_general']
2025-12-05 11:58:55,744 - services.admin_manager - INFO - 🔧 AdminManager using database: portaladmins_db at localhost:5432
2025-12-05 11:58:55,805 - services.admin_manager - INFO - 📋 Admin table columns: ['id', 'username', 'service_id', 'is_active', 'permissions', 'created_at', 'updated_at', 'email']
2025-12-05 11:58:55,808 - services.admin_manager - WARNING - Таблица 'reset_tokens' не найдена в базе данных
2025-12-05 11:58:55,899 - services.jwt_utils - INFO - JWT Configuration: ALGORITHM=HS256, ACCESS_TOKEN_EXPIRE_MINUTES=1440
2025-12-05 11:58:55,899 - services.jwt_utils - INFO - SECRET_KEY установлена: Да
2025-12-05 11:58:55,899 - services.jwt_utils - INFO - JWTService инициализирован с настройками: {'access_token_expire_minutes': 600, 'refresh_token_expire_days': 1, 'algorithm': 'HS512'}
2025-12-05 11:58:55,973 - api.auth - INFO - Loaded 1 reset tokens from storage
2025-12-05 11:58:56,550 - chat - INFO - Таблицы успешно созданы или уже существуют.
2025-12-05 11:58:56,550 - chat - INFO - Initializing user statuses for existing chats...
2025-12-05 11:58:56,581 - chat - INFO - User statuses initialized successfully
2025-12-05 11:58:56,636 - api.faqs - INFO - SQLAlchemy version: 2.0.41
2025-12-05 11:58:56,669 - api.faqs - INFO - Текущие столбцы таблицы faqs: ['id', 'question', 'answer', 'category', 'created_at', 'updated_at', 'views_count', 'helpful_count', 'not_helpful_count', 'content_html', 'department', 'is_general']
2025-12-05 11:59:56,265 - services.admin_manager - INFO - 🔧 AdminManager using database: portaladmins_db at localhost:5432
2025-12-05 11:59:56,320 - services.admin_manager - INFO - 📋 Admin table columns: ['id', 'username', 'service_id', 'is_active', 'permissions', 'created_at', 'updated_at', 'email']
2025-12-05 11:59:56,322 - services.admin_manager - WARNING - Таблица 'reset_tokens' не найдена в базе данных
2025-12-05 11:59:56,411 - services.jwt_utils - INFO - JWT Configuration: ALGORITHM=HS256, ACCESS_TOKEN_EXPIRE_MINUTES=1440
2025-12-05 11:59:56,411 - services.jwt_utils - INFO - SECRET_KEY установлена: Да
2025-12-05 11:59:56,411 - services.jwt_utils - INFO - JWTService инициализирован с настройками: {'access_token_expire_minutes': 600, 'refresh_token_expire_days': 1, 'algorithm': 'HS512'}
2025-12-05 11:59:56,489 - api.auth - INFO - Loaded 1 reset tokens from storage
2025-12-05 11:59:57,106 - chat - INFO - Таблицы успешно созданы или уже существуют.
2025-12-05 11:59:57,106 - chat - INFO - Initializing user statuses for existing chats...
2025-12-05 11:59:57,131 - chat - INFO - User statuses initialized successfully
2025-12-05 11:59:57,183 - api.faqs - INFO - SQLAlchemy version: 2.0.41
2025-12-05 11:59:57,214 - api.faqs - INFO - Текущие столбцы таблицы faqs: ['id', 'question', 'answer', 'category', 'created_at', 'updated_at', 'views_count', 'helpful_count', 'not_helpful_count', 'content_html', 'department', 'is_general']
2025-12-05 12:00:33,863 - services.admin_manager - INFO - 🔧 AdminManager using database: portaladmins_db at localhost:5432
2025-12-05 12:00:33,919 - services.admin_manager - INFO - 📋 Admin table columns: ['id', 'username', 'service_id', 'is_active', 'permissions', 'created_at', 'updated_at', 'email']
2025-12-05 12:00:33,922 - services.admin_manager - WARNING - Таблица 'reset_tokens' не найдена в базе данных
2025-12-05 12:00:34,003 - services.jwt_utils - INFO - JWT Configuration: ALGORITHM=HS256, ACCESS_TOKEN_EXPIRE_MINUTES=1440
2025-12-05 12:00:34,004 - services.jwt_utils - INFO - SECRET_KEY установлена: Да
2025-12-05 12:00:34,004 - services.jwt_utils - INFO - JWTService инициализирован с настройками: {'access_token_expire_minutes': 600, 'refresh_token_expire_days': 1, 'algorithm': 'HS512'}
2025-12-05 12:00:34,078 - api.auth - INFO - Loaded 1 reset tokens from storage
2025-12-05 12:00:34,652 - chat - INFO - Таблицы успешно созданы или уже существуют.
2025-12-05 12:00:34,653 - chat - INFO - Initializing user statuses for existing chats...
2025-12-05 12:00:34,678 - chat - INFO - User statuses initialized successfully
2025-12-05 12:00:34,729 - api.faqs - INFO - SQLAlchemy version: 2.0.41
2025-12-05 12:00:34,765 - api.faqs - INFO - Текущие столбцы таблицы faqs: ['id', 'question', 'answer', 'category', 'created_at', 'updated_at', 'views_count', 'helpful_count', 'not_helpful_count', 'content_html', 'department', 'is_general']
2025-12-05 12:01:53,680 - services.admin_manager - INFO - 🔧 AdminManager using database: portaladmins_db at localhost:5432
2025-12-05 12:01:53,855 - services.admin_manager - INFO - 📋 Admin table columns: ['id', 'username', 'service_id', 'is_active', 'permissions', 'created_at', 'updated_at', 'email']
2025-12-05 12:01:53,857 - services.admin_manager - WARNING - Таблица 'reset_tokens' не найдена в базе данных
2025-12-05 12:01:54,052 - services.jwt_utils - INFO - JWT Configuration: ALGORITHM=HS256, ACCESS_TOKEN_EXPIRE_MINUTES=1440
2025-12-05 12:01:54,052 - services.jwt_utils - INFO - SECRET_KEY установлена: Да
2025-12-05 12:01:54,052 - services.jwt_utils - INFO - JWTService инициализирован с настройками: {'access_token_expire_minutes': 600, 'refresh_token_expire_days': 1, 'algorithm': 'HS512'}
2025-12-05 12:01:54,159 - api.auth - INFO - Loaded 1 reset tokens from storage
2025-12-05 12:01:55,299 - chat - INFO - Таблицы успешно созданы или уже существуют.
2025-12-05 12:01:55,299 - chat - INFO - Initializing user statuses for existing chats...
2025-12-05 12:01:55,337 - chat - INFO - User statuses initialized successfully
2025-12-05 12:01:55,393 - api.faqs - INFO - SQLAlchemy version: 2.0.41
2025-12-05 12:01:55,487 - api.faqs - INFO - Текущие столбцы таблицы faqs: ['id', 'question', 'answer', 'category', 'created_at', 'updated_at', 'views_count', 'helpful_count', 'not_helpful_count', 'content_html', 'department', 'is_general']
2025-12-05 12:26:28,511 - services.admin_manager - INFO - 🔧 AdminManager using database: portaladmins_db at localhost:5432
2025-12-05 12:26:28,575 - services.admin_manager - INFO - 📋 Admin table columns: ['id', 'username', 'service_id', 'is_active', 'permissions', 'created_at', 'updated_at', 'email']
2025-12-05 12:26:28,578 - services.admin_manager - WARNING - Таблица 'reset_tokens' не найдена в базе данных
2025-12-05 12:26:28,693 - services.jwt_utils - INFO - JWT Configuration: ALGORITHM=HS256, ACCESS_TOKEN_EXPIRE_MINUTES=1440
2025-12-05 12:26:28,694 - services.jwt_utils - INFO - SECRET_KEY установлена: Да
2025-12-05 12:26:28,694 - services.jwt_utils - INFO - JWTService инициализирован с настройками: {'access_token_expire_minutes': 600, 'refresh_token_expire_days': 1, 'algorithm': 'HS512'}
2025-12-05 12:26:28,775 - api.auth - INFO - Loaded 1 reset tokens from storage
2025-12-05 12:26:29,409 - chat - INFO - Таблицы успешно созданы или уже существуют.
2025-12-05 12:26:29,410 - chat - INFO - Initializing user statuses for existing chats...
2025-12-05 12:26:29,435 - chat - INFO - User statuses initialized successfully
2025-12-05 12:26:29,485 - api.faqs - INFO - SQLAlchemy version: 2.0.41
2025-12-05 12:26:29,514 - api.faqs - INFO - Текущие столбцы таблицы faqs: ['id', 'question', 'answer', 'category', 'created_at', 'updated_at', 'views_count', 'helpful_count', 'not_helpful_count', 'content_html', 'department', 'is_general']
2025-12-05 12:26:48,394 - services.admin_manager - INFO - 🔧 AdminManager using database: portaladmins_db at localhost:5432
2025-12-05 12:26:48,457 - services.admin_manager - INFO - 📋 Admin table columns: ['id', 'username', 'service_id', 'is_active', 'permissions', 'created_at', 'updated_at', 'email']
2025-12-05 12:26:48,460 - services.admin_manager - WARNING - Таблица 'reset_tokens' не найдена в базе данных
2025-12-05 12:26:48,544 - services.jwt_utils - INFO - JWT Configuration: ALGORITHM=HS256, ACCESS_TOKEN_EXPIRE_MINUTES=1440
2025-12-05 12:26:48,544 - services.jwt_utils - INFO - SECRET_KEY установлена: Да
2025-12-05 12:26:48,545 - services.jwt_utils - INFO - JWTService инициализирован с настройками: {'access_token_expire_minutes': 600, 'refresh_token_expire_days': 1, 'algorithm': 'HS512'}
2025-12-05 12:26:48,624 - api.auth - INFO - Loaded 1 reset tokens from storage
2025-12-05 12:26:49,256 - chat - INFO - Таблицы успешно созданы или уже существуют.
2025-12-05 12:26:49,256 - chat - INFO - Initializing user statuses for existing chats...
2025-12-05 12:26:49,283 - chat - INFO - User statuses initialized successfully
2025-12-05 12:26:49,334 - api.faqs - INFO - SQLAlchemy version: 2.0.41
2025-12-05 12:26:49,364 - api.faqs - INFO - Текущие столбцы таблицы faqs: ['id', 'question', 'answer', 'category', 'created_at', 'updated_at', 'views_count', 'helpful_count', 'not_helpful_count', 'content_html', 'department', 'is_general']
2025-12-05 13:05:50,240 - services.admin_manager - INFO - 🔧 AdminManager using database: portaladmins_db at localhost:5432
2025-12-05 13:05:50,293 - services.admin_manager - INFO - 📋 Admin table columns: ['id', 'username', 'service_id', 'is_active', 'permissions', 'created_at', 'updated_at', 'email']
2025-12-05 13:05:50,295 - services.admin_manager - WARNING - Таблица 'reset_tokens' не найдена в базе данных
2025-12-05 13:05:50,371 - services.jwt_utils - INFO - JWT Configuration: ALGORITHM=HS256, ACCESS_TOKEN_EXPIRE_MINUTES=1440
2025-12-05 13:05:50,371 - services.jwt_utils - INFO - SECRET_KEY установлена: Да
2025-12-05 13:05:50,371 - services.jwt_utils - INFO - JWTService инициализирован с настройками: {'access_token_expire_minutes': 600, 'refresh_token_expire_days': 1, 'algorithm': 'HS512'}
2025-12-05 13:05:50,443 - api.auth - INFO - Loaded 1 reset tokens from storage
2025-12-05 13:05:51,014 - chat - INFO - Таблицы успешно созданы или уже существуют.
2025-12-05 13:05:51,014 - chat - INFO - Initializing user statuses for existing chats...
2025-12-05 13:05:51,036 - chat - INFO - User statuses initialized successfully
2025-12-05 13:05:51,085 - api.faqs - INFO - SQLAlchemy version: 2.0.41
2025-12-05 13:05:51,114 - api.faqs - INFO - Текущие столбцы таблицы faqs: ['id', 'question', 'answer', 'category', 'created_at', 'updated_at', 'views_count', 'helpful_count', 'not_helpful_count', 'content_html', 'department', 'is_general']
2025-12-05 13:17:33,203 - services.admin_manager - INFO - 🔧 AdminManager using database: portaladmins_db at localhost:5432
2025-12-05 13:17:33,255 - services.admin_manager - INFO - 📋 Admin table columns: ['id', 'username', 'service_id', 'is_active', 'permissions', 'created_at', 'updated_at', 'email']
2025-12-05 13:17:33,258 - services.admin_manager - WARNING - Таблица 'reset_tokens' не найдена в базе данных
2025-12-05 13:17:33,347 - services.jwt_utils - INFO - JWT Configuration: ALGORITHM=HS256, ACCESS_TOKEN_EXPIRE_MINUTES=1440
2025-12-05 13:17:33,347 - services.jwt_utils - INFO - SECRET_KEY установлена: Да
2025-12-05 13:17:33,347 - services.jwt_utils - INFO - JWTService инициализирован с настройками: {'access_token_expire_minutes': 600, 'refresh_token_expire_days': 1, 'algorithm': 'HS512'}
2025-12-05 13:17:33,415 - api.auth - INFO - Loaded 1 reset tokens from storage
2025-12-05 13:17:33,968 - chat - INFO - Таблицы успешно созданы или уже существуют.
2025-12-05 13:17:33,968 - chat - INFO - Initializing user statuses for existing chats...
2025-12-05 13:17:33,991 - chat - INFO - User statuses initialized successfully
2025-12-05 13:17:34,043 - api.faqs - INFO - SQLAlchemy version: 2.0.41
2025-12-05 13:17:34,072 - api.faqs - INFO - Текущие столбцы таблицы faqs: ['id', 'question', 'answer', 'category', 'created_at', 'updated_at', 'views_count', 'helpful_count', 'not_helpful_count', 'content_html', 'department', 'is_general']
2025-12-05 13:18:32,990 - services.admin_manager - INFO - 🔧 AdminManager using database: portaladmins_db at localhost:5432
2025-12-05 13:18:33,052 - services.admin_manager - INFO - 📋 Admin table columns: ['id', 'username', 'service_id', 'is_active', 'permissions', 'created_at', 'updated_at', 'email']
2025-12-05 13:18:33,054 - services.admin_manager - WARNING - Таблица 'reset_tokens' не найдена в базе данных
2025-12-05 13:18:33,128 - services.jwt_utils - INFO - JWT Configuration: ALGORITHM=HS256, ACCESS_TOKEN_EXPIRE_MINUTES=1440
2025-12-05 13:18:33,128 - services.jwt_utils - INFO - SECRET_KEY установлена: Да
2025-12-05 13:18:33,129 - services.jwt_utils - INFO - JWTService инициализирован с настройками: {'access_token_expire_minutes': 600, 'refresh_token_expire_days': 1, 'algorithm': 'HS512'}
2025-12-05 13:18:33,203 - api.auth - INFO - Loaded 1 reset tokens from storage
2025-12-05 13:18:33,772 - chat - INFO - Таблицы успешно созданы или уже существуют.
2025-12-05 13:18:33,772 - chat - INFO - Initializing user statuses for existing chats...
2025-12-05 13:18:33,797 - chat - INFO - User statuses initialized successfully
2025-12-05 13:18:33,844 - api.faqs - INFO - SQLAlchemy version: 2.0.41
2025-12-05 13:18:33,872 - api.faqs - INFO - Текущие столбцы таблицы faqs: ['id', 'question', 'answer', 'category', 'created_at', 'updated_at', 'views_count', 'helpful_count', 'not_helpful_count', 'content_html', 'department', 'is_general']
2025-12-05 13:45:44,872 - services.admin_manager - INFO - 🔧 AdminManager using database: portaladmins_db at localhost:5432
2025-12-05 13:45:44,926 - services.admin_manager - INFO - 📋 Admin table columns: ['id', 'username', 'service_id', 'is_active', 'permissions', 'created_at', 'updated_at', 'email']
2025-12-05 13:45:44,928 - services.admin_manager - WARNING - Таблица 'reset_tokens' не найдена в базе данных
2025-12-05 13:45:45,013 - services.jwt_utils - INFO - JWT Configuration: ALGORITHM=HS256, ACCESS_TOKEN_EXPIRE_MINUTES=1440
2025-12-05 13:45:45,013 - services.jwt_utils - INFO - SECRET_KEY установлена: Да
2025-12-05 13:45:45,013 - services.jwt_utils - INFO - JWTService инициализирован с настройками: {'access_token_expire_minutes': 600, 'refresh_token_expire_days': 1, 'algorithm': 'HS512'}
2025-12-05 13:45:45,088 - api.auth - INFO - Loaded 1 reset tokens from storage
2025-12-05 13:45:45,670 - chat - INFO - Таблицы успешно созданы или уже существуют.
2025-12-05 13:45:45,671 - chat - INFO - Initializing user statuses for existing chats...
2025-12-05 13:45:45,698 - chat - INFO - User statuses initialized successfully
2025-12-05 13:45:45,748 - api.faqs - INFO - SQLAlchemy version: 2.0.41
2025-12-05 13:45:45,777 - api.faqs - INFO - Текущие столбцы таблицы faqs: ['id', 'question', 'answer', 'category', 'created_at', 'updated_at', 'views_count', 'helpful_count', 'not_helpful_count', 'content_html', 'department', 'is_general']
2025-12-05 13:47:39,061 - services.admin_manager - INFO - 🔧 AdminManager using database: portaladmins_db at localhost:5432
2025-12-05 13:47:39,112 - services.admin_manager - INFO - 📋 Admin table columns: ['id', 'username', 'service_id', 'is_active', 'permissions', 'created_at', 'updated_at', 'email']
2025-12-05 13:47:39,115 - services.admin_manager - WARNING - Таблица 'reset_tokens' не найдена в базе данных
2025-12-05 13:47:39,201 - services.jwt_utils - INFO - JWT Configuration: ALGORITHM=HS256, ACCESS_TOKEN_EXPIRE_MINUTES=1440
2025-12-05 13:47:39,201 - services.jwt_utils - INFO - SECRET_KEY установлена: Да
2025-12-05 13:47:39,202 - services.jwt_utils - INFO - JWTService инициализирован с настройками: {'access_token_expire_minutes': 600, 'refresh_token_expire_days': 1, 'algorithm': 'HS512'}
2025-12-05 13:47:39,271 - api.auth - INFO - Loaded 1 reset tokens from storage
2025-12-05 13:47:39,842 - chat - INFO - Таблицы успешно созданы или уже существуют.
2025-12-05 13:47:39,842 - chat - INFO - Initializing user statuses for existing chats...
2025-12-05 13:47:39,866 - chat - INFO - User statuses initialized successfully
2025-12-05 13:47:39,915 - api.faqs - INFO - SQLAlchemy version: 2.0.41
2025-12-05 13:47:39,944 - api.faqs - INFO - Текущие столбцы таблицы faqs: ['id', 'question', 'answer', 'category', 'created_at', 'updated_at', 'views_count', 'helpful_count', 'not_helpful_count', 'content_html', 'department', 'is_general']
2025-12-05 13:49:12,172 - services.admin_manager - INFO - 🔧 AdminManager using database: portaladmins_db at localhost:5432
2025-12-05 13:49:12,227 - services.admin_manager - INFO - 📋 Admin table columns: ['id', 'username', 'service_id', 'is_active', 'permissions', 'created_at', 'updated_at', 'email']
2025-12-05 13:49:12,230 - services.admin_manager - WARNING - Таблица 'reset_tokens' не найдена в базе данных
2025-12-05 13:49:12,312 - services.jwt_utils - INFO - JWT Configuration: ALGORITHM=HS256, ACCESS_TOKEN_EXPIRE_MINUTES=1440
2025-12-05 13:49:12,312 - services.jwt_utils - INFO - SECRET_KEY установлена: Да
2025-12-05 13:49:12,312 - services.jwt_utils - INFO - JWTService инициализирован с настройками: {'access_token_expire_minutes': 600, 'refresh_token_expire_days': 1, 'algorithm': 'HS512'}
2025-12-05 13:49:12,383 - api.auth - INFO - Loaded 1 reset tokens from storage
2025-12-05 13:49:12,940 - chat - INFO - Таблицы успешно созданы или уже существуют.
2025-12-05 13:49:12,941 - chat - INFO - Initializing user statuses for existing chats...
2025-12-05 13:49:12,968 - chat - INFO - User statuses initialized successfully
2025-12-05 13:49:13,017 - api.faqs - INFO - SQLAlchemy version: 2.0.41
2025-12-05 13:49:13,044 - api.faqs - INFO - Текущие столбцы таблицы faqs: ['id', 'question', 'answer', 'category', 'created_at', 'updated_at', 'views_count', 'helpful_count', 'not_helpful_count', 'content_html', 'department', 'is_general']
2025-12-05 13:58:49,928 - services.admin_manager - INFO - 🔧 AdminManager using database: portaladmins_db at localhost:5432
2025-12-05 13:58:49,984 - services.admin_manager - INFO - 📋 Admin table columns: ['id', 'username', 'service_id', 'is_active', 'permissions', 'created_at', 'updated_at', 'email']
2025-12-05 13:58:49,987 - services.admin_manager - WARNING - Таблица 'reset_tokens' не найдена в базе данных
2025-12-05 13:58:50,071 - services.jwt_utils - INFO - JWT Configuration: ALGORITHM=HS256, ACCESS_TOKEN_EXPIRE_MINUTES=1440
2025-12-05 13:58:50,071 - services.jwt_utils - INFO - SECRET_KEY установлена: Да
2025-12-05 13:58:50,071 - services.jwt_utils - INFO - JWTService инициализирован с настройками: {'access_token_expire_minutes': 600, 'refresh_token_expire_days': 1, 'algorithm': 'HS512'}
2025-12-05 13:58:50,143 - api.auth - INFO - Loaded 1 reset tokens from storage
2025-12-05 13:58:50,753 - chat - INFO - Таблицы успешно созданы или уже существуют.
2025-12-05 13:58:50,753 - chat - INFO - Initializing user statuses for existing chats...
2025-12-05 13:58:50,779 - chat - INFO - User statuses initialized successfully
2025-12-05 13:58:50,833 - api.faqs - INFO - SQLAlchemy version: 2.0.41
2025-12-05 13:58:50,861 - api.faqs - INFO - Текущие столбцы таблицы faqs: ['id', 'question', 'answer', 'category', 'created_at', 'updated_at', 'views_count', 'helpful_count', 'not_helpful_count', 'content_html', 'department', 'is_general']
2025-12-05 14:00:27,778 - services.admin_manager - INFO - 🔧 AdminManager using database: portaladmins_db at localhost:5432
2025-12-05 14:00:27,830 - services.admin_manager - INFO - 📋 Admin table columns: ['id', 'username', 'service_id', 'is_active', 'permissions', 'created_at', 'updated_at', 'email']
2025-12-05 14:00:27,832 - services.admin_manager - WARNING - Таблица 'reset_tokens' не найдена в базе данных
2025-12-05 14:00:27,914 - services.jwt_utils - INFO - JWT Configuration: ALGORITHM=HS256, ACCESS_TOKEN_EXPIRE_MINUTES=1440
2025-12-05 14:00:27,914 - services.jwt_utils - INFO - SECRET_KEY установлена: Да
2025-12-05 14:00:27,915 - services.jwt_utils - INFO - JWTService инициализирован с настройками: {'access_token_expire_minutes': 600, 'refresh_token_expire_days': 1, 'algorithm': 'HS512'}
2025-12-05 14:00:27,988 - api.auth - INFO - Loaded 1 reset tokens from storage
2025-12-05 14:00:28,613 - chat - INFO - Таблицы успешно созданы или уже существуют.
2025-12-05 14:00:28,613 - chat - INFO - Initializing user statuses for existing chats...
2025-12-05 14:00:28,639 - chat - INFO - User statuses initialized successfully
2025-12-05 14:00:28,689 - api.faqs - INFO - SQLAlchemy version: 2.0.41
2025-12-05 14:00:28,718 - api.faqs - INFO - Текущие столбцы таблицы faqs: ['id', 'question', 'answer', 'category', 'created_at', 'updated_at', 'views_count', 'helpful_count', 'not_helpful_count', 'content_html', 'department', 'is_general']
2025-12-10 10:04:25,574 - services.admin_manager - INFO - 🔧 AdminManager using database: portaladmins_db at localhost:5432
2025-12-10 10:04:25,626 - services.admin_manager - INFO - 📋 Admin table columns: ['id', 'username', 'service_id', 'is_active', 'permissions', 'created_at', 'updated_at', 'email']
2025-12-10 10:04:25,628 - services.admin_manager - WARNING - Таблица 'reset_tokens' не найдена в базе данных
2025-12-10 10:04:25,706 - services.jwt_utils - INFO - JWT Configuration: ALGORITHM=HS256, ACCESS_TOKEN_EXPIRE_MINUTES=1440
2025-12-10 10:04:25,706 - services.jwt_utils - INFO - SECRET_KEY установлена: Да
2025-12-10 10:04:25,707 - services.jwt_utils - INFO - JWTService инициализирован с настройками: {'access_token_expire_minutes': 500, 'refresh_token_expire_days': 1, 'algorithm': 'HS512'}
2025-12-10 10:04:25,776 - api.auth - INFO - Loaded 1 reset tokens from storage
2025-12-10 10:04:26,363 - chat - INFO - Таблицы успешно созданы или уже существуют.
2025-12-10 10:04:26,363 - chat - INFO - Initializing user statuses for existing chats...
2025-12-10 10:04:26,396 - chat - INFO - User statuses initialized successfully
2025-12-10 10:04:26,437 - api.faqs - INFO - SQLAlchemy version: 2.0.41
2025-12-10 10:04:26,467 - api.faqs - INFO - Текущие столбцы таблицы faqs: ['id', 'question', 'answer', 'category', 'created_at', 'updated_at', 'views_count', 'helpful_count', 'not_helpful_count', 'content_html', 'department', 'is_general']
2025-12-10 11:07:49,003 - services.admin_manager - INFO - 🔧 AdminManager using database: portaladmins_db at localhost:5432
2025-12-10 11:07:49,057 - services.admin_manager - INFO - 📋 Admin table columns: ['id', 'username', 'service_id', 'is_active', 'permissions', 'created_at', 'updated_at', 'email']
2025-12-10 11:07:49,059 - services.admin_manager - WARNING - Таблица 'reset_tokens' не найдена в базе данных
2025-12-10 11:07:49,149 - services.jwt_utils - INFO - JWT Configuration: ALGORITHM=HS256, ACCESS_TOKEN_EXPIRE_MINUTES=1440
2025-12-10 11:07:49,149 - services.jwt_utils - INFO - SECRET_KEY установлена: Да
2025-12-10 11:07:49,150 - services.jwt_utils - INFO - JWTService инициализирован с настройками: {'access_token_expire_minutes': 500, 'refresh_token_expire_days': 1, 'algorithm': 'HS512'}
2025-12-10 11:07:49,228 - api.auth - INFO - Loaded 1 reset tokens from storage
2025-12-10 11:07:49,820 - chat - INFO - Таблицы успешно созданы или уже существуют.
2025-12-10 11:07:49,821 - chat - INFO - Initializing user statuses for existing chats...
2025-12-10 11:07:49,846 - chat - INFO - User statuses initialized successfully
2025-12-10 11:07:49,889 - api.faqs - INFO - SQLAlchemy version: 2.0.41
2025-12-10 11:07:49,919 - api.faqs - INFO - Текущие столбцы таблицы faqs: ['id', 'question', 'answer', 'category', 'created_at', 'updated_at', 'views_count', 'helpful_count', 'not_helpful_count', 'content_html', 'department', 'is_general']
2025-12-10 11:07:57,892 - services.admin_manager - INFO - 🔧 AdminManager using database: portaladmins_db at localhost:5432
2025-12-10 11:07:57,943 - services.admin_manager - INFO - 📋 Admin table columns: ['id', 'username', 'service_id', 'is_active', 'permissions', 'created_at', 'updated_at', 'email']
2025-12-10 11:07:57,945 - services.admin_manager - WARNING - Таблица 'reset_tokens' не найдена в базе данных
2025-12-10 11:07:58,030 - services.jwt_utils - INFO - JWT Configuration: ALGORITHM=HS256, ACCESS_TOKEN_EXPIRE_MINUTES=1440
2025-12-10 11:07:58,030 - services.jwt_utils - INFO - SECRET_KEY установлена: Да
2025-12-10 11:07:58,030 - services.jwt_utils - INFO - JWTService инициализирован с настройками: {'access_token_expire_minutes': 500, 'refresh_token_expire_days': 1, 'algorithm': 'HS512'}
2025-12-10 11:07:58,106 - api.auth - INFO - Loaded 1 reset tokens from storage
2025-12-10 11:07:58,732 - chat - INFO - Таблицы успешно созданы или уже существуют.
2025-12-10 11:07:58,733 - chat - INFO - Initializing user statuses for existing chats...
2025-12-10 11:07:58,760 - chat - INFO - User statuses initialized successfully
2025-12-10 11:07:58,813 - api.faqs - INFO - SQLAlchemy version: 2.0.41
2025-12-10 11:07:58,842 - api.faqs - INFO - Текущие столбцы таблицы faqs: ['id', 'question', 'answer', 'category', 'created_at', 'updated_at', 'views_count', 'helpful_count', 'not_helpful_count', 'content_html', 'department', 'is_general']
2025-12-10 11:14:10,331 - services.admin_manager - INFO - 🔧 AdminManager using database: portaladmins_db at localhost:5432
2025-12-10 11:14:10,384 - services.admin_manager - INFO - 📋 Admin table columns: ['id', 'username', 'service_id', 'is_active', 'permissions', 'created_at', 'updated_at', 'email']
2025-12-10 11:14:10,386 - services.admin_manager - WARNING - Таблица 'reset_tokens' не найдена в базе данных
2025-12-10 11:14:10,463 - services.jwt_utils - INFO - JWT Configuration: ALGORITHM=HS256, ACCESS_TOKEN_EXPIRE_MINUTES=1440
2025-12-10 11:14:10,463 - services.jwt_utils - INFO - SECRET_KEY установлена: Да
2025-12-10 11:14:10,464 - services.jwt_utils - INFO - JWTService инициализирован с настройками: {'access_token_expire_minutes': 500, 'refresh_token_expire_days': 1, 'algorithm': 'HS512'}
2025-12-10 11:14:10,532 - api.auth - INFO - Loaded 1 reset tokens from storage
2025-12-10 11:14:11,093 - chat - INFO - Таблицы успешно созданы или уже существуют.
2025-12-10 11:14:11,093 - chat - INFO - Initializing user statuses for existing chats...
2025-12-10 11:14:11,117 - chat - INFO - User statuses initialized successfully
2025-12-10 11:14:11,156 - api.faqs - INFO - SQLAlchemy version: 2.0.41
2025-12-10 11:14:11,189 - api.faqs - INFO - Текущие столбцы таблицы faqs: ['id', 'question', 'answer', 'category', 'created_at', 'updated_at', 'views_count', 'helpful_count', 'not_helpful_count', 'content_html', 'department', 'is_general']
2025-12-12 10:14:00,419 - services.admin_manager - INFO - 🔧 AdminManager using database: portaladmins_db at localhost:5432
2025-12-12 10:14:00,474 - services.admin_manager - INFO - 📋 Admin table columns: ['id', 'username', 'service_id', 'is_active', 'permissions', 'created_at', 'updated_at', 'email']
2025-12-12 10:14:00,476 - services.admin_manager - WARNING - Таблица 'reset_tokens' не найдена в базе данных
2025-12-12 10:14:00,570 - services.jwt_utils - INFO - JWT Configuration: ALGORITHM=HS256, ACCESS_TOKEN_EXPIRE_MINUTES=1440
2025-12-12 10:14:00,570 - services.jwt_utils - INFO - SECRET_KEY установлена: Да
2025-12-12 10:14:00,571 - services.jwt_utils - INFO - JWTService инициализирован с настройками: {'access_token_expire_minutes': 500, 'refresh_token_expire_days': 1, 'algorithm': 'HS512'}
2025-12-12 10:14:00,660 - api.auth - INFO - Loaded 1 reset tokens from storage
2025-12-12 10:16:58,355 - services.admin_manager - INFO - 🔧 AdminManager using database: portaladmins_db at localhost:5432
2025-12-12 10:16:58,415 - services.admin_manager - INFO - 📋 Admin table columns: ['id', 'username', 'service_id', 'is_active', 'permissions', 'created_at', 'updated_at', 'email']
2025-12-12 10:16:58,418 - services.admin_manager - WARNING - Таблица 'reset_tokens' не найдена в базе данных
2025-12-12 10:16:58,500 - services.jwt_utils - INFO - JWT Configuration: ALGORITHM=HS256, ACCESS_TOKEN_EXPIRE_MINUTES=1440
2025-12-12 10:16:58,501 - services.jwt_utils - INFO - SECRET_KEY установлена: Да
2025-12-12 10:16:58,501 - services.jwt_utils - INFO - JWTService инициализирован с настройками: {'access_token_expire_minutes': 500, 'refresh_token_expire_days': 1, 'algorithm': 'HS512'}
2025-12-12 10:16:58,577 - api.auth - INFO - Loaded 1 reset tokens from storage
2025-12-12 10:17:24,926 - services.admin_manager - INFO - 🔧 AdminManager using database: portaladmins_db at localhost:5432
2025-12-12 10:17:24,982 - services.admin_manager - INFO - 📋 Admin table columns: ['id', 'username', 'service_id', 'is_active', 'permissions', 'created_at', 'updated_at', 'email']
2025-12-12 10:17:24,985 - services.admin_manager - WARNING - Таблица 'reset_tokens' не найдена в базе данных
2025-12-12 10:17:25,071 - services.jwt_utils - INFO - JWT Configuration: ALGORITHM=HS256, ACCESS_TOKEN_EXPIRE_MINUTES=1440
2025-12-12 10:17:25,072 - services.jwt_utils - INFO - SECRET_KEY установлена: Да
2025-12-12 10:17:25,072 - services.jwt_utils - INFO - JWTService инициализирован с настройками: {'access_token_expire_minutes': 500, 'refresh_token_expire_days': 1, 'algorithm': 'HS512'}
2025-12-12 10:17:25,148 - api.auth - INFO - Loaded 1 reset tokens from storage
2025-12-12 10:18:11,336 - services.admin_manager - INFO - 🔧 AdminManager using database: portaladmins_db at localhost:5432
2025-12-12 10:18:11,388 - services.admin_manager - INFO - 📋 Admin table columns: ['id', 'username', 'service_id', 'is_active', 'permissions', 'created_at', 'updated_at', 'email']
2025-12-12 10:18:11,390 - services.admin_manager - WARNING - Таблица 'reset_tokens' не найдена в базе данных
2025-12-12 10:18:11,470 - services.jwt_utils - INFO - JWT Configuration: ALGORITHM=HS256, ACCESS_TOKEN_EXPIRE_MINUTES=1440
2025-12-12 10:18:11,470 - services.jwt_utils - INFO - SECRET_KEY установлена: Да
2025-12-12 10:18:11,471 - services.jwt_utils - INFO - JWTService инициализирован с настройками: {'access_token_expire_minutes': 500, 'refresh_token_expire_days': 1, 'algorithm': 'HS512'}
2025-12-12 10:18:11,547 - api.auth - INFO - Loaded 1 reset tokens from storage
2025-12-12 10:19:13,383 - services.admin_manager - INFO - 🔧 AdminManager using database: portaladmins_db at localhost:5432
2025-12-12 10:19:13,437 - services.admin_manager - INFO - 📋 Admin table columns: ['id', 'username', 'service_id', 'is_active', 'permissions', 'created_at', 'updated_at', 'email']
2025-12-12 10:19:13,439 - services.admin_manager - WARNING - Таблица 'reset_tokens' не найдена в базе данных
2025-12-12 10:19:13,520 - services.jwt_utils - INFO - JWT Configuration: ALGORITHM=HS256, ACCESS_TOKEN_EXPIRE_MINUTES=1440
2025-12-12 10:19:13,520 - services.jwt_utils - INFO - SECRET_KEY установлена: Да
2025-12-12 10:19:13,520 - services.jwt_utils - INFO - JWTService инициализирован с настройками: {'access_token_expire_minutes': 500, 'refresh_token_expire_days': 1, 'algorithm': 'HS512'}
2025-12-12 10:19:13,591 - api.auth - INFO - Loaded 1 reset tokens from storage
2025-12-12 10:19:14,193 - chat - INFO - Таблицы успешно созданы или уже существуют.
2025-12-12 10:19:14,194 - chat - INFO - Initializing user statuses for existing chats...
2025-12-12 10:19:14,221 - chat - INFO - User statuses initialized successfully
2025-12-12 10:19:14,261 - api.faqs - INFO - SQLAlchemy version: 2.0.41
2025-12-12 10:19:14,292 - api.faqs - INFO - Текущие столбцы таблицы faqs: ['id', 'question', 'answer', 'category', 'created_at', 'updated_at', 'views_count', 'helpful_count', 'not_helpful_count', 'content_html', 'department', 'is_general']
2025-12-12 10:24:01,221 - services.admin_manager - INFO - 🔧 AdminManager using database: portaladmins_db at localhost:5432
2025-12-12 10:24:01,275 - services.admin_manager - INFO - 📋 Admin table columns: ['id', 'username', 'service_id', 'is_active', 'permissions', 'created_at', 'updated_at', 'email']
2025-12-12 10:24:01,277 - services.admin_manager - WARNING - Таблица 'reset_tokens' не найдена в базе данных
2025-12-12 10:24:01,357 - services.jwt_utils - INFO - JWT Configuration: ALGORITHM=HS256, ACCESS_TOKEN_EXPIRE_MINUTES=1440
2025-12-12 10:24:01,358 - services.jwt_utils - INFO - SECRET_KEY установлена: Да
2025-12-12 10:24:01,358 - services.jwt_utils - INFO - JWTService инициализирован с настройками: {'access_token_expire_minutes': 500, 'refresh_token_expire_days': 1, 'algorithm': 'HS512'}
2025-12-12 10:24:01,432 - api.auth - INFO - Loaded 1 reset tokens from storage
2025-12-12 10:24:02,021 - chat - INFO - Таблицы успешно созданы или уже существуют.
2025-12-12 10:24:02,021 - chat - INFO - Initializing user statuses for existing chats...
2025-12-12 10:24:02,051 - chat - INFO - User statuses initialized successfully
2025-12-12 10:24:02,095 - api.faqs - INFO - SQLAlchemy version: 2.0.41
2025-12-12 10:24:02,128 - api.faqs - INFO - Текущие столбцы таблицы faqs: ['id', 'question', 'answer', 'category', 'created_at', 'updated_at', 'views_count', 'helpful_count', 'not_helpful_count', 'content_html', 'department', 'is_general']
2025-12-12 10:24:08,754 - services.admin_manager - INFO - 🔧 AdminManager using database: portaladmins_db at localhost:5432
2025-12-12 10:24:08,817 - services.admin_manager - INFO - 📋 Admin table columns: ['id', 'username', 'service_id', 'is_active', 'permissions', 'created_at', 'updated_at', 'email']
2025-12-12 10:24:08,820 - services.admin_manager - WARNING - Таблица 'reset_tokens' не найдена в базе данных
2025-12-12 10:24:08,909 - services.jwt_utils - INFO - JWT Configuration: ALGORITHM=HS256, ACCESS_TOKEN_EXPIRE_MINUTES=1440
2025-12-12 10:24:08,909 - services.jwt_utils - INFO - SECRET_KEY установлена: Да
2025-12-12 10:24:08,910 - services.jwt_utils - INFO - JWTService инициализирован с настройками: {'access_token_expire_minutes': 500, 'refresh_token_expire_days': 1, 'algorithm': 'HS512'}
2025-12-12 10:24:08,984 - api.auth - INFO - Loaded 1 reset tokens from storage
2025-12-12 10:24:09,572 - chat - INFO - Таблицы успешно созданы или уже существуют.
2025-12-12 10:24:09,572 - chat - INFO - Initializing user statuses for existing chats...
2025-12-12 10:24:09,597 - chat - INFO - User statuses initialized successfully
2025-12-12 10:24:09,638 - api.faqs - INFO - SQLAlchemy version: 2.0.41
2025-12-12 10:24:09,669 - api.faqs - INFO - Текущие столбцы таблицы faqs: ['id', 'question', 'answer', 'category', 'created_at', 'updated_at', 'views_count', 'helpful_count', 'not_helpful_count', 'content_html', 'department', 'is_general']
2025-12-12 10:32:14,356 - services.admin_manager - INFO - 🔧 AdminManager using database: portaladmins_db at localhost:5432
2025-12-12 10:32:14,407 - services.admin_manager - INFO - 📋 Admin table columns: ['id', 'username', 'service_id', 'is_active', 'permissions', 'created_at', 'updated_at', 'email']
2025-12-12 10:32:14,409 - services.admin_manager - WARNING - Таблица 'reset_tokens' не найдена в базе данных
2025-12-12 10:32:14,492 - services.jwt_utils - INFO - JWT Configuration: ALGORITHM=HS256, ACCESS_TOKEN_EXPIRE_MINUTES=1440
2025-12-12 10:32:14,492 - services.jwt_utils - INFO - SECRET_KEY установлена: Да
2025-12-12 10:32:14,493 - services.jwt_utils - INFO - JWTService инициализирован с настройками: {'access_token_expire_minutes': 500, 'refresh_token_expire_days': 1, 'algorithm': 'HS512'}
2025-12-12 10:33:22,726 - services.admin_manager - INFO - 🔧 AdminManager using database: portaladmins_db at localhost:5432
2025-12-12 10:33:22,789 - services.admin_manager - INFO - 📋 Admin table columns: ['id', 'username', 'service_id', 'is_active', 'permissions', 'created_at', 'updated_at', 'email']
2025-12-12 10:33:22,791 - services.admin_manager - WARNING - Таблица 'reset_tokens' не найдена в базе данных
2025-12-12 10:33:22,875 - services.jwt_utils - INFO - JWT Configuration: ALGORITHM=HS256, ACCESS_TOKEN_EXPIRE_MINUTES=1440
2025-12-12 10:33:22,875 - services.jwt_utils - INFO - SECRET_KEY установлена: Да
2025-12-12 10:33:22,875 - services.jwt_utils - INFO - JWTService инициализирован с настройками: {'access_token_expire_minutes': 500, 'refresh_token_expire_days': 1, 'algorithm': 'HS512'}
2025-12-12 10:45:56,972 - services.admin_manager - INFO - 🔧 AdminManager using database: portaladmins_db at localhost:5432
2025-12-12 10:45:57,028 - services.admin_manager - INFO - 📋 Admin table columns: ['id', 'username', 'service_id', 'is_active', 'permissions', 'created_at', 'updated_at', 'email']
2025-12-12 10:45:57,031 - services.admin_manager - WARNING - Таблица 'reset_tokens' не найдена в базе данных
2025-12-12 10:45:57,111 - services.jwt_utils - INFO - JWT Configuration: ALGORITHM=HS256, ACCESS_TOKEN_EXPIRE_MINUTES=1440
2025-12-12 10:45:57,111 - services.jwt_utils - INFO - SECRET_KEY установлена: Да
2025-12-12 10:45:57,111 - services.jwt_utils - INFO - JWTService инициализирован с настройками: {'access_token_expire_minutes': 500, 'refresh_token_expire_days': 1, 'algorithm': 'HS512'}
2025-12-12 10:47:54,992 - services.admin_manager - INFO - 🔧 AdminManager using database: portaladmins_db at localhost:5432
2025-12-12 10:47:55,057 - services.admin_manager - INFO - 📋 Admin table columns: ['id', 'username', 'service_id', 'is_active', 'permissions', 'created_at', 'updated_at', 'email']
2025-12-12 10:47:55,059 - services.admin_manager - WARNING - Таблица 'reset_tokens' не найдена в базе данных
2025-12-12 10:47:55,149 - services.jwt_utils - INFO - JWT Configuration: ALGORITHM=HS256, ACCESS_TOKEN_EXPIRE_MINUTES=1440
2025-12-12 10:47:55,149 - services.jwt_utils - INFO - SECRET_KEY установлена: Да
2025-12-12 10:47:55,149 - services.jwt_utils - INFO - JWTService инициализирован с настройками: {'access_token_expire_minutes': 500, 'refresh_token_expire_days': 1, 'algorithm': 'HS512'}
2025-12-12 10:47:59,925 - services.admin_manager - INFO - 🔧 AdminManager using database: portaladmins_db at localhost:5432
2025-12-12 10:47:59,981 - services.admin_manager - INFO - 📋 Admin table columns: ['id', 'username', 'service_id', 'is_active', 'permissions', 'created_at', 'updated_at', 'email']
2025-12-12 10:47:59,983 - services.admin_manager - WARNING - Таблица 'reset_tokens' не найдена в базе данных
2025-12-12 10:48:00,078 - services.jwt_utils - INFO - JWT Configuration: ALGORITHM=HS256, ACCESS_TOKEN_EXPIRE_MINUTES=1440
2025-12-12 10:48:00,079 - services.jwt_utils - INFO - SECRET_KEY установлена: Да
2025-12-12 10:48:00,079 - services.jwt_utils - INFO - JWTService инициализирован с настройками: {'access_token_expire_minutes': 500, 'refresh_token_expire_days': 1, 'algorithm': 'HS512'}
2025-12-12 10:48:09,276 - services.admin_manager - INFO - 🔧 AdminManager using database: portaladmins_db at localhost:5432
2025-12-12 10:48:09,338 - services.admin_manager - INFO - 📋 Admin table columns: ['id', 'username', 'service_id', 'is_active', 'permissions', 'created_at', 'updated_at', 'email']
2025-12-12 10:48:09,342 - services.admin_manager - WARNING - Таблица 'reset_tokens' не найдена в базе данных
2025-12-12 10:48:09,431 - services.jwt_utils - INFO - JWT Configuration: ALGORITHM=HS256, ACCESS_TOKEN_EXPIRE_MINUTES=1440
2025-12-12 10:48:09,431 - services.jwt_utils - INFO - SECRET_KEY установлена: Да
2025-12-12 10:48:09,431 - services.jwt_utils - INFO - JWTService инициализирован с настройками: {'access_token_expire_minutes': 500, 'refresh_token_expire_days': 1, 'algorithm': 'HS512'}
2025-12-12 10:48:12,260 - services.admin_manager - INFO - 🔧 AdminManager using database: portaladmins_db at localhost:5432
2025-12-12 10:48:12,316 - services.admin_manager - INFO - 📋 Admin table columns: ['id', 'username', 'service_id', 'is_active', 'permissions', 'created_at', 'updated_at', 'email']
2025-12-12 10:48:12,320 - services.admin_manager - WARNING - Таблица 'reset_tokens' не найдена в базе данных
2025-12-12 10:48:12,401 - services.jwt_utils - INFO - JWT Configuration: ALGORITHM=HS256, ACCESS_TOKEN_EXPIRE_MINUTES=1440
2025-12-12 10:48:12,401 - services.jwt_utils - INFO - SECRET_KEY установлена: Да
2025-12-12 10:48:12,402 - services.jwt_utils - INFO - JWTService инициализирован с настройками: {'access_token_expire_minutes': 500, 'refresh_token_expire_days': 1, 'algorithm': 'HS512'}
2025-12-12 10:49:50,079 - services.admin_manager - INFO - 🔧 AdminManager using database: portaladmins_db at localhost:5432
2025-12-12 10:49:50,139 - services.admin_manager - INFO - 📋 Admin table columns: ['id', 'username', 'service_id', 'is_active', 'permissions', 'created_at', 'updated_at', 'email']
2025-12-12 10:49:50,141 - services.admin_manager - WARNING - Таблица 'reset_tokens' не найдена в базе данных
2025-12-12 10:49:50,222 - services.jwt_utils - INFO - JWT Configuration: ALGORITHM=HS256, ACCESS_TOKEN_EXPIRE_MINUTES=1440
2025-12-12 10:49:50,222 - services.jwt_utils - INFO - SECRET_KEY установлена: Да
2025-12-12 10:49:50,222 - services.jwt_utils - INFO - JWTService инициализирован с настройками: {'access_token_expire_minutes': 500, 'refresh_token_expire_days': 1, 'algorithm': 'HS512'}
2025-12-12 10:50:08,347 - services.admin_manager - INFO - 🔧 AdminManager using database: portaladmins_db at localhost:5432
2025-12-12 10:50:08,411 - services.admin_manager - INFO - 📋 Admin table columns: ['id', 'username', 'service_id', 'is_active', 'permissions', 'created_at', 'updated_at', 'email']
2025-12-12 10:50:08,414 - services.admin_manager - WARNING - Таблица 'reset_tokens' не найдена в базе данных
2025-12-12 10:50:08,497 - services.jwt_utils - INFO - JWT Configuration: ALGORITHM=HS256, ACCESS_TOKEN_EXPIRE_MINUTES=1440
2025-12-12 10:50:08,497 - services.jwt_utils - INFO - SECRET_KEY установлена: Да
2025-12-12 10:50:08,498 - services.jwt_utils - INFO - JWTService инициализирован с настройками: {'access_token_expire_minutes': 500, 'refresh_token_expire_days': 1, 'algorithm': 'HS512'}
2025-12-12 10:50:45,168 - services.admin_manager - INFO - 🔧 AdminManager using database: portaladmins_db at localhost:5432
2025-12-12 10:50:45,225 - services.admin_manager - INFO - 📋 Admin table columns: ['id', 'username', 'service_id', 'is_active', 'permissions', 'created_at', 'updated_at', 'email']
2025-12-12 10:50:45,227 - services.admin_manager - WARNING - Таблица 'reset_tokens' не найдена в базе данных
2025-12-12 10:50:45,309 - services.jwt_utils - INFO - JWT Configuration: ALGORITHM=HS256, ACCESS_TOKEN_EXPIRE_MINUTES=1440
2025-12-12 10:50:45,309 - services.jwt_utils - INFO - SECRET_KEY установлена: Да
2025-12-12 10:50:45,310 - services.jwt_utils - INFO - JWTService инициализирован с настройками: {'access_token_expire_minutes': 500, 'refresh_token_expire_days': 1, 'algorithm': 'HS512'}
2025-12-12 10:51:06,353 - services.admin_manager - INFO - 🔧 AdminManager using database: portaladmins_db at localhost:5432
2025-12-12 10:51:06,409 - services.admin_manager - INFO - 📋 Admin table columns: ['id', 'username', 'service_id', 'is_active', 'permissions', 'created_at', 'updated_at', 'email']
2025-12-12 10:51:06,412 - services.admin_manager - WARNING - Таблица 'reset_tokens' не найдена в базе данных
2025-12-12 10:51:06,494 - services.jwt_utils - INFO - JWT Configuration: ALGORITHM=HS256, ACCESS_TOKEN_EXPIRE_MINUTES=1440
2025-12-12 10:51:06,494 - services.jwt_utils - INFO - SECRET_KEY установлена: Да
2025-12-12 10:51:06,495 - services.jwt_utils - INFO - JWTService инициализирован с настройками: {'access_token_expire_minutes': 500, 'refresh_token_expire_days': 1, 'algorithm': 'HS512'}
2025-12-12 10:51:07,436 - services.admin_manager - INFO - 🔧 AdminManager using database: portaladmins_db at localhost:5432
2025-12-12 10:51:07,485 - services.admin_manager - INFO - 📋 Admin table columns: ['id', 'username', 'service_id', 'is_active', 'permissions', 'created_at', 'updated_at', 'email']
2025-12-12 10:51:07,487 - services.admin_manager - WARNING - Таблица 'reset_tokens' не найдена в базе данных
2025-12-12 10:51:07,566 - services.jwt_utils - INFO - JWT Configuration: ALGORITHM=HS256, ACCESS_TOKEN_EXPIRE_MINUTES=1440
2025-12-12 10:51:07,566 - services.jwt_utils - INFO - SECRET_KEY установлена: Да
2025-12-12 10:51:07,567 - services.jwt_utils - INFO - JWTService инициализирован с настройками: {'access_token_expire_minutes': 500, 'refresh_token_expire_days': 1, 'algorithm': 'HS512'}
2025-12-12 10:51:09,836 - services.admin_manager - INFO - 🔧 AdminManager using database: portaladmins_db at localhost:5432
2025-12-12 10:51:09,888 - services.admin_manager - INFO - 📋 Admin table columns: ['id', 'username', 'service_id', 'is_active', 'permissions', 'created_at', 'updated_at', 'email']
2025-12-12 10:51:09,890 - services.admin_manager - WARNING - Таблица 'reset_tokens' не найдена в базе данных
2025-12-12 10:51:09,973 - services.jwt_utils - INFO - JWT Configuration: ALGORITHM=HS256, ACCESS_TOKEN_EXPIRE_MINUTES=1440
2025-12-12 10:51:09,974 - services.jwt_utils - INFO - SECRET_KEY установлена: Да
2025-12-12 10:51:09,974 - services.jwt_utils - INFO - JWTService инициализирован с настройками: {'access_token_expire_minutes': 500, 'refresh_token_expire_days': 1, 'algorithm': 'HS512'}
2025-12-12 10:52:40,578 - services.admin_manager - INFO - 🔧 AdminManager using database: portaladmins_db at localhost:5432
2025-12-12 10:52:40,629 - services.admin_manager - INFO - 📋 Admin table columns: ['id', 'username', 'service_id', 'is_active', 'permissions', 'created_at', 'updated_at', 'email']
2025-12-12 10:52:40,631 - services.admin_manager - WARNING - Таблица 'reset_tokens' не найдена в базе данных
2025-12-12 10:52:40,712 - services.jwt_utils - INFO - JWT Configuration: ALGORITHM=HS256, ACCESS_TOKEN_EXPIRE_MINUTES=1440
2025-12-12 10:52:40,712 - services.jwt_utils - INFO - SECRET_KEY установлена: Да
2025-12-12 10:52:40,713 - services.jwt_utils - INFO - JWTService инициализирован с настройками: {'access_token_expire_minutes': 500, 'refresh_token_expire_days': 1, 'algorithm': 'HS512'}
2025-12-12 10:53:34,150 - services.admin_manager - INFO - 🔧 AdminManager using database: portaladmins_db at localhost:5432
2025-12-12 10:53:34,206 - services.admin_manager - INFO - 📋 Admin table columns: ['id', 'username', 'service_id', 'is_active', 'permissions', 'created_at', 'updated_at', 'email']
2025-12-12 10:53:34,209 - services.admin_manager - WARNING - Таблица 'reset_tokens' не найдена в базе данных
2025-12-12 10:53:34,289 - services.jwt_utils - INFO - JWT Configuration: ALGORITHM=HS256, ACCESS_TOKEN_EXPIRE_MINUTES=1440
2025-12-12 10:53:34,289 - services.jwt_utils - INFO - SECRET_KEY установлена: Да
2025-12-12 10:53:34,290 - services.jwt_utils - INFO - JWTService инициализирован с настройками: {'access_token_expire_minutes': 500, 'refresh_token_expire_days': 1, 'algorithm': 'HS512'}
2025-12-12 10:53:34,366 - api.auth - INFO - Loaded 1 reset tokens from storage
2025-12-12 10:53:34,961 - chat - INFO - Таблицы успешно созданы или уже существуют.
2025-12-12 10:53:34,961 - chat - INFO - Initializing user statuses for existing chats...
2025-12-12 10:53:34,991 - chat - INFO - User statuses initialized successfully
2025-12-12 10:53:35,031 - api.faqs - INFO - SQLAlchemy version: 2.0.41
2025-12-12 10:53:35,060 - api.faqs - INFO - Текущие столбцы таблицы faqs: ['id', 'question', 'answer', 'category', 'created_at', 'updated_at', 'views_count', 'helpful_count', 'not_helpful_count', 'content_html', 'department', 'is_general']
2025-12-12 10:54:12,684 - services.admin_manager - INFO - 🔧 AdminManager using database: portaladmins_db at localhost:5432
2025-12-12 10:54:12,735 - services.admin_manager - INFO - 📋 Admin table columns: ['id', 'username', 'service_id', 'is_active', 'permissions', 'created_at', 'updated_at', 'email']
2025-12-12 10:54:12,738 - services.admin_manager - WARNING - Таблица 'reset_tokens' не найдена в базе данных
2025-12-12 10:54:12,817 - services.jwt_utils - INFO - JWT Configuration: ALGORITHM=HS256, ACCESS_TOKEN_EXPIRE_MINUTES=1440
2025-12-12 10:54:12,817 - services.jwt_utils - INFO - SECRET_KEY установлена: Да
2025-12-12 10:54:12,818 - services.jwt_utils - INFO - JWTService инициализирован с настройками: {'access_token_expire_minutes': 500, 'refresh_token_expire_days': 1, 'algorithm': 'HS512'}
2025-12-12 10:54:12,891 - api.auth - INFO - Loaded 1 reset tokens from storage
2025-12-12 10:54:13,480 - chat - INFO - Таблицы успешно созданы или уже существуют.
2025-12-12 10:54:13,481 - chat - INFO - Initializing user statuses for existing chats...
2025-12-12 10:54:13,508 - chat - INFO - User statuses initialized successfully
2025-12-12 10:54:13,552 - api.faqs - INFO - SQLAlchemy version: 2.0.41
2025-12-12 10:54:29,612 - services.admin_manager - INFO - 🔧 AdminManager using database: portaladmins_db at localhost:5432
2025-12-12 10:54:29,668 - services.admin_manager - INFO - 📋 Admin table columns: ['id', 'username', 'service_id', 'is_active', 'permissions', 'created_at', 'updated_at', 'email']
2025-12-12 10:54:29,670 - services.admin_manager - WARNING - Таблица 'reset_tokens' не найдена в базе данных
2025-12-12 10:54:29,750 - services.jwt_utils - INFO - JWT Configuration: ALGORITHM=HS256, ACCESS_TOKEN_EXPIRE_MINUTES=1440
2025-12-12 10:54:29,750 - services.jwt_utils - INFO - SECRET_KEY установлена: Да
2025-12-12 10:54:29,750 - services.jwt_utils - INFO - JWTService инициализирован с настройками: {'access_token_expire_minutes': 500, 'refresh_token_expire_days': 1, 'algorithm': 'HS512'}
2025-12-12 10:54:29,831 - api.auth - INFO - Loaded 1 reset tokens from storage
2025-12-12 10:54:30,414 - chat - INFO - Таблицы успешно созданы или уже существуют.
2025-12-12 10:54:30,415 - chat - INFO - Initializing user statuses for existing chats...
2025-12-12 10:54:30,443 - chat - INFO - User statuses initialized successfully
2025-12-12 10:54:30,493 - api.faqs - INFO - SQLAlchemy version: 2.0.41
2025-12-12 10:54:30,523 - api.faqs - INFO - Текущие столбцы таблицы faqs: ['id', 'question', 'answer', 'category', 'created_at', 'updated_at', 'views_count', 'helpful_count', 'not_helpful_count', 'content_html', 'department', 'is_general']
2025-12-12 11:00:57,603 - services.admin_manager - INFO - 🔧 AdminManager using database: portaladmins_db at localhost:5432
2025-12-12 11:00:57,666 - services.admin_manager - INFO - 📋 Admin table columns: ['id', 'username', 'service_id', 'is_active', 'permissions', 'created_at', 'updated_at', 'email']
2025-12-12 11:00:57,669 - services.admin_manager - WARNING - Таблица 'reset_tokens' не найдена в базе данных
2025-12-12 11:00:57,766 - services.jwt_utils - INFO - JWT Configuration: ALGORITHM=HS256, ACCESS_TOKEN_EXPIRE_MINUTES=1440
2025-12-12 11:00:57,766 - services.jwt_utils - INFO - SECRET_KEY установлена: Да
2025-12-12 11:00:57,766 - services.jwt_utils - INFO - JWTService инициализирован с настройками: {'access_token_expire_minutes': 500, 'refresh_token_expire_days': 1, 'algorithm': 'HS512'}
2025-12-12 11:00:57,847 - api.auth - INFO - Loaded 1 reset tokens from storage
2025-12-12 11:00:58,569 - chat - INFO - Таблицы успешно созданы или уже существуют.
2025-12-12 11:00:58,569 - chat - INFO - Initializing user statuses for existing chats...
2025-12-12 11:00:58,607 - chat - INFO - User statuses initialized successfully
2025-12-12 11:00:58,655 - api.faqs - INFO - SQLAlchemy version: 2.0.41
2025-12-12 11:00:58,694 - api.faqs - INFO - Текущие столбцы таблицы faqs: ['id', 'question', 'answer', 'category', 'created_at', 'updated_at', 'views_count', 'helpful_count', 'not_helpful_count', 'content_html', 'department', 'is_general']
2025-12-12 11:01:10,203 - services.admin_manager - INFO - 🔧 AdminManager using database: portaladmins_db at localhost:5432
2025-12-12 11:01:10,260 - services.admin_manager - INFO - 📋 Admin table columns: ['id', 'username', 'service_id', 'is_active', 'permissions', 'created_at', 'updated_at', 'email']
2025-12-12 11:01:10,262 - services.admin_manager - WARNING - Таблица 'reset_tokens' не найдена в базе данных
2025-12-12 11:01:10,351 - services.jwt_utils - INFO - JWT Configuration: ALGORITHM=HS256, ACCESS_TOKEN_EXPIRE_MINUTES=1440
2025-12-12 11:01:10,351 - services.jwt_utils - INFO - SECRET_KEY установлена: Да
2025-12-12 11:01:10,352 - services.jwt_utils - INFO - JWTService инициализирован с настройками: {'access_token_expire_minutes': 500, 'refresh_token_expire_days': 1, 'algorithm': 'HS512'}
2025-12-12 11:01:10,438 - api.auth - INFO - Loaded 1 reset tokens from storage
2025-12-12 11:01:11,086 - chat - INFO - Таблицы успешно созданы или уже существуют.
2025-12-12 11:01:11,087 - chat - INFO - Initializing user statuses for existing chats...
2025-12-12 11:01:11,115 - chat - INFO - User statuses initialized successfully
2025-12-12 11:01:11,158 - api.faqs - INFO - SQLAlchemy version: 2.0.41
2025-12-12 11:01:11,190 - api.faqs - INFO - Текущие столбцы таблицы faqs: ['id', 'question', 'answer', 'category', 'created_at', 'updated_at', 'views_count', 'helpful_count', 'not_helpful_count', 'content_html', 'department', 'is_general']
2025-12-12 11:04:17,358 - services.admin_manager - INFO - 🔧 AdminManager using database: portaladmins_db at localhost:5432
2025-12-12 11:04:17,412 - services.admin_manager - INFO - 📋 Admin table columns: ['id', 'username', 'service_id', 'is_active', 'permissions', 'created_at', 'updated_at', 'email']
2025-12-12 11:04:17,415 - services.admin_manager - WARNING - Таблица 'reset_tokens' не найдена в базе данных
2025-12-12 11:04:17,495 - services.jwt_utils - INFO - JWT Configuration: ALGORITHM=HS256, ACCESS_TOKEN_EXPIRE_MINUTES=1440
2025-12-12 11:04:17,495 - services.jwt_utils - INFO - SECRET_KEY установлена: Да
2025-12-12 11:04:17,495 - services.jwt_utils - INFO - JWTService инициализирован с настройками: {'access_token_expire_minutes': 500, 'refresh_token_expire_days': 1, 'algorithm': 'HS512'}
2025-12-12 11:04:17,570 - api.auth - INFO - Loaded 1 reset tokens from storage
2025-12-12 11:04:18,180 - chat - INFO - Таблицы успешно созданы или уже существуют.
2025-12-12 11:04:18,180 - chat - INFO - Initializing user statuses for existing chats...
2025-12-12 11:04:18,206 - chat - INFO - User statuses initialized successfully
2025-12-12 11:04:18,247 - api.faqs - INFO - SQLAlchemy version: 2.0.41
2025-12-12 11:04:18,278 - api.faqs - INFO - Текущие столбцы таблицы faqs: ['id', 'question', 'answer', 'category', 'created_at', 'updated_at', 'views_count', 'helpful_count', 'not_helpful_count', 'content_html', 'department', 'is_general']
2025-12-12 11:04:53,437 - services.admin_manager - INFO - 🔧 AdminManager using database: portaladmins_db at localhost:5432
2025-12-12 11:04:53,490 - services.admin_manager - INFO - 📋 Admin table columns: ['id', 'username', 'service_id', 'is_active', 'permissions', 'created_at', 'updated_at', 'email']
2025-12-12 11:04:53,492 - services.admin_manager - WARNING - Таблица 'reset_tokens' не найдена в базе данных
2025-12-12 11:04:53,573 - services.jwt_utils - INFO - JWT Configuration: ALGORITHM=HS256, ACCESS_TOKEN_EXPIRE_MINUTES=1440
2025-12-12 11:04:53,573 - services.jwt_utils - INFO - SECRET_KEY установлена: Да
2025-12-12 11:04:53,573 - services.jwt_utils - INFO - JWTService инициализирован с настройками: {'access_token_expire_minutes': 500, 'refresh_token_expire_days': 1, 'algorithm': 'HS512'}
2025-12-12 11:04:53,646 - api.auth - INFO - Loaded 1 reset tokens from storage
2025-12-12 11:04:54,246 - chat - INFO - Таблицы успешно созданы или уже существуют.
2025-12-12 11:04:54,247 - chat - INFO - Initializing user statuses for existing chats...
2025-12-12 11:04:54,275 - chat - INFO - User statuses initialized successfully
2025-12-12 11:04:54,322 - api.faqs - INFO - SQLAlchemy version: 2.0.41
2025-12-12 11:04:54,354 - api.faqs - INFO - Текущие столбцы таблицы faqs: ['id', 'question', 'answer', 'category', 'created_at', 'updated_at', 'views_count', 'helpful_count', 'not_helpful_count', 'content_html', 'department', 'is_general']
2025-12-12 11:04:56,631 - services.admin_manager - INFO - 🔧 AdminManager using database: portaladmins_db at localhost:5432
2025-12-12 11:04:56,686 - services.admin_manager - INFO - 📋 Admin table columns: ['id', 'username', 'service_id', 'is_active', 'permissions', 'created_at', 'updated_at', 'email']
2025-12-12 11:04:56,689 - services.admin_manager - WARNING - Таблица 'reset_tokens' не найдена в базе данных
2025-12-12 11:04:56,774 - services.jwt_utils - INFO - JWT Configuration: ALGORITHM=HS256, ACCESS_TOKEN_EXPIRE_MINUTES=1440
2025-12-12 11:04:56,774 - services.jwt_utils - INFO - SECRET_KEY установлена: Да
2025-12-12 11:04:56,775 - services.jwt_utils - INFO - JWTService инициализирован с настройками: {'access_token_expire_minutes': 500, 'refresh_token_expire_days': 1, 'algorithm': 'HS512'}
2025-12-12 11:04:56,851 - api.auth - INFO - Loaded 1 reset tokens from storage
2025-12-12 11:04:57,447 - chat - INFO - Таблицы успешно созданы или уже существуют.
2025-12-12 11:04:57,447 - chat - INFO - Initializing user statuses for existing chats...
2025-12-12 11:04:57,473 - chat - INFO - User statuses initialized successfully
2025-12-12 11:04:57,514 - api.faqs - INFO - SQLAlchemy version: 2.0.41
2025-12-12 11:04:57,548 - api.faqs - INFO - Текущие столбцы таблицы faqs: ['id', 'question', 'answer', 'category', 'created_at', 'updated_at', 'views_count', 'helpful_count', 'not_helpful_count', 'content_html', 'department', 'is_general']
2025-12-12 11:07:10,710 - services.admin_manager - INFO - 🔧 AdminManager using database: portaladmins_db at localhost:5432
2025-12-12 11:07:10,771 - services.admin_manager - INFO - 📋 Admin table columns: ['id', 'username', 'service_id', 'is_active', 'permissions', 'created_at', 'updated_at', 'email']
2025-12-12 11:07:10,773 - services.admin_manager - WARNING - Таблица 'reset_tokens' не найдена в базе данных
2025-12-12 11:07:10,855 - services.jwt_utils - INFO - JWT Configuration: ALGORITHM=HS256, ACCESS_TOKEN_EXPIRE_MINUTES=1440
2025-12-12 11:07:10,855 - services.jwt_utils - INFO - SECRET_KEY установлена: Да
2025-12-12 11:07:10,855 - services.jwt_utils - INFO - JWTService инициализирован с настройками: {'access_token_expire_minutes': 500, 'refresh_token_expire_days': 1, 'algorithm': 'HS512'}
2025-12-12 11:07:11,002 - api.auth - INFO - Loaded 1 reset tokens from storage
2025-12-12 11:07:11,601 - chat - INFO - Таблицы успешно созданы или уже существуют.
2025-12-12 11:07:11,602 - chat - INFO - Initializing user statuses for existing chats...
2025-12-12 11:07:11,628 - chat - INFO - User statuses initialized successfully
2025-12-12 11:07:11,669 - api.faqs - INFO - SQLAlchemy version: 2.0.41
2025-12-12 11:07:11,703 - api.faqs - INFO - Текущие столбцы таблицы faqs: ['id', 'question', 'answer', 'category', 'created_at', 'updated_at', 'views_count', 'helpful_count', 'not_helpful_count', 'content_html', 'department', 'is_general']
2025-12-12 11:07:22,460 - services.admin_manager - INFO - 🔧 AdminManager using database: portaladmins_db at localhost:5432
2025-12-12 11:07:22,517 - services.admin_manager - INFO - 📋 Admin table columns: ['id', 'username', 'service_id', 'is_active', 'permissions', 'created_at', 'updated_at', 'email']
2025-12-12 11:07:22,519 - services.admin_manager - WARNING - Таблица 'reset_tokens' не найдена в базе данных
2025-12-12 11:07:22,597 - services.jwt_utils - INFO - JWT Configuration: ALGORITHM=HS256, ACCESS_TOKEN_EXPIRE_MINUTES=1440
2025-12-12 11:07:22,597 - services.jwt_utils - INFO - SECRET_KEY установлена: Да
2025-12-12 11:07:22,597 - services.jwt_utils - INFO - JWTService инициализирован с настройками: {'access_token_expire_minutes': 500, 'refresh_token_expire_days': 1, 'algorithm': 'HS512'}
2025-12-12 11:07:22,728 - api.auth - INFO - Loaded 1 reset tokens from storage
2025-12-12 11:07:23,304 - chat - INFO - Таблицы успешно созданы или уже существуют.
2025-12-12 11:07:23,304 - chat - INFO - Initializing user statuses for existing chats...
2025-12-12 11:07:23,331 - chat - INFO - User statuses initialized successfully
2025-12-12 11:07:23,372 - api.faqs - INFO - SQLAlchemy version: 2.0.41
2025-12-12 11:07:23,402 - api.faqs - INFO - Текущие столбцы таблицы faqs: ['id', 'question', 'answer', 'category', 'created_at', 'updated_at', 'views_count', 'helpful_count', 'not_helpful_count', 'content_html', 'department', 'is_general']
2025-12-12 11:09:14,245 - services.admin_manager - INFO - 🔧 AdminManager using database: portaladmins_db at localhost:5432
2025-12-12 11:09:14,306 - services.admin_manager - INFO - 📋 Admin table columns: ['id', 'username', 'service_id', 'is_active', 'permissions', 'created_at', 'updated_at', 'email']
2025-12-12 11:09:14,308 - services.admin_manager - WARNING - Таблица 'reset_tokens' не найдена в базе данных
2025-12-12 11:09:14,391 - services.jwt_utils - INFO - JWT Configuration: ALGORITHM=HS256, ACCESS_TOKEN_EXPIRE_MINUTES=1440
2025-12-12 11:09:14,392 - services.jwt_utils - INFO - SECRET_KEY установлена: Да
2025-12-12 11:09:14,392 - services.jwt_utils - INFO - JWTService инициализирован с настройками: {'access_token_expire_minutes': 500, 'refresh_token_expire_days': 1, 'algorithm': 'HS512'}
2025-12-12 11:09:14,529 - api.auth - INFO - Loaded 1 reset tokens from storage
2025-12-12 11:09:15,121 - chat - INFO - Таблицы успешно созданы или уже существуют.
2025-12-12 11:09:15,122 - chat - INFO - Initializing user statuses for existing chats...
2025-12-12 11:09:15,151 - chat - INFO - User statuses initialized successfully
2025-12-12 11:09:15,192 - api.faqs - INFO - SQLAlchemy version: 2.0.41
2025-12-12 11:09:15,222 - api.faqs - INFO - Текущие столбцы таблицы faqs: ['id', 'question', 'answer', 'category', 'created_at', 'updated_at', 'views_count', 'helpful_count', 'not_helpful_count', 'content_html', 'department', 'is_general']
2025-12-12 11:11:38,765 - services.admin_manager - INFO - 🔧 AdminManager using database: portaladmins_db at localhost:5432
2025-12-12 11:11:38,825 - services.admin_manager - INFO - 📋 Admin table columns: ['id', 'username', 'service_id', 'is_active', 'permissions', 'created_at', 'updated_at', 'email']
2025-12-12 11:11:38,828 - services.admin_manager - WARNING - Таблица 'reset_tokens' не найдена в базе данных
2025-12-12 11:11:38,920 - services.jwt_utils - INFO - JWT Configuration: ALGORITHM=HS256, ACCESS_TOKEN_EXPIRE_MINUTES=1440
2025-12-12 11:11:38,920 - services.jwt_utils - INFO - SECRET_KEY установлена: Да
2025-12-12 11:11:38,921 - services.jwt_utils - INFO - JWTService инициализирован с настройками: {'access_token_expire_minutes': 500, 'refresh_token_expire_days': 1, 'algorithm': 'HS512'}
2025-12-12 11:11:39,063 - api.auth - INFO - Loaded 1 reset tokens from storage
2025-12-12 11:11:39,710 - chat - INFO - Таблицы успешно созданы или уже существуют.
2025-12-12 11:11:39,710 - chat - INFO - Initializing user statuses for existing chats...
2025-12-12 11:11:39,739 - chat - INFO - User statuses initialized successfully
2025-12-12 11:11:39,781 - api.faqs - INFO - SQLAlchemy version: 2.0.41
2025-12-12 11:11:39,813 - api.faqs - INFO - Текущие столбцы таблицы faqs: ['id', 'question', 'answer', 'category', 'created_at', 'updated_at', 'views_count', 'helpful_count', 'not_helpful_count', 'content_html', 'department', 'is_general']
2025-12-12 11:14:31,537 - services.admin_manager - INFO - 🔧 AdminManager using database: portaladmins_db at localhost:5432
2025-12-12 11:14:31,592 - services.admin_manager - INFO - 📋 Admin table columns: ['id', 'username', 'service_id', 'is_active', 'permissions', 'created_at', 'updated_at', 'email']
2025-12-12 11:14:31,595 - services.admin_manager - WARNING - Таблица 'reset_tokens' не найдена в базе данных
2025-12-12 11:14:31,675 - services.jwt_utils - INFO - JWT Configuration: ALGORITHM=HS256, ACCESS_TOKEN_EXPIRE_MINUTES=1440
2025-12-12 11:14:31,676 - services.jwt_utils - INFO - SECRET_KEY установлена: Да
2025-12-12 11:14:31,676 - services.jwt_utils - INFO - JWTService инициализирован с настройками: {'access_token_expire_minutes': 500, 'refresh_token_expire_days': 1, 'algorithm': 'HS512'}
2025-12-12 11:14:31,808 - api.auth - INFO - Loaded 1 reset tokens from storage
2025-12-12 11:14:32,414 - chat - INFO - Таблицы успешно созданы или уже существуют.
2025-12-12 11:14:32,415 - chat - INFO - Initializing user statuses for existing chats...
2025-12-12 11:14:32,443 - chat - INFO - User statuses initialized successfully
2025-12-12 11:14:32,488 - api.faqs - INFO - SQLAlchemy version: 2.0.41
2025-12-12 11:14:32,518 - api.faqs - INFO - Текущие столбцы таблицы faqs: ['id', 'question', 'answer', 'category', 'created_at', 'updated_at', 'views_count', 'helpful_count', 'not_helpful_count', 'content_html', 'department', 'is_general']
2025-12-12 11:14:36,720 - services.admin_manager - INFO - 🔧 AdminManager using database: portaladmins_db at localhost:5432
2025-12-12 11:14:36,777 - services.admin_manager - INFO - 📋 Admin table columns: ['id', 'username', 'service_id', 'is_active', 'permissions', 'created_at', 'updated_at', 'email']
2025-12-12 11:14:36,780 - services.admin_manager - WARNING - Таблица 'reset_tokens' не найдена в базе данных
2025-12-12 11:14:36,868 - services.jwt_utils - INFO - JWT Configuration: ALGORITHM=HS256, ACCESS_TOKEN_EXPIRE_MINUTES=1440
2025-12-12 11:14:36,868 - services.jwt_utils - INFO - SECRET_KEY установлена: Да
2025-12-12 11:14:36,868 - services.jwt_utils - INFO - JWTService инициализирован с настройками: {'access_token_expire_minutes': 500, 'refresh_token_expire_days': 1, 'algorithm': 'HS512'}
2025-12-12 11:14:37,007 - api.auth - INFO - Loaded 1 reset tokens from storage
2025-12-12 11:14:37,602 - chat - INFO - Таблицы успешно созданы или уже существуют.
2025-12-12 11:14:37,603 - chat - INFO - Initializing user statuses for existing chats...
2025-12-12 11:14:37,634 - chat - INFO - User statuses initialized successfully
2025-12-12 11:14:37,676 - api.faqs - INFO - SQLAlchemy version: 2.0.41
2025-12-12 11:14:37,707 - api.faqs - INFO - Текущие столбцы таблицы faqs: ['id', 'question', 'answer', 'category', 'created_at', 'updated_at', 'views_count', 'helpful_count', 'not_helpful_count', 'content_html', 'department', 'is_general']
2025-12-12 11:15:23,004 - services.admin_manager - INFO - 🔧 AdminManager using database: portaladmins_db at localhost:5432
2025-12-12 11:15:23,058 - services.admin_manager - INFO - 📋 Admin table columns: ['id', 'username', 'service_id', 'is_active', 'permissions', 'created_at', 'updated_at', 'email']
2025-12-12 11:15:23,061 - services.admin_manager - WARNING - Таблица 'reset_tokens' не найдена в базе данных
2025-12-12 11:15:23,142 - services.jwt_utils - INFO - JWT Configuration: ALGORITHM=HS256, ACCESS_TOKEN_EXPIRE_MINUTES=1440
2025-12-12 11:15:23,142 - services.jwt_utils - INFO - SECRET_KEY установлена: Да
2025-12-12 11:15:23,142 - services.jwt_utils - INFO - JWTService инициализирован с настройками: {'access_token_expire_minutes': 500, 'refresh_token_expire_days': 1, 'algorithm': 'HS512'}
2025-12-12 11:15:23,278 - api.auth - INFO - Loaded 1 reset tokens from storage
2025-12-12 11:15:23,876 - chat - INFO - Таблицы успешно созданы или уже существуют.
2025-12-12 11:15:23,876 - chat - INFO - Initializing user statuses for existing chats...
2025-12-12 11:15:23,902 - chat - INFO - User statuses initialized successfully
2025-12-12 11:15:23,943 - api.faqs - INFO - SQLAlchemy version: 2.0.41
2025-12-12 11:15:23,971 - api.faqs - INFO - Текущие столбцы таблицы faqs: ['id', 'question', 'answer', 'category', 'created_at', 'updated_at', 'views_count', 'helpful_count', 'not_helpful_count', 'content_html', 'department', 'is_general']
2025-12-12 11:15:24,923 - services.admin_manager - INFO - 🔧 AdminManager using database: portaladmins_db at localhost:5432
2025-12-12 11:15:24,976 - services.admin_manager - INFO - 📋 Admin table columns: ['id', 'username', 'service_id', 'is_active', 'permissions', 'created_at', 'updated_at', 'email']
2025-12-12 11:15:24,978 - services.admin_manager - WARNING - Таблица 'reset_tokens' не найдена в базе данных
2025-12-12 11:15:25,057 - services.jwt_utils - INFO - JWT Configuration: ALGORITHM=HS256, ACCESS_TOKEN_EXPIRE_MINUTES=1440
2025-12-12 11:15:25,058 - services.jwt_utils - INFO - SECRET_KEY установлена: Да
2025-12-12 11:15:25,058 - services.jwt_utils - INFO - JWTService инициализирован с настройками: {'access_token_expire_minutes': 500, 'refresh_token_expire_days': 1, 'algorithm': 'HS512'}
2025-12-12 11:15:25,190 - api.auth - INFO - Loaded 1 reset tokens from storage
2025-12-12 11:15:25,754 - chat - INFO - Таблицы успешно созданы или уже существуют.
2025-12-12 11:15:25,754 - chat - INFO - Initializing user statuses for existing chats...
2025-12-12 11:15:25,784 - chat - INFO - User statuses initialized successfully
2025-12-12 11:15:25,829 - api.faqs - INFO - SQLAlchemy version: 2.0.41
2025-12-12 11:15:25,859 - api.faqs - INFO - Текущие столбцы таблицы faqs: ['id', 'question', 'answer', 'category', 'created_at', 'updated_at', 'views_count', 'helpful_count', 'not_helpful_count', 'content_html', 'department', 'is_general']
2025-12-12 11:15:47,482 - services.admin_manager - INFO - 🔧 AdminManager using database: portaladmins_db at localhost:5432
2025-12-12 11:15:47,535 - services.admin_manager - INFO - 📋 Admin table columns: ['id', 'username', 'service_id', 'is_active', 'permissions', 'created_at', 'updated_at', 'email']
2025-12-12 11:15:47,538 - services.admin_manager - WARNING - Таблица 'reset_tokens' не найдена в базе данных
2025-12-12 11:15:47,617 - services.jwt_utils - INFO - JWT Configuration: ALGORITHM=HS256, ACCESS_TOKEN_EXPIRE_MINUTES=1440
2025-12-12 11:15:47,617 - services.jwt_utils - INFO - SECRET_KEY установлена: Да
2025-12-12 11:15:47,618 - services.jwt_utils - INFO - JWTService инициализирован с настройками: {'access_token_expire_minutes': 500, 'refresh_token_expire_days': 1, 'algorithm': 'HS512'}
2025-12-12 11:15:47,750 - api.auth - INFO - Loaded 1 reset tokens from storage
2025-12-12 11:15:48,323 - chat - INFO - Таблицы успешно созданы или уже существуют.
2025-12-12 11:15:48,323 - chat - INFO - Initializing user statuses for existing chats...
2025-12-12 11:15:48,361 - chat - INFO - User statuses initialized successfully
2025-12-12 11:15:48,404 - api.faqs - INFO - SQLAlchemy version: 2.0.41
2025-12-12 11:15:48,436 - api.faqs - INFO - Текущие столбцы таблицы faqs: ['id', 'question', 'answer', 'category', 'created_at', 'updated_at', 'views_count', 'helpful_count', 'not_helpful_count', 'content_html', 'department', 'is_general']
2025-12-12 11:15:53,000 - services.admin_manager - INFO - 🔧 AdminManager using database: portaladmins_db at localhost:5432
2025-12-12 11:15:53,056 - services.admin_manager - INFO - 📋 Admin table columns: ['id', 'username', 'service_id', 'is_active', 'permissions', 'created_at', 'updated_at', 'email']
2025-12-12 11:15:53,058 - services.admin_manager - WARNING - Таблица 'reset_tokens' не найдена в базе данных
2025-12-12 11:15:53,147 - services.jwt_utils - INFO - JWT Configuration: ALGORITHM=HS256, ACCESS_TOKEN_EXPIRE_MINUTES=1440
2025-12-12 11:15:53,147 - services.jwt_utils - INFO - SECRET_KEY установлена: Да
2025-12-12 11:15:53,147 - services.jwt_utils - INFO - JWTService инициализирован с настройками: {'access_token_expire_minutes': 500, 'refresh_token_expire_days': 1, 'algorithm': 'HS512'}
2025-12-12 11:15:53,287 - api.auth - INFO - Loaded 1 reset tokens from storage
2025-12-12 11:15:53,863 - chat - INFO - Таблицы успешно созданы или уже существуют.
2025-12-12 11:15:53,863 - chat - INFO - Initializing user statuses for existing chats...
2025-12-12 11:15:53,890 - chat - INFO - User statuses initialized successfully
2025-12-12 11:15:53,932 - api.faqs - INFO - SQLAlchemy version: 2.0.41
2025-12-12 11:15:53,958 - api.faqs - INFO - Текущие столбцы таблицы faqs: ['id', 'question', 'answer', 'category', 'created_at', 'updated_at', 'views_count', 'helpful_count', 'not_helpful_count', 'content_html', 'department', 'is_general']
2025-12-12 11:16:09,207 - services.admin_manager - INFO - 🔧 AdminManager using database: portaladmins_db at localhost:5432
2025-12-12 11:16:09,260 - services.admin_manager - INFO - 📋 Admin table columns: ['id', 'username', 'service_id', 'is_active', 'permissions', 'created_at', 'updated_at', 'email']
2025-12-12 11:16:09,263 - services.admin_manager - WARNING - Таблица 'reset_tokens' не найдена в базе данных
2025-12-12 11:16:09,347 - services.jwt_utils - INFO - JWT Configuration: ALGORITHM=HS256, ACCESS_TOKEN_EXPIRE_MINUTES=1440
2025-12-12 11:16:09,347 - services.jwt_utils - INFO - SECRET_KEY установлена: Да
2025-12-12 11:16:09,348 - services.jwt_utils - INFO - JWTService инициализирован с настройками: {'access_token_expire_minutes': 500, 'refresh_token_expire_days': 1, 'algorithm': 'HS512'}
2025-12-12 11:16:09,485 - api.auth - INFO - Loaded 1 reset tokens from storage
2025-12-12 11:16:10,096 - chat - INFO - Таблицы успешно созданы или уже существуют.
2025-12-12 11:16:10,096 - chat - INFO - Initializing user statuses for existing chats...
2025-12-12 11:16:10,126 - chat - INFO - User statuses initialized successfully
2025-12-12 11:16:10,170 - api.faqs - INFO - SQLAlchemy version: 2.0.41
2025-12-12 11:16:10,199 - api.faqs - INFO - Текущие столбцы таблицы faqs: ['id', 'question', 'answer', 'category', 'created_at', 'updated_at', 'views_count', 'helpful_count', 'not_helpful_count', 'content_html', 'department', 'is_general']
2025-12-12 11:16:11,719 - services.admin_manager - INFO - 🔧 AdminManager using database: portaladmins_db at localhost:5432
2025-12-12 11:16:11,774 - services.admin_manager - INFO - 📋 Admin table columns: ['id', 'username', 'service_id', 'is_active', 'permissions', 'created_at', 'updated_at', 'email']
2025-12-12 11:16:11,776 - services.admin_manager - WARNING - Таблица 'reset_tokens' не найдена в базе данных
2025-12-12 11:16:11,857 - services.jwt_utils - INFO - JWT Configuration: ALGORITHM=HS256, ACCESS_TOKEN_EXPIRE_MINUTES=1440
2025-12-12 11:16:11,857 - services.jwt_utils - INFO - SECRET_KEY установлена: Да
2025-12-12 11:16:11,858 - services.jwt_utils - INFO - JWTService инициализирован с настройками: {'access_token_expire_minutes': 500, 'refresh_token_expire_days': 1, 'algorithm': 'HS512'}
2025-12-12 11:16:11,988 - api.auth - INFO - Loaded 1 reset tokens from storage
2025-12-12 11:16:12,576 - chat - INFO - Таблицы успешно созданы или уже существуют.
2025-12-12 11:16:12,576 - chat - INFO - Initializing user statuses for existing chats...
2025-12-12 11:16:12,601 - chat - INFO - User statuses initialized successfully
2025-12-12 11:16:12,640 - api.faqs - INFO - SQLAlchemy version: 2.0.41
2025-12-12 11:16:12,668 - api.faqs - INFO - Текущие столбцы таблицы faqs: ['id', 'question', 'answer', 'category', 'created_at', 'updated_at', 'views_count', 'helpful_count', 'not_helpful_count', 'content_html', 'department', 'is_general']
2025-12-12 11:16:54,910 - services.admin_manager - INFO - 🔧 AdminManager using database: portaladmins_db at localhost:5432
2025-12-12 11:16:54,964 - services.admin_manager - INFO - 📋 Admin table columns: ['id', 'username', 'service_id', 'is_active', 'permissions', 'created_at', 'updated_at', 'email']
2025-12-12 11:16:54,967 - services.admin_manager - WARNING - Таблица 'reset_tokens' не найдена в базе данных
2025-12-12 11:16:55,046 - services.jwt_utils - INFO - JWT Configuration: ALGORITHM=HS256, ACCESS_TOKEN_EXPIRE_MINUTES=1440
2025-12-12 11:16:55,047 - services.jwt_utils - INFO - SECRET_KEY установлена: Да
2025-12-12 11:16:55,047 - services.jwt_utils - INFO - JWTService инициализирован с настройками: {'access_token_expire_minutes': 500, 'refresh_token_expire_days': 1, 'algorithm': 'HS512'}
2025-12-12 11:16:55,178 - api.auth - INFO - Loaded 1 reset tokens from storage
2025-12-12 11:16:55,751 - chat - INFO - Таблицы успешно созданы или уже существуют.
2025-12-12 11:16:55,752 - chat - INFO - Initializing user statuses for existing chats...
2025-12-12 11:16:55,779 - chat - INFO - User statuses initialized successfully
2025-12-12 11:16:55,820 - api.faqs - INFO - SQLAlchemy version: 2.0.41
2025-12-12 11:16:55,855 - api.faqs - INFO - Текущие столбцы таблицы faqs: ['id', 'question', 'answer', 'category', 'created_at', 'updated_at', 'views_count', 'helpful_count', 'not_helpful_count', 'content_html', 'department', 'is_general']
2025-12-12 11:17:05,687 - services.admin_manager - INFO - 🔧 AdminManager using database: portaladmins_db at localhost:5432
2025-12-12 11:17:05,744 - services.admin_manager - INFO - 📋 Admin table columns: ['id', 'username', 'service_id', 'is_active', 'permissions', 'created_at', 'updated_at', 'email']
2025-12-12 11:17:05,747 - services.admin_manager - WARNING - Таблица 'reset_tokens' не найдена в базе данных
2025-12-12 11:17:05,831 - services.jwt_utils - INFO - JWT Configuration: ALGORITHM=HS256, ACCESS_TOKEN_EXPIRE_MINUTES=1440
2025-12-12 11:17:05,831 - services.jwt_utils - INFO - SECRET_KEY установлена: Да
2025-12-12 11:17:05,832 - services.jwt_utils - INFO - JWTService инициализирован с настройками: {'access_token_expire_minutes': 500, 'refresh_token_expire_days': 1, 'algorithm': 'HS512'}
2025-12-12 11:17:05,977 - api.auth - INFO - Loaded 1 reset tokens from storage
2025-12-12 11:17:06,645 - chat - INFO - Таблицы успешно созданы или уже существуют.
2025-12-12 11:17:06,645 - chat - INFO - Initializing user statuses for existing chats...
2025-12-12 11:17:06,674 - chat - INFO - User statuses initialized successfully
2025-12-12 11:17:06,720 - api.faqs - INFO - SQLAlchemy version: 2.0.41
2025-12-12 11:17:06,754 - api.faqs - INFO - Текущие столбцы таблицы faqs: ['id', 'question', 'answer', 'category', 'created_at', 'updated_at', 'views_count', 'helpful_count', 'not_helpful_count', 'content_html', 'department', 'is_general']
2025-12-12 11:17:13,028 - services.admin_manager - INFO - 🔧 AdminManager using database: portaladmins_db at localhost:5432
2025-12-12 11:17:13,083 - services.admin_manager - INFO - 📋 Admin table columns: ['id', 'username', 'service_id', 'is_active', 'permissions', 'created_at', 'updated_at', 'email']
2025-12-12 11:17:13,086 - services.admin_manager - WARNING - Таблица 'reset_tokens' не найдена в базе данных
2025-12-12 11:17:13,170 - services.jwt_utils - INFO - JWT Configuration: ALGORITHM=HS256, ACCESS_TOKEN_EXPIRE_MINUTES=1440
2025-12-12 11:17:13,171 - services.jwt_utils - INFO - SECRET_KEY установлена: Да
2025-12-12 11:17:13,171 - services.jwt_utils - INFO - JWTService инициализирован с настройками: {'access_token_expire_minutes': 500, 'refresh_token_expire_days': 1, 'algorithm': 'HS512'}
2025-12-12 11:17:13,308 - api.auth - INFO - Loaded 1 reset tokens from storage
2025-12-12 11:17:13,910 - chat - INFO - Таблицы успешно созданы или уже существуют.
2025-12-12 11:17:13,910 - chat - INFO - Initializing user statuses for existing chats...
2025-12-12 11:17:13,937 - chat - INFO - User statuses initialized successfully
2025-12-12 11:17:13,981 - api.faqs - INFO - SQLAlchemy version: 2.0.41
2025-12-12 11:17:14,009 - api.faqs - INFO - Текущие столбцы таблицы faqs: ['id', 'question', 'answer', 'category', 'created_at', 'updated_at', 'views_count', 'helpful_count', 'not_helpful_count', 'content_html', 'department', 'is_general']
2025-12-12 11:17:15,912 - services.admin_manager - INFO - 🔧 AdminManager using database: portaladmins_db at localhost:5432
2025-12-12 11:17:15,972 - services.admin_manager - INFO - 📋 Admin table columns: ['id', 'username', 'service_id', 'is_active', 'permissions', 'created_at', 'updated_at', 'email']
2025-12-12 11:17:15,975 - services.admin_manager - WARNING - Таблица 'reset_tokens' не найдена в базе данных
2025-12-12 11:17:16,056 - services.jwt_utils - INFO - JWT Configuration: ALGORITHM=HS256, ACCESS_TOKEN_EXPIRE_MINUTES=1440
2025-12-12 11:17:16,056 - services.jwt_utils - INFO - SECRET_KEY установлена: Да
2025-12-12 11:17:16,057 - services.jwt_utils - INFO - JWTService инициализирован с настройками: {'access_token_expire_minutes': 500, 'refresh_token_expire_days': 1, 'algorithm': 'HS512'}
2025-12-12 11:17:16,193 - api.auth - INFO - Loaded 1 reset tokens from storage
2025-12-12 11:17:16,813 - chat - INFO - Таблицы успешно созданы или уже существуют.
2025-12-12 11:17:16,814 - chat - INFO - Initializing user statuses for existing chats...
2025-12-12 11:17:16,843 - chat - INFO - User statuses initialized successfully
2025-12-12 11:17:16,887 - api.faqs - INFO - SQLAlchemy version: 2.0.41
2025-12-12 11:17:16,919 - api.faqs - INFO - Текущие столбцы таблицы faqs: ['id', 'question', 'answer', 'category', 'created_at', 'updated_at', 'views_count', 'helpful_count', 'not_helpful_count', 'content_html', 'department', 'is_general']
2025-12-12 12:49:50,120 - services.admin_manager - INFO - 🔧 AdminManager using database: portaladmins_db at localhost:5432
2025-12-12 12:49:50,172 - services.admin_manager - INFO - 📋 Admin table columns: ['id', 'username', 'service_id', 'is_active', 'permissions', 'created_at', 'updated_at', 'email']
2025-12-12 12:49:50,174 - services.admin_manager - WARNING - Таблица 'reset_tokens' не найдена в базе данных
2025-12-12 12:49:50,255 - services.jwt_utils - INFO - JWT Configuration: ALGORITHM=HS256, ACCESS_TOKEN_EXPIRE_MINUTES=1440
2025-12-12 12:49:50,255 - services.jwt_utils - INFO - SECRET_KEY установлена: Да
2025-12-12 12:49:50,256 - services.jwt_utils - INFO - JWTService инициализирован с настройками: {'access_token_expire_minutes': 500, 'refresh_token_expire_days': 1, 'algorithm': 'HS512'}
2025-12-12 12:49:50,395 - api.auth - INFO - Loaded 1 reset tokens from storage
2025-12-12 12:49:56,469 - services.admin_manager - INFO - 🔧 AdminManager using database: portaladmins_db at localhost:5432
2025-12-12 12:49:56,528 - services.admin_manager - INFO - 📋 Admin table columns: ['id', 'username', 'service_id', 'is_active', 'permissions', 'created_at', 'updated_at', 'email']
2025-12-12 12:49:56,531 - services.admin_manager - WARNING - Таблица 'reset_tokens' не найдена в базе данных
2025-12-12 12:49:56,611 - services.jwt_utils - INFO - JWT Configuration: ALGORITHM=HS256, ACCESS_TOKEN_EXPIRE_MINUTES=1440
2025-12-12 12:49:56,611 - services.jwt_utils - INFO - SECRET_KEY установлена: Да
2025-12-12 12:49:56,611 - services.jwt_utils - INFO - JWTService инициализирован с настройками: {'access_token_expire_minutes': 500, 'refresh_token_expire_days': 1, 'algorithm': 'HS512'}
2025-12-12 12:49:56,738 - api.auth - INFO - Loaded 1 reset tokens from storage
2025-12-12 12:50:14,631 - services.admin_manager - INFO - 🔧 AdminManager using database: portaladmins_db at localhost:5432
2025-12-12 12:50:14,692 - services.admin_manager - INFO - 📋 Admin table columns: ['id', 'username', 'service_id', 'is_active', 'permissions', 'created_at', 'updated_at', 'email']
2025-12-12 12:50:14,694 - services.admin_manager - WARNING - Таблица 'reset_tokens' не найдена в базе данных
2025-12-12 12:50:14,777 - services.jwt_utils - INFO - JWT Configuration: ALGORITHM=HS256, ACCESS_TOKEN_EXPIRE_MINUTES=1440
2025-12-12 12:50:14,777 - services.jwt_utils - INFO - SECRET_KEY установлена: Да
2025-12-12 12:50:14,777 - services.jwt_utils - INFO - JWTService инициализирован с настройками: {'access_token_expire_minutes': 500, 'refresh_token_expire_days': 1, 'algorithm': 'HS512'}
2025-12-12 12:50:14,910 - api.auth - INFO - Loaded 1 reset tokens from storage
2025-12-12 12:50:15,527 - chat - INFO - Таблицы успешно созданы или уже существуют.
2025-12-12 12:50:15,527 - chat - INFO - Initializing user statuses for existing chats...
2025-12-12 12:50:15,557 - chat - INFO - User statuses initialized successfully
2025-12-12 12:50:15,598 - api.faqs - INFO - SQLAlchemy version: 2.0.41
2025-12-12 12:50:15,627 - api.faqs - INFO - Текущие столбцы таблицы faqs: ['id', 'question', 'answer', 'category', 'created_at', 'updated_at', 'views_count', 'helpful_count', 'not_helpful_count', 'content_html', 'department', 'is_general']
2025-12-12 12:53:03,348 - services.admin_manager - INFO - 🔧 AdminManager using database: portaladmins_db at localhost:5432
2025-12-12 12:53:03,401 - services.admin_manager - INFO - 📋 Admin table columns: ['id', 'username', 'service_id', 'is_active', 'permissions', 'created_at', 'updated_at', 'email']
2025-12-12 12:53:03,404 - services.admin_manager - WARNING - Таблица 'reset_tokens' не найдена в базе данных
2025-12-12 12:53:03,483 - services.jwt_utils - INFO - JWT Configuration: ALGORITHM=HS256, ACCESS_TOKEN_EXPIRE_MINUTES=1440
2025-12-12 12:53:03,483 - services.jwt_utils - INFO - SECRET_KEY установлена: Да
2025-12-12 12:53:03,484 - services.jwt_utils - INFO - JWTService инициализирован с настройками: {'access_token_expire_minutes': 500, 'refresh_token_expire_days': 1, 'algorithm': 'HS512'}
2025-12-12 12:53:03,620 - api.auth - INFO - Loaded 1 reset tokens from storage
2025-12-12 12:53:04,201 - chat - INFO - Таблицы успешно созданы или уже существуют.
2025-12-12 12:53:04,201 - chat - INFO - Initializing user statuses for existing chats...
2025-12-12 12:53:04,229 - chat - INFO - User statuses initialized successfully
2025-12-12 12:53:04,270 - api.faqs - INFO - SQLAlchemy version: 2.0.41
2025-12-12 12:53:04,300 - api.faqs - INFO - Текущие столбцы таблицы faqs: ['id', 'question', 'answer', 'category', 'created_at', 'updated_at', 'views_count', 'helpful_count', 'not_helpful_count', 'content_html', 'department', 'is_general']
2025-12-12 12:59:49,749 - services.admin_manager - INFO - 🔧 AdminManager using database: portaladmins_db at localhost:5432
2025-12-12 12:59:49,814 - services.admin_manager - INFO - 📋 Admin table columns: ['id', 'username', 'service_id', 'is_active', 'permissions', 'created_at', 'updated_at', 'email']
2025-12-12 12:59:49,817 - services.admin_manager - WARNING - Таблица 'reset_tokens' не найдена в базе данных
2025-12-12 12:59:49,903 - services.jwt_utils - INFO - JWT Configuration: ALGORITHM=HS256, ACCESS_TOKEN_EXPIRE_MINUTES=1440
2025-12-12 12:59:49,903 - services.jwt_utils - INFO - SECRET_KEY установлена: Да
2025-12-12 12:59:49,904 - services.jwt_utils - INFO - JWTService инициализирован с настройками: {'access_token_expire_minutes': 500, 'refresh_token_expire_days': 1, 'algorithm': 'HS512'}
2025-12-12 12:59:50,035 - api.auth - INFO - Loaded 1 reset tokens from storage
2025-12-12 12:59:50,634 - chat - INFO - Таблицы успешно созданы или уже существуют.
2025-12-12 12:59:50,635 - chat - INFO - Initializing user statuses for existing chats...
2025-12-12 12:59:50,663 - chat - INFO - User statuses initialized successfully
2025-12-12 12:59:50,703 - api.faqs - INFO - SQLAlchemy version: 2.0.41
2025-12-12 12:59:50,740 - api.faqs - INFO - Текущие столбцы таблицы faqs: ['id', 'question', 'answer', 'category', 'created_at', 'updated_at', 'views_count', 'helpful_count', 'not_helpful_count', 'content_html', 'department', 'is_general']
2025-12-12 13:04:05,111 - services.admin_manager - INFO - 🔧 AdminManager using database: portaladmins_db at localhost:5432
2025-12-12 13:04:05,164 - services.admin_manager - INFO - 📋 Admin table columns: ['id', 'username', 'service_id', 'is_active', 'permissions', 'created_at', 'updated_at', 'email']
2025-12-12 13:04:05,166 - services.admin_manager - WARNING - Таблица 'reset_tokens' не найдена в базе данных
2025-12-12 13:04:05,248 - services.jwt_utils - INFO - JWT Configuration: ALGORITHM=HS256, ACCESS_TOKEN_EXPIRE_MINUTES=1440
2025-12-12 13:04:05,248 - services.jwt_utils - INFO - SECRET_KEY установлена: Да
2025-12-12 13:04:05,248 - services.jwt_utils - INFO - JWTService инициализирован с настройками: {'access_token_expire_minutes': 500, 'refresh_token_expire_days': 1, 'algorithm': 'HS512'}
2025-12-12 13:04:05,381 - api.auth - INFO - Loaded 1 reset tokens from storage
2025-12-12 13:05:22,839 - services.admin_manager - INFO - 🔧 AdminManager using database: portaladmins_db at localhost:5432
2025-12-12 13:05:22,899 - services.admin_manager - INFO - 📋 Admin table columns: ['id', 'username', 'service_id', 'is_active', 'permissions', 'created_at', 'updated_at', 'email']
2025-12-12 13:05:22,901 - services.admin_manager - WARNING - Таблица 'reset_tokens' не найдена в базе данных
2025-12-12 13:05:22,983 - services.jwt_utils - INFO - JWT Configuration: ALGORITHM=HS256, ACCESS_TOKEN_EXPIRE_MINUTES=1440
2025-12-12 13:05:22,984 - services.jwt_utils - INFO - SECRET_KEY установлена: Да
2025-12-12 13:05:22,984 - services.jwt_utils - INFO - JWTService инициализирован с настройками: {'access_token_expire_minutes': 500, 'refresh_token_expire_days': 1, 'algorithm': 'HS512'}
2025-12-12 13:05:23,118 - api.auth - INFO - Loaded 1 reset tokens from storage
2025-12-12 13:05:23,720 - chat - INFO - Таблицы успешно созданы или уже существуют.
2025-12-12 13:05:23,720 - chat - INFO - Initializing user statuses for existing chats...
2025-12-12 13:05:23,749 - chat - INFO - User statuses initialized successfully
2025-12-12 13:05:23,798 - api.faqs - INFO - SQLAlchemy version: 2.0.41
2025-12-12 13:05:23,828 - api.faqs - INFO - Текущие столбцы таблицы faqs: ['id', 'question', 'answer', 'category', 'created_at', 'updated_at', 'views_count', 'helpful_count', 'not_helpful_count', 'content_html', 'department', 'is_general']
2025-12-12 13:07:38,969 - services.admin_manager - INFO - 🔧 AdminManager using database: portaladmins_db at localhost:5432
2025-12-12 13:07:39,026 - services.admin_manager - INFO - 📋 Admin table columns: ['id', 'username', 'service_id', 'is_active', 'permissions', 'created_at', 'updated_at', 'email']
2025-12-12 13:07:39,029 - services.admin_manager - WARNING - Таблица 'reset_tokens' не найдена в базе данных
2025-12-12 13:07:39,111 - services.jwt_utils - INFO - JWT Configuration: ALGORITHM=HS256, ACCESS_TOKEN_EXPIRE_MINUTES=1440
2025-12-12 13:07:39,111 - services.jwt_utils - INFO - SECRET_KEY установлена: Да
2025-12-12 13:07:39,112 - services.jwt_utils - INFO - JWTService инициализирован с настройками: {'access_token_expire_minutes': 500, 'refresh_token_expire_days': 1, 'algorithm': 'HS512'}
2025-12-12 13:07:39,244 - api.auth - INFO - Loaded 1 reset tokens from storage
2025-12-12 13:07:39,855 - chat - INFO - Таблицы успешно созданы или уже существуют.
2025-12-12 13:07:39,855 - chat - INFO - Initializing user statuses for existing chats...
2025-12-12 13:07:39,882 - chat - INFO - User statuses initialized successfully
2025-12-12 13:07:39,926 - api.faqs - INFO - SQLAlchemy version: 2.0.41
2025-12-12 13:07:39,956 - api.faqs - INFO - Текущие столбцы таблицы faqs: ['id', 'question', 'answer', 'category', 'created_at', 'updated_at', 'views_count', 'helpful_count', 'not_helpful_count', 'content_html', 'department', 'is_general']
2025-12-12 13:08:24,360 - services.admin_manager - INFO - 🔧 AdminManager using database: portaladmins_db at localhost:5432
2025-12-12 13:08:24,414 - services.admin_manager - INFO - 📋 Admin table columns: ['id', 'username', 'service_id', 'is_active', 'permissions', 'created_at', 'updated_at', 'email']
2025-12-12 13:08:24,416 - services.admin_manager - WARNING - Таблица 'reset_tokens' не найдена в базе данных
2025-12-12 13:08:24,498 - services.jwt_utils - INFO - JWT Configuration: ALGORITHM=HS256, ACCESS_TOKEN_EXPIRE_MINUTES=1440
2025-12-12 13:08:24,498 - services.jwt_utils - INFO - SECRET_KEY установлена: Да
2025-12-12 13:08:24,499 - services.jwt_utils - INFO - JWTService инициализирован с настройками: {'access_token_expire_minutes': 500, 'refresh_token_expire_days': 1, 'algorithm': 'HS512'}
2025-12-12 13:08:24,634 - api.auth - INFO - Loaded 1 reset tokens from storage
2025-12-12 13:08:25,243 - chat - INFO - Таблицы успешно созданы или уже существуют.
2025-12-12 13:08:25,244 - chat - INFO - Initializing user statuses for existing chats...
2025-12-12 13:08:25,271 - chat - INFO - User statuses initialized successfully
2025-12-12 13:08:25,312 - api.faqs - INFO - SQLAlchemy version: 2.0.41
2025-12-12 13:08:25,343 - api.faqs - INFO - Текущие столбцы таблицы faqs: ['id', 'question', 'answer', 'category', 'created_at', 'updated_at', 'views_count', 'helpful_count', 'not_helpful_count', 'content_html', 'department', 'is_general']
2025-12-12 13:52:07,841 - services.admin_manager - INFO - 🔧 AdminManager using database: portaladmins_db at localhost:5432
2025-12-12 13:52:07,903 - services.admin_manager - INFO - 📋 Admin table columns: ['id', 'username', 'service_id', 'is_active', 'permissions', 'created_at', 'updated_at', 'email']
2025-12-12 13:52:07,906 - services.admin_manager - WARNING - Таблица 'reset_tokens' не найдена в базе данных
2025-12-12 13:52:07,999 - services.jwt_utils - INFO - JWT Configuration: ALGORITHM=HS256, ACCESS_TOKEN_EXPIRE_MINUTES=1440
2025-12-12 13:52:07,999 - services.jwt_utils - INFO - SECRET_KEY установлена: Да
2025-12-12 13:52:07,999 - services.jwt_utils - INFO - JWTService инициализирован с настройками: {'access_token_expire_minutes': 500, 'refresh_token_expire_days': 1, 'algorithm': 'HS512'}
2025-12-12 13:52:08,165 - api.auth - INFO - Loaded 1 reset tokens from storage
2025-12-12 13:52:08,829 - chat - INFO - Таблицы успешно созданы или уже существуют.
2025-12-12 13:52:08,830 - chat - INFO - Initializing user statuses for existing chats...
2025-12-12 13:52:08,858 - chat - INFO - User statuses initialized successfully
2025-12-12 13:52:27,273 - services.admin_manager - INFO - 🔧 AdminManager using database: portaladmins_db at localhost:5432
2025-12-12 13:52:27,333 - services.admin_manager - INFO - 📋 Admin table columns: ['id', 'username', 'service_id', 'is_active', 'permissions', 'created_at', 'updated_at', 'email']
2025-12-12 13:52:27,335 - services.admin_manager - WARNING - Таблица 'reset_tokens' не найдена в базе данных
2025-12-12 13:52:27,426 - services.jwt_utils - INFO - JWT Configuration: ALGORITHM=HS256, ACCESS_TOKEN_EXPIRE_MINUTES=1440
2025-12-12 13:52:27,426 - services.jwt_utils - INFO - SECRET_KEY установлена: Да
2025-12-12 13:52:27,426 - services.jwt_utils - INFO - JWTService инициализирован с настройками: {'access_token_expire_minutes': 500, 'refresh_token_expire_days': 1, 'algorithm': 'HS512'}
2025-12-12 13:52:27,566 - api.auth - INFO - Loaded 1 reset tokens from storage
2025-12-12 13:52:28,173 - chat - INFO - Таблицы успешно созданы или уже существуют.
2025-12-12 13:52:28,173 - chat - INFO - Initializing user statuses for existing chats...
2025-12-12 13:52:28,201 - chat - INFO - User statuses initialized successfully
2025-12-12 13:52:28,258 - api.faqs - INFO - SQLAlchemy version: 2.0.41
2025-12-12 13:52:28,291 - api.faqs - INFO - Текущие столбцы таблицы faqs: ['id', 'question', 'answer', 'category', 'created_at', 'updated_at', 'views_count', 'helpful_count', 'not_helpful_count', 'content_html', 'department', 'is_general']
2025-12-14 21:00:30,444 - services.admin_manager - INFO - 🔧 AdminManager using database: portaladmins_db at localhost:5432
2025-12-14 21:00:30,495 - services.admin_manager - INFO - 📋 Admin table columns: ['id', 'username', 'service_id', 'is_active', 'permissions', 'created_at', 'updated_at', 'email']
2025-12-14 21:00:30,498 - services.admin_manager - WARNING - Таблица 'reset_tokens' не найдена в базе данных
2025-12-14 21:00:30,575 - services.jwt_utils - INFO - JWT Configuration: ALGORITHM=HS256, ACCESS_TOKEN_EXPIRE_MINUTES=1440
2025-12-14 21:00:30,575 - services.jwt_utils - INFO - SECRET_KEY установлена: Да
2025-12-14 21:00:30,575 - services.jwt_utils - INFO - JWTService инициализирован с настройками: {'access_token_expire_minutes': 500, 'refresh_token_expire_days': 1, 'algorithm': 'HS512'}
2025-12-14 21:00:30,701 - api.auth - INFO - Loaded 1 reset tokens from storage
2025-12-14 21:00:31,275 - chat - INFO - Таблицы успешно созданы или уже существуют.
2025-12-14 21:00:31,275 - chat - INFO - Initializing user statuses for existing chats...
2025-12-14 21:00:31,302 - chat - INFO - User statuses initialized successfully
2025-12-14 21:00:31,344 - api.faqs - INFO - SQLAlchemy version: 2.0.41
2025-12-14 21:00:31,371 - api.faqs - INFO - Текущие столбцы таблицы faqs: ['id', 'question', 'answer', 'category', 'created_at', 'updated_at', 'views_count', 'helpful_count', 'not_helpful_count', 'content_html', 'department', 'is_general']
2025-12-14 21:01:11,794 - services.admin_manager - INFO - 🔧 AdminManager using database: portaladmins_db at localhost:5432
2025-12-14 21:01:11,844 - services.admin_manager - INFO - 📋 Admin table columns: ['id', 'username', 'service_id', 'is_active', 'permissions', 'created_at', 'updated_at', 'email']
2025-12-14 21:01:11,846 - services.admin_manager - WARNING - Таблица 'reset_tokens' не найдена в базе данных
2025-12-14 21:01:11,919 - services.jwt_utils - INFO - JWT Configuration: ALGORITHM=HS256, ACCESS_TOKEN_EXPIRE_MINUTES=1440
2025-12-14 21:01:11,919 - services.jwt_utils - INFO - SECRET_KEY установлена: Да
2025-12-14 21:01:11,919 - services.jwt_utils - INFO - JWTService инициализирован с настройками: {'access_token_expire_minutes': 500, 'refresh_token_expire_days': 1, 'algorithm': 'HS512'}
2025-12-14 21:01:12,042 - api.auth - INFO - Loaded 1 reset tokens from storage
2025-12-14 21:01:12,562 - chat - INFO - Таблицы успешно созданы или уже существуют.
2025-12-14 21:01:12,562 - chat - INFO - Initializing user statuses for existing chats...
2025-12-14 21:01:12,585 - chat - INFO - User statuses initialized successfully
2025-12-14 21:01:12,623 - api.faqs - INFO - SQLAlchemy version: 2.0.41
2025-12-14 21:01:12,649 - api.faqs - INFO - Текущие столбцы таблицы faqs: ['id', 'question', 'answer', 'category', 'created_at', 'updated_at', 'views_count', 'helpful_count', 'not_helpful_count', 'content_html', 'department', 'is_general']
2025-12-23 14:43:24,814 - services.admin_manager - INFO - 🔧 AdminManager using database: portaladmins_db at localhost:5432
2025-12-23 14:43:25,004 - services.admin_manager - INFO - 📋 Admin table columns: ['id', 'username', 'service_id', 'is_active', 'permissions', 'created_at', 'updated_at', 'email']
2025-12-23 14:43:25,007 - services.admin_manager - WARNING - Таблица 'reset_tokens' не найдена в базе данных
2025-12-23 14:43:25,239 - services.jwt_utils - INFO - JWT Configuration: ALGORITHM=HS256, ACCESS_TOKEN_EXPIRE_MINUTES=1440
2025-12-23 14:43:25,240 - services.jwt_utils - INFO - SECRET_KEY установлена: Да
2025-12-23 14:43:25,240 - services.jwt_utils - INFO - JWTService инициализирован с настройками: {'access_token_expire_minutes': 500, 'refresh_token_expire_days': 1, 'algorithm': 'HS512'}
2025-12-23 14:43:25,488 - api.auth - INFO - Loaded 1 reset tokens from storage
2025-12-23 14:43:26,659 - chat - INFO - Таблицы успешно созданы или уже существуют.
2025-12-23 14:43:26,659 - chat - INFO - Initializing user statuses for existing chats...
2025-12-23 14:43:26,709 - chat - INFO - User statuses initialized successfully
2025-12-23 14:43:26,766 - api.faqs - INFO - SQLAlchemy version: 2.0.41
2025-12-23 14:43:26,855 - api.faqs - INFO - Текущие столбцы таблицы faqs: ['id', 'question', 'answer', 'category', 'created_at', 'updated_at', 'views_count', 'helpful_count', 'not_helpful_count', 'content_html', 'department', 'is_general']
2025-12-23 14:47:22,851 - services.admin_manager - INFO - 🔧 AdminManager using database: portaladmins_db at localhost:5432
2025-12-23 14:47:23,054 - services.admin_manager - INFO - 📋 Admin table columns: ['id', 'username', 'service_id', 'is_active', 'permissions', 'created_at', 'updated_at', 'email']
2025-12-23 14:47:23,058 - services.admin_manager - WARNING - Таблица 'reset_tokens' не найдена в базе данных
2025-12-23 14:47:23,293 - services.jwt_utils - INFO - JWT Configuration: ALGORITHM=HS256, ACCESS_TOKEN_EXPIRE_MINUTES=1440
2025-12-23 14:47:23,294 - services.jwt_utils - INFO - SECRET_KEY установлена: Да
2025-12-23 14:47:23,294 - services.jwt_utils - INFO - JWTService инициализирован с настройками: {'access_token_expire_minutes': 500, 'refresh_token_expire_days': 1, 'algorithm': 'HS512'}
2025-12-23 14:47:23,521 - api.auth - INFO - Loaded 1 reset tokens from storage
2025-12-23 14:47:24,647 - chat - INFO - Таблицы успешно созданы или уже существуют.
2025-12-23 14:47:24,647 - chat - INFO - Initializing user statuses for existing chats...
2025-12-23 14:47:24,714 - chat - INFO - User statuses initialized successfully
2025-12-23 14:47:24,778 - api.faqs - INFO - SQLAlchemy version: 2.0.41
2025-12-23 14:47:24,870 - api.faqs - INFO - Текущие столбцы таблицы faqs: ['id', 'question', 'answer', 'category', 'created_at', 'updated_at', 'views_count', 'helpful_count', 'not_helpful_count', 'content_html', 'department', 'is_general']
2025-12-23 14:51:56,987 - services.admin_manager - INFO - 🔧 AdminManager using database: portaladmins_db at localhost:5432
2025-12-23 14:51:57,058 - services.admin_manager - INFO - 📋 Admin table columns: ['id', 'username', 'service_id', 'is_active', 'permissions', 'created_at', 'updated_at', 'email']
2025-12-23 14:51:57,061 - services.admin_manager - WARNING - Таблица 'reset_tokens' не найдена в базе данных
2025-12-23 14:51:57,163 - services.jwt_utils - INFO - JWT Configuration: ALGORITHM=HS256, ACCESS_TOKEN_EXPIRE_MINUTES=1440
2025-12-23 14:51:57,164 - services.jwt_utils - INFO - SECRET_KEY установлена: Да
2025-12-23 14:51:57,164 - services.jwt_utils - INFO - JWTService инициализирован с настройками: {'access_token_expire_minutes': 500, 'refresh_token_expire_days': 1, 'algorithm': 'HS512'}
2025-12-23 14:51:57,369 - api.auth - INFO - Loaded 1 reset tokens from storage
2025-12-23 14:51:58,030 - chat - INFO - Таблицы успешно созданы или уже существуют.
2025-12-23 14:51:58,031 - chat - INFO - Initializing user statuses for existing chats...
2025-12-23 14:51:58,068 - chat - INFO - User statuses initialized successfully
2025-12-23 14:51:58,114 - api.faqs - INFO - SQLAlchemy version: 2.0.41
2025-12-23 14:51:58,153 - api.faqs - INFO - Текущие столбцы таблицы faqs: ['id', 'question', 'answer', 'category', 'created_at', 'updated_at', 'views_count', 'helpful_count', 'not_helpful_count', 'content_html', 'department', 'is_general']
2025-12-23 15:00:00,223 - services.admin_manager - INFO - 🔧 AdminManager using database: portaladmins_db at localhost:5432
2025-12-23 15:00:00,288 - services.admin_manager - INFO - 📋 Admin table columns: ['id', 'username', 'service_id', 'is_active', 'permissions', 'created_at', 'updated_at', 'email']
2025-12-23 15:00:00,292 - services.admin_manager - WARNING - Таблица 'reset_tokens' не найдена в базе данных
2025-12-23 15:00:00,380 - services.jwt_utils - INFO - JWT Configuration: ALGORITHM=HS256, ACCESS_TOKEN_EXPIRE_MINUTES=1440
2025-12-23 15:00:00,380 - services.jwt_utils - INFO - SECRET_KEY установлена: Да
2025-12-23 15:00:00,381 - services.jwt_utils - INFO - JWTService инициализирован с настройками: {'access_token_expire_minutes': 500, 'refresh_token_expire_days': 1, 'algorithm': 'HS512'}
2025-12-23 15:00:00,517 - api.auth - INFO - Loaded 1 reset tokens from storage
2025-12-23 15:00:01,146 - chat - INFO - Таблицы успешно созданы или уже существуют.
2025-12-23 15:00:01,146 - chat - INFO - Initializing user statuses for existing chats...
2025-12-23 15:00:01,182 - chat - INFO - User statuses initialized successfully
2025-12-23 15:00:01,239 - api.faqs - INFO - SQLAlchemy version: 2.0.41
2025-12-23 15:00:01,282 - api.faqs - INFO - Текущие столбцы таблицы faqs: ['id', 'question', 'answer', 'category', 'created_at', 'updated_at', 'views_count', 'helpful_count', 'not_helpful_count', 'content_html', 'department', 'is_general']
2025-12-23 15:01:25,327 - services.admin_manager - INFO - 🔧 AdminManager using database: portaladmins_db at localhost:5432
2025-12-23 15:01:25,393 - services.admin_manager - INFO - 📋 Admin table columns: ['id', 'username', 'service_id', 'is_active', 'permissions', 'created_at', 'updated_at', 'email']
2025-12-23 15:01:25,396 - services.admin_manager - WARNING - Таблица 'reset_tokens' не найдена в базе данных
2025-12-23 15:01:25,481 - services.jwt_utils - INFO - JWT Configuration: ALGORITHM=HS256, ACCESS_TOKEN_EXPIRE_MINUTES=1440
2025-12-23 15:01:25,481 - services.jwt_utils - INFO - SECRET_KEY установлена: Да
2025-12-23 15:01:25,482 - services.jwt_utils - INFO - JWTService инициализирован с настройками: {'access_token_expire_minutes': 500, 'refresh_token_expire_days': 1, 'algorithm': 'HS512'}
2025-12-23 15:01:25,627 - api.auth - INFO - Loaded 1 reset tokens from storage
2025-12-23 15:01:26,293 - chat - INFO - Таблицы успешно созданы или уже существуют.
2025-12-23 15:01:26,293 - chat - INFO - Initializing user statuses for existing chats...
2025-12-23 15:01:26,327 - chat - INFO - User statuses initialized successfully
2025-12-23 15:01:26,375 - api.faqs - INFO - SQLAlchemy version: 2.0.41
2025-12-23 15:01:26,412 - api.faqs - INFO - Текущие столбцы таблицы faqs: ['id', 'question', 'answer', 'category', 'created_at', 'updated_at', 'views_count', 'helpful_count', 'not_helpful_count', 'content_html', 'department', 'is_general']
2025-12-23 15:02:05,469 - services.admin_manager - INFO - 🔧 AdminManager using database: portaladmins_db at localhost:5432
2025-12-23 15:02:05,523 - services.admin_manager - INFO - 📋 Admin table columns: ['id', 'username', 'service_id', 'is_active', 'permissions', 'created_at', 'updated_at', 'email']
2025-12-23 15:02:05,526 - services.admin_manager - WARNING - Таблица 'reset_tokens' не найдена в базе данных
2025-12-23 15:02:05,612 - services.jwt_utils - INFO - JWT Configuration: ALGORITHM=HS256, ACCESS_TOKEN_EXPIRE_MINUTES=1440
2025-12-23 15:02:05,613 - services.jwt_utils - INFO - SECRET_KEY установлена: Да
2025-12-23 15:02:05,613 - services.jwt_utils - INFO - JWTService инициализирован с настройками: {'access_token_expire_minutes': 500, 'refresh_token_expire_days': 1, 'algorithm': 'HS512'}
2025-12-23 15:02:05,769 - api.auth - INFO - Loaded 1 reset tokens from storage
2025-12-23 15:02:06,407 - chat - INFO - Таблицы успешно созданы или уже существуют.
2025-12-23 15:02:06,407 - chat - INFO - Initializing user statuses for existing chats...
2025-12-23 15:02:06,439 - chat - INFO - User statuses initialized successfully
2025-12-23 15:02:06,491 - api.faqs - INFO - SQLAlchemy version: 2.0.41
2025-12-23 15:02:06,528 - api.faqs - INFO - Текущие столбцы таблицы faqs: ['id', 'question', 'answer', 'category', 'created_at', 'updated_at', 'views_count', 'helpful_count', 'not_helpful_count', 'content_html', 'department', 'is_general']
2025-12-23 15:18:04,524 - services.admin_manager - INFO - 🔧 AdminManager using database: portaladmins_db at localhost:5432
2025-12-23 15:18:04,584 - services.admin_manager - INFO - 📋 Admin table columns: ['id', 'username', 'service_id', 'is_active', 'permissions', 'created_at', 'updated_at', 'email']
2025-12-23 15:18:04,586 - services.admin_manager - WARNING - Таблица 'reset_tokens' не найдена в базе данных
2025-12-23 15:18:04,672 - services.jwt_utils - INFO - JWT Configuration: ALGORITHM=HS256, ACCESS_TOKEN_EXPIRE_MINUTES=1440
2025-12-23 15:18:04,672 - services.jwt_utils - INFO - SECRET_KEY установлена: Да
2025-12-23 15:18:04,673 - services.jwt_utils - INFO - JWTService инициализирован с настройками: {'access_token_expire_minutes': 500, 'refresh_token_expire_days': 1, 'algorithm': 'HS512'}
2025-12-23 15:18:04,812 - api.auth - INFO - Loaded 1 reset tokens from storage
2025-12-23 15:18:05,426 - chat - INFO - Таблицы успешно созданы или уже существуют.
2025-12-23 15:18:05,426 - chat - INFO - Initializing user statuses for existing chats...
2025-12-23 15:18:05,462 - chat - INFO - User statuses initialized successfully
2025-12-23 15:18:05,508 - api.faqs - INFO - SQLAlchemy version: 2.0.41
2025-12-23 15:18:05,544 - api.faqs - INFO - Текущие столбцы таблицы faqs: ['id', 'question', 'answer', 'category', 'created_at', 'updated_at', 'views_count', 'helpful_count', 'not_helpful_count', 'content_html', 'department', 'is_general']
2025-12-23 16:44:36,136 - services.admin_manager - INFO - 🔧 AdminManager using database: portaladmins_db at localhost:5432
2025-12-23 16:44:36,194 - services.admin_manager - INFO - 📋 Admin table columns: ['id', 'username', 'service_id', 'is_active', 'permissions', 'created_at', 'updated_at', 'email']
2025-12-23 16:44:36,197 - services.admin_manager - WARNING - Таблица 'reset_tokens' не найдена в базе данных
2025-12-23 16:44:36,278 - services.jwt_utils - INFO - JWT Configuration: ALGORITHM=HS256, ACCESS_TOKEN_EXPIRE_MINUTES=1440
2025-12-23 16:44:36,278 - services.jwt_utils - INFO - SECRET_KEY установлена: Да
2025-12-23 16:44:36,279 - services.jwt_utils - INFO - JWTService инициализирован с настройками: {'access_token_expire_minutes': 500, 'refresh_token_expire_days': 1, 'algorithm': 'HS512'}
2025-12-23 16:44:36,411 - api.auth - INFO - Loaded 1 reset tokens from storage
2025-12-23 16:44:36,989 - chat - INFO - Таблицы успешно созданы или уже существуют.
2025-12-23 16:44:36,989 - chat - INFO - Initializing user statuses for existing chats...
2025-12-23 16:44:37,014 - chat - INFO - User statuses initialized successfully
2025-12-23 16:44:37,055 - api.faqs - INFO - SQLAlchemy version: 2.0.41
2025-12-23 16:44:37,082 - api.faqs - INFO - Текущие столбцы таблицы faqs: ['id', 'question', 'answer', 'category', 'created_at', 'updated_at', 'views_count', 'helpful_count', 'not_helpful_count', 'content_html', 'department', 'is_general']
2025-12-23 16:57:04,418 - services.admin_manager - INFO - 🔧 AdminManager using database: portaladmins_db at localhost:5432
2025-12-23 16:57:04,477 - services.admin_manager - INFO - 📋 Admin table columns: ['id', 'username', 'service_id', 'is_active', 'permissions', 'created_at', 'updated_at', 'email']
2025-12-23 16:57:04,480 - services.admin_manager - WARNING - Таблица 'reset_tokens' не найдена в базе данных
2025-12-23 16:57:04,562 - services.jwt_utils - INFO - JWT Configuration: ALGORITHM=HS256, ACCESS_TOKEN_EXPIRE_MINUTES=1440
2025-12-23 16:57:04,562 - services.jwt_utils - INFO - SECRET_KEY установлена: Да
2025-12-23 16:57:04,562 - services.jwt_utils - INFO - JWTService инициализирован с настройками: {'access_token_expire_minutes': 500, 'refresh_token_expire_days': 1, 'algorithm': 'HS512'}
2025-12-23 16:57:04,699 - api.auth - INFO - Loaded 1 reset tokens from storage
2025-12-23 16:57:05,292 - chat - INFO - Таблицы успешно созданы или уже существуют.
2025-12-23 16:57:05,293 - chat - INFO - Initializing user statuses for existing chats...
2025-12-23 16:57:05,319 - chat - INFO - User statuses initialized successfully
2025-12-23 16:57:05,363 - api.faqs - INFO - SQLAlchemy version: 2.0.41
2025-12-23 16:57:05,395 - api.faqs - INFO - Текущие столбцы таблицы faqs: ['id', 'question', 'answer', 'category', 'created_at', 'updated_at', 'views_count', 'helpful_count', 'not_helpful_count', 'content_html', 'department', 'is_general']
2025-12-23 16:58:32,986 - services.admin_manager - INFO - 🔧 AdminManager using database: portaladmins_db at localhost:5432
2025-12-23 16:58:33,041 - services.admin_manager - INFO - 📋 Admin table columns: ['id', 'username', 'service_id', 'is_active', 'permissions', 'created_at', 'updated_at', 'email']
2025-12-23 16:58:33,044 - services.admin_manager - WARNING - Таблица 'reset_tokens' не найдена в базе данных
2025-12-23 16:58:33,124 - services.jwt_utils - INFO - JWT Configuration: ALGORITHM=HS256, ACCESS_TOKEN_EXPIRE_MINUTES=1440
2025-12-23 16:58:33,124 - services.jwt_utils - INFO - SECRET_KEY установлена: Да
2025-12-23 16:58:33,125 - services.jwt_utils - INFO - JWTService инициализирован с настройками: {'access_token_expire_minutes': 500, 'refresh_token_expire_days': 1, 'algorithm': 'HS512'}
2025-12-23 16:58:33,259 - api.auth - INFO - Loaded 1 reset tokens from storage
2025-12-23 16:58:33,833 - chat - INFO - Таблицы успешно созданы или уже существуют.
2025-12-23 16:58:33,833 - chat - INFO - Initializing user statuses for existing chats...
2025-12-23 16:58:33,857 - chat - INFO - User statuses initialized successfully
2025-12-23 16:58:33,898 - api.faqs - INFO - SQLAlchemy version: 2.0.41
2025-12-23 16:58:33,928 - api.faqs - INFO - Текущие столбцы таблицы faqs: ['id', 'question', 'answer', 'category', 'created_at', 'updated_at', 'views_count', 'helpful_count', 'not_helpful_count', 'content_html', 'department', 'is_general']
